details_pod,productpage_pod,ratings_pod,reviews_pod,details_vCPU,productpage_vCPU,ratings_vCPU,reviews_vCPU,details_cpu,productpage_cpu,ratings_cpu,reviews_cpu,details_mem_,productpage_mem_,ratings_mem_,reviews_mem_,details_mem,productpage_mem,ratings_mem,reviews_mem,details_res,productpage_res,ratings_res,reviews_res,details_req,productpage_req,ratings_req,reviews_req
1.0,1.0,1.0,1.0,0.005940066666666673,0.0070245333333333266,0.006562899999999994,0.0077150333333333284,0.0028286031746031777,0.0027017435897435872,0.0031251904761904733,0.0036738253968253945,64376832.0,68079616.0,49725440.0,39641088.0,0.053293863932291664,0.056359185112847224,0.04116482204861111,0.032816569010416664,0.0,0.0,0.0,0.0,0.0,0.0,0.0,0.0
1.0,1.0,1.0,1.0,0.00641543333333332,0.00647866666666667,0.005966266666666664,0.009171099999999995,0.0030549682539682474,0.002491794871794873,0.0028410793650793637,0.004367190476190473,58900480.0,62291968.0,47493120.0,39665664.0,0.048760308159722224,0.051567925347222224,0.039316813151041664,0.0328369140625,0.0,0.0,0.0,0.0,0.0,0.0,0.0,0.0
1.0,1.0,1.0,1.0,0.006766433333333325,0.0061277666666666635,0.006690466666666669,0.003646333333333329,0.003222111111111107,0.002356833333333332,0.0031859365079365087,0.0017363492063492043,58925056.0,62308352.0,47513600.0,39661568.0,0.04878065321180555,0.051581488715277776,0.03933376736111111,0.03283352322048611,0.0,0.0,0.0,0.0,0.0,0.0,0.0,0.0
1.0,1.0,1.0,1.0,0.006147500000000002,0.010082600000000008,0.006688933333333328,0.007292600000000012,0.002927380952380953,0.0038779230769230796,0.0031852063492063465,0.003472666666666672,55554048.0,59199488.0,41111552.0,34267136.0,0.045989990234375,0.04900783962673611,0.034033881293402776,0.028367784288194444,0.0,0.0,0.0,0.0,0.0,0.0,0.0,0.0
1.0,1.0,1.0,1.0,0.008889366666666672,0.006250233333333337,0.003853699999999997,0.005320633333333339,0.0042330317460317485,0.0024039358974358984,0.0018350952380952366,0.0025336349206349232,55558144.0,59211776.0,41115648.0,34267136.0,0.04599338107638889,0.049018012152777776,0.034037272135416664,0.028367784288194444,0.0,0.0,0.0,0.0,0.0,0.0,0.0,0.0
1.0,1.0,1.0,1.0,0.008308333333333333,0.007060499999999988,0.005710099999999999,0.006235466666666648,0.003956349206349206,0.002715576923076918,0.0027190952380952375,0.0029692698412698325,55169024.0,59219968.0,40947712.0,34140160.0,0.04567125108506945,0.04902479383680555,0.033898247612847224,0.028262668185763888,0.0,0.0,0.0,0.0,0.0,0.0,0.0,0.0
1.0,1.0,1.0,1.0,0.007330966666666682,0.007233433333333335,0.003222866666666668,0.004118200000000005,0.003490936507936516,0.002782089743589744,0.0015346984126984136,0.0019610476190476214,55173120.0,59219968.0,40964096.0,34144256.0,0.045674641927083336,0.04902479383680555,0.033911810980902776,0.028266059027777776,0.0,0.0,0.0,0.0,0.0,0.0,0.0,0.0
1.0,1.0,1.0,1.0,0.0065330666666666495,0.00701043333333334,0.0027107999999999837,0.009213133333333356,0.003110984126984119,0.002696320512820515,0.001290857142857135,0.004387206349206359,55177216.0,59101184.0,40968192.0,34201600.0,0.045678032769097224,0.048926459418402776,0.033915201822916664,0.028313530815972224,0.0,0.0,0.0,0.0,0.0,0.0,0.0,0.0
1.0,1.0,1.0,1.0,0.006625033333333352,0.009274499999999986,0.00637970000000001,0.009389000000000003,0.0031547777777777867,0.003567115384615379,0.003037952380952386,0.004470952380952382,55177216.0,59129856.0,40968192.0,34258944.0,0.045678032769097224,0.0489501953125,0.033915201822916664,0.028361002604166668,0.0,0.0,0.0,0.0,0.0,0.0,0.0,0.0
1.0,1.0,1.0,1.0,0.00413303333333334,0.011363466666666669,0.00977456666666668,0.011484966666666688,0.001968111111111114,0.004370564102564104,0.004654555555555562,0.005469031746031756,55181312.0,60407808.0,42917888.0,35340288.0,0.04568142361111111,0.050008138020833336,0.035529242621527776,0.029256184895833332,0.0,0.039615384615384615,0.01400714285714286,0.01958333333333333,0.27138333333333337,0.27138333333333337,0.5382611111111111,0.5425333333333333
1.0,1.0,1.0,1.0,0.11168723333333332,0.3360698779905556,0.12312239999999998,0.07212989999999998,0.05318439682539682,0.142864858974359,0.05862971428571427,0.03434757142857142,60092416.0,82374656.0,91914240.0,44314624.0,0.04974704318576389,0.06819322374131945,0.07609049479166667,0.03668551974826389,0.3651338848709197,0.606422460702279,0.0866561655053841,0.09493426647110441,47.90641740740741,24.12996925925926,50.465324074074076,50.78478407407407
1.0,1.0,1.0,1.0,0.24219216666666674,0.7602171333333333,0.15083503333333337,0.1261914666666667,0.11532960317460321,0.2923912051282051,0.07182620634920636,0.06009117460317461,73007104.0,143642624.0,100265984.0,50597888.0,0.06043836805555555,0.11891343858506945,0.0830044216579861,0.04188707139756945,2.818717152967109,3.3703472957336875,0.044178852097130246,0.09353265534197587,41.353249999999996,49.63768333333333,100.37777777777777,99.6222222222222
2.0,2.0,2.0,1.0,0.1350608333333333,0.7716236536044445,0.17342604215555563,0.1789894333333334,0.06431468253968252,0.30722832051282056,0.08593009523809525,0.08523306349206351,135802880.0,211673088.0,202854400.0,78434304.0,0.1124233669704861,0.17523193359375,0.1679314507378472,0.06493123372395833,0.52911466916808,3.5909536637511774,0.06384728954788446,0.40040164878823997,108.24092888888887,57.96894444444444,115.70192148148146,112.55591666666665
2.0,2.0,2.0,2.0,0.19786020000000004,0.8711167333333335,0.19653113333333333,0.13085515127333333,0.09421914285714286,0.3350448974358975,0.09358625396825399,0.0654476984126984,142999552.0,241831936.0,215035904.0,122351616.0,0.1183810763888889,0.2001987033420139,0.1780158148871528,0.101287841796875,1.4251205023761033,3.785845908975229,0.014924435351882162,0.01540778286081454,130.24444444444444,65.66666666666666,131.77504,131.76073555555556
3.0,2.0,2.0,2.0,0.42069890125444453,1.6697193,0.31676776666666673,0.2496861666666667,0.20984188888888894,0.6421997307692306,0.15084179365079367,0.11889817460317462,211693568.0,289636352.0,225587200.0,125878272.0,0.17524888780381942,0.2397732204861111,0.18675062391493055,0.10420735677083334,1.8429556846162203,3.995686229428848,0.02314907386233708,0.024437461152283006,177.90852777777775,91.75555555555555,192.55555555555554,189.2
3.0,3.0,3.0,2.0,0.42980509999999983,1.403231937971667,0.32418607143666667,0.2530181333333333,0.20466909523809512,0.5432580256410257,0.17155542857142855,0.1204848253968254,216952832.0,390651904.0,315924480.0,127864832.0,0.1796027289496528,0.3233981662326389,0.26153564453125,0.10585191514756945,2.9592466411023315,5.082092627181057,0.013447710026921383,0.017096098901098925,145.39206777777775,101.32619888888888,199.04837999999998,204.10851666666665
4.0,3.0,3.0,2.0,0.5370045339511109,1.7365251124433354,0.5085729999999999,0.25073943333333326,0.2585522698412697,0.6793974230769237,0.24217761904761897,0.11939973015873012,279834624.0,395542528.0,327360512.0,124960768.0,0.231658935546875,0.3274468315972222,0.2710028754340278,0.10344780815972221,1.2751178622438208,3.934408914870052,0.011276057986673868,0.016412777373590398,236.7831985185185,138.61558074074074,247.86666666666662,248.77777777777774
4.0,4.0,4.0,3.0,0.4599363,1.99932668411611,0.4431282460727777,0.23071256725222208,0.21901728571428572,0.7729502820512816,0.2201702063492063,0.11263230158730152,284803072.0,515932160.0,418680832.0,170582016.0,0.23577202690972224,0.4271104600694445,0.3466016981336806,0.14121500651041669,2.0861482273294136,4.967058729669988,0.0121220823672105,0.01707752988864131,247.79139777777775,121.29038888888888,245.0515933333333,250.88814999999997
5.0,4.0,4.0,3.0,0.7211472141872225,2.5414333063294454,0.5514203666666665,0.3627725999999998,0.3631399682539683,0.9809626153846156,0.26258112698412694,0.17274885714285704,348794880.0,532025344.0,437673984.0,173297664.0,0.28874715169270837,0.4404330783420139,0.36232503255208337,0.143463134765625,1.5453760655830955,4.733203201062104,0.010940688575899851,0.013810277398817641,301.35337166666665,153.37777777777777,302.2222222222222,300.17777777777775
5.0,5.0,4.0,3.0,0.6434992,1.933399441386666,0.6296384333333331,0.39078490000000005,0.3064281904761905,0.7458754615384613,0.2998278253968253,0.18608804761904765,352428032.0,649175040.0,448471040.0,173563904.0,0.2917548285590278,0.53741455078125,0.3712632921006944,0.1436835394965278,1.9332765881986924,5.073355087388694,0.011300440374667965,0.014552542372881378,310.71567987106704,155.93719528855775,317.1333333333333,316.3649355380832
6.0,5.0,5.0,3.0,0.806245858405556,2.467668133333333,0.6756040217277779,0.4236799000000001,0.39942426984126994,0.9491031282051281,0.3356386190476191,0.20175233333333337,415846400.0,656756736.0,548036608.0,172818432.0,0.3442552354600694,0.5436909993489583,0.4536878797743056,0.14306640625,1.2288163427672447,4.297498565905974,0.016335624296038832,0.021623698647614202,359.5976094444444,179.46666666666664,349.62611999999996,353.08888888888885
6.0,5.0,5.0,4.0,0.6351123000000002,2.4990182333333335,0.795109966666667,0.3357236049366669,0.3024344285714286,0.9611608589743592,0.37862379365079374,0.16055811111111118,414593024.0,681066496.0,559874048.0,220545024.0,0.3432176378038194,0.5638156467013888,0.4634874131944444,0.18257649739583334,1.2709204010146151,4.32607929767037,0.01184300048820649,0.015115003724558814,368.66370241983867,181.8638949995926,368.8915079428038,369.3848411258138
7.0,6.0,6.0,4.0,0.9821170526694447,3.03384076666667,0.7234277668344444,0.4901881666666671,0.4877897936507938,1.1668618333333345,0.3713673968253968,0.23342293650793672,479895552.0,744796160.0,664502272.0,221106176.0,0.39727783203124994,0.616573757595486,0.5501030815972222,0.1830410427517361,0.6471785450511485,3.8708947586858637,0.014704108435024,0.019618361276016388,410.3595663484831,204.9705332475213,406.6726305176756,406.67596389743386
7.0,6.0,6.0,4.0,0.7535867999999999,3.285803033333334,0.6438490999999996,0.5061585666666663,0.358850857142857,1.2637703974358978,0.3065948095238093,0.2410278888888887,479666176.0,747659264.0,653721600.0,222339072.0,0.3970879448784722,0.6189439561631944,0.5411783854166666,0.18406168619791666,0.0804625910769537,3.37237864896596,0.01253002103632732,0.017256289525691713,453.1767035183219,228.93225858019298,452.55718426991814,450.33228030593244
7.0,7.0,7.0,4.0,0.8887865333333331,3.48562716666667,0.8305996534227779,0.48181490000000016,0.4232316825396824,1.3406258333333343,0.4045284761904763,0.22943566666666676,479367168.0,825487360.0,751833088.0,224034816.0,0.3968404134114583,0.6833733452690972,0.6223992241753472,0.18546549479166666,0.017417074748159553,3.1753580239422026,0.014180525336461837,0.01994122985827995,458.7972423053838,232.91474999999997,453.9187900246891,458.57657629629625
7.0,7.0,7.0,5.0,0.861797766666666,4.004549600000002,0.6851135666666671,0.5992763900188888,0.41037988888888854,1.540211384615385,0.32624455555555576,0.28895392063492054,480944128.0,843042816.0,764981248.0,263585792.0,0.3981458875868055,0.697906494140625,0.6332838270399306,0.2182074652777778,0.021307988719868505,3.5961445381378003,0.012580401411136533,0.015842702503437285,466.8193513025057,234.83269856454012,461.84676111111105,462.1349581942685
7.0,7.0,7.0,5.0,0.8556448333333329,3.7245478000000043,0.9409919333333332,0.5779352666666656,0.40744992063492036,1.4325183846153862,0.4480913968253968,0.27520726984126936,479215616.0,853524480.0,760180736.0,266166272.0,0.3967149522569444,0.7065836588541667,0.6293097601996528,0.22034369574652776,0.0300469554057897,3.315163763093104,0.012118662420248972,0.015116224160819224,468.4664546543826,237.57913656827344,470.7082353173545,469.6235069337052
7.0,7.0,7.0,5.0,0.7995347666666667,3.273680266666668,0.8451249000000001,0.5062349333333334,0.3807308412698413,1.2591077948717955,0.4024404285714286,0.24106425396825398,482664448.0,874209280.0,742473728.0,259526656.0,0.3995700412326389,0.7237074110243056,0.614651150173611,0.2148471408420139,0.7131177069528335,3.7321564716767757,0.011092411406136983,0.014573100163867274,427.5354253246512,216.86666666666662,429.9777777777777,432.4444444444444
8.0,7.0,7.0,5.0,0.856913396649445,3.667515400000002,0.9045106333333338,0.6087422000000002,0.4126833809523812,1.410582846153847,0.43071934920634936,0.28987723809523813,535654400.0,886022144.0,737746944.0,267595776.0,0.4434373643663194,0.7334865993923612,0.6107381184895834,0.221527099609375,0.19423908132857012,3.110090750718391,0.012199974829179748,0.01573354028697569,489.62985284172265,247.8444444444444,492.7531720107548,486.7555555555555
8.0,7.0,7.0,5.0,0.9693703382769535,4.132887118813528,0.9398747875354113,0.7448220629895009,0.4616049229890255,1.5895719687744339,0.4475594226359103,0.3546771728521434,537223168.0,895692800.0,760651776.0,269979648.0,0.44473605685763884,0.7414923773871527,0.62969970703125,0.22350056966145834,0.023957145648449526,2.7793447574532593,0.014408173271084984,0.01937234187452111,522.154077102746,264.0222222222222,523.4395529186943,522.9999999999999
8.0,8.0,8.0,5.0,0.8332036666666665,3.661569500000004,0.8989746055549995,0.6079922333333331,0.39676365079365067,1.408295961538463,0.4513577777777776,0.289520111111111,540049408.0,981303296.0,858910720.0,274227200.0,0.4470757378472222,0.8123643663194444,0.7110426161024306,0.2270168728298611,0.03428866600459823,2.8415286321354642,0.01602230085892833,0.022309931564717788,523.9578018121578,263.53339722222216,521.0778039560463,523.6216033333333
8.0,8.0,8.0,5.0,1.019918933333333,4.310557099999995,0.8348465000000005,0.6936391333333323,0.4856756825396823,1.6579065769230745,0.3975459523809525,0.33030434920634877,542969856.0,998445056.0,880971776.0,274325504.0,0.44949340820312494,0.8265550401475695,0.7293056911892362,0.22709825303819445,0.20415785708128634,2.947399250231803,0.01259594075000295,0.017720815154591278,512.4666666666666,258.26666666666665,514.9821096964477,517.3355981253487
8.0,8.0,8.0,5.0,0.8458662666666668,3.7220571333333305,0.9230108999999997,0.6223368333333336,0.40279346031746033,1.4315604358974348,0.4395289999999999,0.2963508730158731,532836352.0,1021341696.0,855908352.0,268689408.0,0.4411044650607639,0.8455098470052083,0.70855712890625,0.22243245442708334,0.750849894679,3.123887112923806,0.012032238196844234,0.01619985314167181,486.0666666666666,244.17777777777775,486.13681812025925,488.06884571654746
8.0,8.0,8.0,5.0,1.080319166666666,3.369140933333331,1.0331880333333334,0.5233516666666664,0.5144376984126982,1.295823435897435,0.4919943015873016,0.24921507936507922,529944576.0,1041231872.0,842248192.0,261914624.0,0.43871053059895837,0.8619757758246528,0.6972486707899306,0.2168240017361111,0.9498285397057616,3.146479253169208,0.011958088028683755,0.015896008615159024,481.9979956891762,243.8222222222222,483.18039331891225,483.59999999999997
8.0,8.0,8.0,5.0,0.9801047333333326,3.2970673999999938,0.9327320333333324,0.6938717666666666,0.46671653968253934,1.2681028461538437,0.44415811111111075,0.330415126984127,532336640.0,1054035968.0,847007744.0,261890048.0,0.4406907823350694,0.8725755479600694,0.7011888292100694,0.2168036566840278,1.1450939462259477,3.162509914366348,0.011692144072764213,0.01595607044830743,486.55426273646134,245.37777777777774,486.3931455808885,486.2666666666666
8.0,8.0,8.0,5.0,1.1798849000000013,3.567550599999995,0.9520737333333329,0.5527504000000009,0.561849952380953,1.3721348461538438,0.45336844444444424,0.2632144761904765,535060480.0,1080623104.0,838987776.0,262176768.0,0.4429456922743056,0.8945855034722221,0.694549560546875,0.217041015625,1.2647605633802816,3.024103596432403,0.012792452468389868,0.017613201083310527,490.42333060721836,243.91222147165738,491.00906779988384,491.3588857677276
8.0,8.0,8.0,5.0,0.9539078333333333,3.083953033333332,0.8660733666666656,0.607498866666667,0.4542418253968252,1.1861357820512817,0.4124158888888884,0.2892851746031747,536281088.0,1085726720.0,837185536.0,263004160.0,0.4439561631944444,0.8988104926215279,0.693057590060764,0.21772596571180555,1.1704131478698485,2.860837663180403,0.011653280923384527,0.015785614272809362,491.84010677586076,246.68524978706068,491.13333333333327,491.48525966250656
8.0,8.0,8.0,5.0,1.1098795666666665,3.4251412333333286,0.7829619666666675,0.5168854000000006,0.5285140793650793,1.317362012820511,0.3728390317460321,0.246135904761905,536526848.0,1099759616.0,837038080.0,263741440.0,0.4441596137152778,0.9104275173611112,0.6929355197482638,0.21833631727430555,1.0823714403841724,2.633955393349554,0.011045217781653429,0.015321433138472753,489.872003467902,246.59999999999997,487.2680405548888,487.91111111111104
8.0,8.0,8.0,5.0,0.9920492333333324,3.572136133333341,0.8331737333333342,0.6112483999999999,0.4724043968253963,1.3738985128205157,0.3967493968253972,0.29107066666666664,537186304.0,1109356544.0,838606848.0,264249344.0,0.4447055392795139,0.9183722601996529,0.6942342122395834,0.21875678168402776,0.8046574968118051,2.2290867843815416,0.011090724624404559,0.014598488022218678,488.5333333333333,245.59999999999997,487.0401900078017,487.15130111891284
8.0,8.0,8.0,5.0,0.9783723333333346,3.1854260666666665,0.9089886000000017,0.5388938000000005,0.465891587301588,1.2251638717948716,0.43285171428571495,0.2566160952380955,537862144.0,1111740416.0,837873664.0,264404992.0,0.44526502821180564,0.9203457302517362,0.6936272515190972,0.21888563368055555,0.7155218824391137,1.990819386077106,0.011931417308397505,0.015574924318869861,485.28888888888883,242.99999999999997,483.9333333333333,483.99999999999994
8.0,8.0,8.0,5.0,1.1817196666666665,3.4758972000000017,0.8510076333333336,0.688185900000001,0.5627236507936507,1.3368835384615394,0.4052417301587302,0.3277075714285719,538226688.0,1123590144.0,827928576.0,265486336.0,0.4455668131510417,0.9301554361979167,0.685394287109375,0.21978081597222224,0.6000756533700137,1.7315480539746653,0.01280699671492648,0.017970661851413022,483.5333333333333,241.37777777777774,484.5852614797666,485.38194012307264
8.0,8.0,8.0,5.0,1.007012633333333,3.4599775999999953,0.8892586333333335,0.5963522333333335,0.4795298253968252,1.3307606153846137,0.4234564920634921,0.283977253968254,550772736.0,1131016192.0,833036288.0,264757248.0,0.4559529622395833,0.9363030327690973,0.6896226671006944,0.21917724609375,0.6643306334182748,1.6670286072935612,0.011549660763813498,0.015728949291914082,488.778948226178,246.69006081886937,487.575030367671,488.51228304109156
8.0,8.0,8.0,5.0,0.9231316333333315,3.4526342999999984,0.9327476000000006,0.6523653666666671,0.4395864920634912,1.3279362692307686,0.444165523809524,0.3106501746031748,551022592.0,1138315264.0,835842048.0,265547776.0,0.4561598036024305,0.9423455132378472,0.6919453938802083,0.21983167860243058,0.662677664974619,1.539113798393647,0.011259316128765295,0.014838005516956425,491.33333333333326,246.15555555555554,489.1745079908332,489.5745157730225
8.0,8.0,8.0,5.0,1.2133517999999985,3.5095174666666558,0.8798572666666659,0.6435688333333336,0.5777865714285707,1.3498144102564062,0.4189796507936504,0.3064613492063493,552042496.0,1155018752.0,836997120.0,265015296.0,0.4570041232638889,0.9561733669704862,0.692901611328125,0.219390869140625,0.5897830754092496,1.4273799749575171,0.01028542580818486,0.014494964283348432,496.04444444444437,247.95555555555552,497.22660977272045,498.5377208838316
8.0,8.0,8.0,5.0,0.9959410666666652,3.6340303000000023,0.815078233333333,0.6945034333333325,0.47425765079365007,1.3977039615384623,0.38813249206349193,0.3307159206349202,560029696.0,1186529280.0,845053952.0,265400320.0,0.4636162651909722,0.9822591145833333,0.6995713975694444,0.21970960828993058,1.276885652870715,2.0035344047289185,0.011606981486933583,0.015536196909105035,487.95416895051574,245.7555555555555,491.7791838470005,492.0223018127373
8.0,8.0,8.0,5.0,1.134367066666667,3.000754733333334,0.8585155333333336,0.544227433333333,0.5401747936507937,1.1541364358974362,0.40881692063492087,0.2591559206349205,557514752.0,1217159168.0,842055680.0,273473536.0,0.4615342881944445,1.0076158311631944,0.6970893012152777,0.22639295789930555,1.7354238545210148,2.398032682125251,0.011263795910982454,0.015866419100708053,486.04911888875415,243.02222222222218,491.6200307146842,490.9089196035731
8.0,8.0,8.0,5.0,1.0603103689631053,3.689639069426398,1.0009244408892437,0.6223764623537635,0.5049096995062405,1.4190919497793837,0.476630686137735,0.2963697439779826,558747648.0,1230520320.0,844439552.0,273764352.0,0.46255493164062506,1.0186767578125,0.6990627712673612,0.22663370768229166,1.930101045913845,2.5297089652096343,0.01210989549859296,0.016046540623487242,501.0666666666666,248.62222222222218,502.3779187593366,501.18002972971635
8.0,8.0,8.0,5.0,1.013134766666668,3.356940999999993,0.9331672333333352,0.5773164,0.48244512698412756,1.2911311538461512,0.4443653492063501,0.27491257142857134,558010368.0,1278357504.0,846778368.0,273375232.0,0.46194458007812494,1.0582784016927083,0.7009989420572916,0.2263115776909722,2.447583245296905,2.976679183187946,0.013037168412653089,0.017011007218302746,499.1924955585187,252.15555555555554,502.6660646583551,503.21891577598524
8.0,8.0,8.0,5.0,0.9982901053473809,3.8525251033471135,1.081214561941592,0.5891461861581528,0.4753762406416101,1.4817404243642744,0.5148640771150437,0.28054580293245374,558469120.0,1294372864.0,840966144.0,279420928.0,0.4623243543836805,1.0715365939670138,0.6961873372395833,0.23131646050347224,2.5146072572351197,3.0185659685927932,0.012787640648533726,0.017345977420215125,499.9327217249355,250.62374973146356,501.19999999999993,501.3348652873154
8.0,8.0,8.0,5.0,0.9945732666666687,3.60207416666667,0.8126237333333355,0.6033342999999974,0.47360631746031834,1.385413141025642,0.38696368253968355,0.2873020476190463,559104000.0,1303965696.0,836104192.0,284635136.0,0.4628499348958333,1.0794779459635417,0.6921624077690972,0.2356330023871528,2.4981198548609123,3.0454889027542564,0.012878912264995497,0.01757367422253808,495.7535142101637,248.8222222222222,496.0255572593728,497.0255572593728
8.0,8.0,8.0,5.0,1.0472775666666658,2.9487914666666692,0.846975066666668,0.6516276000000005,0.4987036031746027,1.134150564102565,0.40332146031746086,0.3102988571428574,569479168.0,1321824256.0,830701568.0,285724672.0,0.4714389377170139,1.0942620171440973,0.6876898871527778,0.2365349663628472,2.619399255715947,3.127634991285249,0.012473465112042278,0.018046507624866658,481.134549941764,244.37692067530753,488.914366142928,488.2912828674427
8.0,8.0,8.0,5.0,1.0103611666666674,3.79676583333333,1.0009947333333333,0.5213770666666656,0.4811243650793654,1.4602945512820502,0.47666415873015877,0.24827479365079316,575975424.0,1336586240.0,838393856.0,281284608.0,0.4768168131510417,1.1064826117621527,0.694057888454861,0.23285929361979163,2.5409695733167745,3.022921201663569,0.01277291654157812,0.01674695528491421,501.9555555555555,251.37777777777774,499.97980754272504,500.2222222222222
8.0,8.0,8.0,5.0,1.0571849518285155,3.332403840384031,1.0781081774844172,0.5416005933926739,0.5034214056326264,1.2816937847630887,0.513384846421151,0.25790504447270185,576544768.0,1342136320.0,850034688.0,275582976.0,0.4772881401909722,1.1110772026909723,0.7036946614583333,0.22813924153645831,2.4113022224179574,2.9722664464491326,0.012960780295214653,0.0177279009636053,506.1676659031303,252.78358570144505,506.57227444096316,507.62459334073844
8.0,8.0,8.0,5.0,1.0836439000000013,3.7176796333333417,0.9414354000000014,0.5881833333333333,0.5160209047619054,1.429876782051285,0.448302571428572,0.28008730158730155,577224704.0,1356173312.0,852185088.0,275910656.0,0.47785101996527773,1.1226976182725696,0.705474853515625,0.22841050889756945,2.546881759785249,3.0594956552897967,0.012822604226248082,0.016375829977628625,495.0221838270945,248.33333333333331,497.02498394919047,497.71111111111105
8.0,8.0,8.0,5.0,1.1318038333333333,3.401073033333338,0.7875914000000004,0.5345941333333362,0.5389542063492063,1.3081050128205145,0.37504352380952394,0.25456863492063625,573251584.0,1352634368.0,850206720.0,271622144.0,0.4745619032118056,1.1197679307725694,0.7038370768229166,0.22486029730902776,2.5284032277542092,3.0365508901276748,0.011495336951605595,0.015778462612014234,492.6444444444444,247.1333333333333,490.79778775264305,491.7533433081986
8.0,8.0,8.0,5.0,1.0452456666666659,3.3967348000000017,1.0787372000000006,0.7058109666666667,0.49773603174603126,1.3064364615384623,0.5136843809523812,0.3361004603174603,569769984.0,1361620992.0,847073280.0,272003072.0,0.47167968749999994,1.1272074381510417,0.7012430826822916,0.22517564561631942,2.4975152196171524,3.084960833608928,0.012457950641836928,0.018765583060933205,488.7712151922164,244.62506833788916,490.28561947722,488.8218774499737
8.0,8.0,8.0,5.0,1.0602111666666683,3.5826154999999966,0.8626122333333361,0.6227210999999983,0.5048624603174611,1.3779290384615372,0.4107677301587314,0.2965338571428563,570015744.0,1360867328.0,851824640.0,278175744.0,0.47188313802083337,1.1265835232204862,0.7051764594184028,0.23028564453125003,2.533181313513763,3.0805233304455504,0.01192299656295224,0.01568629755922466,488.3298094907627,245.43952894122873,491.9777777777777,492.6172696860842
8.0,8.0,8.0,5.0,1.0519172666666663,3.3040980999999854,0.8463909333333305,0.5993213333333339,0.5009129841269839,1.2708069615384558,0.40304330158730023,0.2853911111111114,571465728.0,1369501696.0,841211904.0,279433216.0,0.47308349609375,1.1337314181857638,0.6963907877604167,0.2313266330295139,2.574951016329694,3.03941701937673,0.012147063570339805,0.01665604484304932,496.1764099373361,249.28888888888886,495.91111111111104,496.1555555555555
8.0,8.0,8.0,5.0,1.1093325999999983,3.466832299999989,0.8745625666666682,0.5360100000000017,0.528253619047618,1.3333970384615341,0.41645836507936584,0.255242857142858,568553472.0,1364426752.0,843685888.0,278384640.0,0.470672607421875,1.1295301649305558,0.6984388563368055,0.23045857747395831,1.955334244279998,2.4065863914688306,0.011544154207618541,0.01544123701780416,486.31042716677536,242.8861603638033,479.8646416164848,479.6861366632596
8.0,8.0,8.0,5.0,1.1221645999999974,3.4888598999999774,0.7764428333333332,0.6202860000000006,0.5343640952380939,1.3418691923076835,0.36973468253968245,0.295374285714286,574550016.0,1375051776.0,851353600.0,277983232.0,0.47563680013020837,1.1383260091145835,0.7047865125868056,0.2301262749565972,1.6994148095635915,2.1844172599951697,0.011788810680132988,0.015720922358303135,486.11622624743745,243.1135035363817,486.42893461555207,486.07232764721095
8.0,8.0,8.0,5.0,1.1375111177784447,2.960334600126675,0.9071165116511646,0.5482385238523827,0.5416719608468785,1.1385902308179519,0.4319602436434118,0.26106596373922986,570408960.0,1377042432.0,845529088.0,278441984.0,0.47220865885416663,1.1399739583333333,0.6999647352430555,0.2305060492621528,1.6249814791736672,2.103897679708826,0.011664543849844089,0.016281134492223202,488.7798490269721,244.68888888888884,487.7556109862278,486.1555555555555
8.0,8.0,8.0,5.0,0.9897239333333308,3.664480133333336,0.9706305999999966,0.5978013666666668,0.4712971111111099,1.409415435897437,0.46220504761904596,0.2846673174603176,572022784.0,1388384256.0,845418496.0,279748608.0,0.47354465060763895,1.1493631998697917,0.6998731825086806,0.23158772786458334,1.508259591024249,2.030301581563488,0.011608989072185445,0.01539209623544279,490.9333333333333,245.2444444444444,492.0013659866364,491.9555555555555
8.0,8.0,8.0,5.0,0.9719520333333302,3.1536991333333297,0.9689457333333318,0.44906756666666375,0.4628343015873001,1.2129612051282035,0.46140273015872935,0.213841698412697,571056128.0,1391427584.0,843476992.0,279719936.0,0.47274441189236105,1.1518825954861112,0.6982659233940972,0.2315639919704861,1.7982587521823028,2.2834047169857223,0.011113255919854254,0.015344450501577005,482.34063207434406,241.09618762989965,486.3132079944293,487.5872484731424
8.0,8.0,8.0,5.0,1.2126380666666685,3.569357133333334,1.0341373999999972,0.594764033333331,0.5774466984126994,1.3728296666666666,0.49244638095237964,0.28322096825396714,566919168.0,1395105792.0,835883008.0,275468288.0,0.46931966145833326,1.1549275716145835,0.6919793023003472,0.22804429796006945,1.927543601329401,2.3598678624165403,0.012313347524545925,0.016234108279104476,498.1100618847653,249.51420281265817,496.5037148432699,496.08871858436373
8.0,8.0,8.0,5.0,1.0712866666666687,3.477357633333342,0.8701793333333351,0.6118065000000001,0.5101365079365088,1.3374452435897468,0.41437111111111197,0.2913364285714286,567197696.0,1394638848.0,836030464.0,276226048.0,0.4695502387152778,1.154541015625,0.6921013726128472,0.2286716037326389,1.8627781384517552,2.32847532865118,0.01254053265879416,0.01741912926391377,493.0848136050189,246.8444444444444,495.06531364038136,494.19999999999993
8.0,8.0,8.0,5.0,1.0012999000000018,3.089517333333324,0.8671728333333335,0.5513725000000003,0.4768094761904769,1.188275897435894,0.41293944444444447,0.26255833333333345,568131584.0,1399320576.0,836464640.0,276103168.0,0.4703233506944444,1.158416748046875,0.6924608018663194,0.2285698784722222,1.9964197076937218,2.4417881461749635,0.012330572455752248,0.017239471989697407,482.89111274084934,241.5355571852938,483.71111111111105,483.82445940840495
8.0,8.0,8.0,5.0,0.945170033333333,3.5023503666666578,0.8270500333333358,0.603450566666669,0.4500809682539681,1.3470578333333298,0.39383334920635044,0.28735741269841375,566988800.0,1406017536.0,832548864.0,274980864.0,0.4693773057725695,1.1639607747395833,0.6892191569010416,0.22764078776041669,2.1498372152185112,2.540055411639905,0.012646906983063156,0.016818601906491096,491.10909706631185,245.12929320222605,490.5777777777777,490.0848398691561
8.0,8.0,8.0,5.0,1.1581446666666673,3.2446813333333404,0.967377799999999,0.6402116999999995,0.5514974603174606,1.2479543589743616,0.4606560952380947,0.30486271428571404,568545280.0,1408573440.0,841089024.0,274546688.0,0.4706658257378472,1.1660766601562502,0.6962890625,0.22728135850694445,1.9212950013045154,2.3586987468445733,0.011948052356962918,0.015913150065956196,493.2437605700826,246.19999999999996,493.36113148374505,493.8277981504117
8.0,8.0,8.0,5.0,1.1295744333333364,3.543960999999994,0.8747800999999963,0.5920366666666647,0.5378925873015888,1.3630619230769208,0.4165619523809506,0.2819222222222213,568156160.0,1418801152.0,840032256.0,274292736.0,0.4703436957465278,1.1745435926649304,0.6954142252604165,0.22707112630208331,2.197233108585101,2.628631552608466,0.010762732796259281,0.01516965688487582,489.06357104744006,244.95451362655484,490.5090564332748,489.8211852312736
8.0,8.0,8.0,5.0,1.000104833333332,3.0217044999999945,0.8953316333333305,0.5578725000000001,0.4762403968253962,1.1621940384615363,0.42634839682539544,0.26565357142857143,576212992.0,1416175616.0,828715008.0,274964480.0,0.47701348198784727,1.1723700629340277,0.6860453287760416,0.2276272243923611,1.7727609550818773,2.1490674752104457,0.010792170574285208,0.014963947174673422,486.00084843276977,241.73418176610315,484.44639568563827,484.7119496668987
8.0,8.0,8.0,5.0,1.1770519666666681,3.5550809999999915,0.8695011666666668,0.6120096999999987,0.5605009365079373,1.3673388461538432,0.41404817460317467,0.2914331904761899,574488576.0,1421193216.0,834998272.0,275382272.0,0.4755859375,1.1765238444010415,0.6912468804253472,0.2279730902777778,1.5134201392036442,1.913884285061672,0.013308731609247927,0.01815909922267951,486.93066295341646,243.59999999999997,485.0222222222222,485.8444444444444
8.0,8.0,8.0,5.0,1.2039265000000001,3.7731673999999846,0.9937192333333296,0.5895913333333359,0.5732983333333332,1.4512182307692247,0.4731996349206331,0.280757777777779,581779456.0,1429401600.0,842645504.0,275988480.0,0.48162163628472227,1.1833190917968752,0.6975775824652778,0.22847493489583334,1.5978935146853421,1.9985167730173201,0.011691015738428344,0.0156940761065131,486.82422680030515,243.26666666666665,492.9979068062129,492.13333333333327
8.0,8.0,8.0,5.0,0.9806316333333314,3.6631307333333476,0.8610773000000032,0.622420166666662,0.4669674444444435,1.4088964358974414,0.4100368095238111,0.2963905555555533,580292608.0,1424150528.0,844918784.0,275005440.0,0.4803907606336805,1.1789720323350694,0.6994594997829862,0.2276611328125,1.3573582777657436,1.659675770757469,0.01184152731546845,0.016046982361796747,494.0631087570303,246.3347714219397,488.66134850269236,488.8425662091733
8.0,8.0,8.0,5.0,1.021243666666667,3.1054988333333355,0.977726633333333,0.45885030000000027,0.48630650793650815,1.194422628205129,0.4655841111111109,0.21850014285714298,577810432.0,1427468288.0,846004224.0,274165760.0,0.4783359103732639,1.1817186143663194,0.7003580729166666,0.2269660101996528,0.9958926007318146,1.3366105957253296,0.011520627222193557,0.01583800090867785,488.09024401084486,244.44444444444443,487.7967309553201,489.28888888888883
8.0,8.0,8.0,5.0,1.1022965999999959,3.2238737333333387,0.8211382333333367,0.6840094333333316,0.5249031428571409,1.239951435897438,0.39101820634920786,0.3257187777777769,577417216.0,1427591168.0,854269952.0,273465344.0,0.4780103895399306,1.1818203396267362,0.7072007921006945,0.2263861762152778,0.9546869595659786,1.2651605998356614,0.012300332422586513,0.015590401453055167,486.7347032707626,243.2444444444444,488.6444444444444,488.1555555555555
8.0,8.0,8.0,5.0,0.9234850333333328,3.7494259333333346,1.0740905999999977,0.6197717666666658,0.43975477777777744,1.442086897435898,0.5114717142857131,0.2951294126984123,572715008.0,1433808896.0,846991360.0,274178048.0,0.47411770290798616,1.1869676378038196,0.7011752658420138,0.22697618272569442,1.0403225954901045,1.3343572152131873,0.01162596241979835,0.015637178545187414,482.5777777777777,240.8222222222222,485.08888888888885,484.3111111111111
8.0,8.0,8.0,5.0,1.1780509333333367,3.9097015666666604,0.7901963333333355,0.5400189666666676,0.5609766349206364,1.5037313717948695,0.3762839682539693,0.25715188888888935,577744896.0,1442123776.0,844304384.0,273592320.0,0.4782816569010417,1.1938510470920138,0.6989508734809029,0.22649129231770831,1.2506398876913325,1.494222627650474,0.012093847541723076,0.015371219358327307,489.06780180188156,244.31224772790625,493.0666666666666,493.0011588410915
8.0,8.0,8.0,5.0,1.0343387666666655,3.7302386000000185,0.9055411666666675,0.6488414999999975,0.49254226984126914,1.4347071538461609,0.4312100793650798,0.3089721428571417,574447616.0,1454702592.0,841715712.0,273985536.0,0.47555202907986116,1.2042643229166667,0.696807861328125,0.22681681315104166,1.7565636712679402,1.9140269188234469,0.012001497716894946,0.015168064927959062,485.8420619931118,242.97539779530666,487.3555555555555,487.64205458652737
8.0,8.0,8.0,5.0,1.1415210666666649,3.6439052999999983,0.9724833666666655,0.592490300000001,0.5435814603174594,1.4015020384615378,0.46308731746031684,0.2821382380952386,576417792.0,1459654656.0,842711040.0,277004288.0,0.4771830240885417,1.2083638509114583,0.6976318359375,0.22931586371527773,2.011217584867289,2.1318425673216885,0.011315993618960797,0.01519668293564711,486.5791398136213,243.8444444444444,488.2222222222222,489.59999999999997
8.0,8.0,8.0,5.0,0.9513000666666698,3.649837966666662,0.9458016000000024,0.5541657666666708,0.4530000317460332,1.4037838333333317,0.4503817142857154,0.2638884603174623,577347584.0,1469034496.0,845910016.0,288923648.0,0.4779527452256944,1.2161288791232638,0.7002800835503472,0.23918321397569445,2.191291883669064,2.289330991384407,0.0112689045349799,0.015228192781927795,491.34390253203225,245.72172744541518,494.88821304138713,494.8996178633447
8.0,8.0,8.0,5.0,1.087506433333338,2.74486213333333,1.062875333333337,0.6292668000000011,0.5178602063492085,1.0557162051282036,0.5061311111111129,0.29965085714285766,576253952.0,1486336000.0,843436032.0,291270656.0,0.4770473904079861,1.2304517957899306,0.6982320149739584,0.24112616644965276,2.7675809352517984,2.8392161923988546,0.013090304233998337,0.018168003565062426,456.2648401217696,247.5979793939663,498.8222222222222,497.88684606211433
8.0,8.0,8.0,5.0,1.0679615000000051,3.746664933333318,0.9364503666666679,0.5362425333333344,0.5085530952380976,1.4410249743589685,0.4459287460317466,0.2553535873015878,578060288.0,1496076288.0,836608000.0,291557376.0,0.4785427517361111,1.2385152180989585,0.6925794813368056,0.241363525390625,2.754800286584274,2.8057130684366305,0.01133877706208629,0.015833850486507168,479.6444444444444,247.91111111111107,496.8644860228434,497.39781935617674
8.0,8.0,8.0,5.0,1.1243115000000026,2.9584086666666694,0.9440014666666665,0.7065006333333335,0.5353864285714298,1.1378494871794882,0.44952450793650783,0.336428873015873,592601088.0,1494364160.0,851472384.0,291655680.0,0.4905802408854167,1.2370978461371527,0.7048848470052085,0.24144490559895831,2.863901265371591,2.9111050868912987,0.012642379347054618,0.01686728460922909,446.0012652695364,250.40163862776035,501.4666666666666,499.80164307250107
8.0,7.0,8.0,5.0,1.0561443666666737,3.473852833333319,0.9075446333333351,0.614535166666667,0.5029258888888922,1.3360972435897382,0.4321641111111119,0.2926357936507938,597401600.0,1334386688.0,861155328.0,289013760.0,0.4945543077256944,1.1046617296006944,0.7129007975260417,0.2392578125,2.8198865106869055,3.0376969425718796,0.012246537247266012,0.01637463566030944,468.8256365633656,248.8690155174287,496.943536734467,496.6023666301202
8.0,7.0,8.0,5.0,1.1571818666666671,3.3788980999999962,0.9640992333333354,0.6679526666666636,0.5510389841269843,1.2995761923076907,0.4590948730158739,0.318072698412697,596013056.0,1337249792.0,859164672.0,291127296.0,0.4934048122829861,1.107031928168403,0.7112528483072917,0.24100748697916669,2.831672781313416,3.0062489604803293,0.012161758083400821,0.0162527298991524,468.30694870313584,247.99999999999997,494.5810668859405,493.62551133038494
8.0,7.0,8.0,5.0,0.9951952333333338,3.600856633333346,0.8562946000000011,0.6562239333333328,0.4739024920634922,1.3849448589743636,0.40775933333333375,0.31248758730158704,593965056.0,1340628992.0,854007808.0,282984448.0,0.49170939127604163,1.1098293728298612,0.7069837782118056,0.23426649305555552,2.726064409129853,2.969008318173014,0.012439423635842618,0.01697954424543361,489.2913863619483,249.64838158453588,499.4207300380043,500.04838553550434
8.0,7.0,8.0,5.0,0.9679281000000041,3.3315498999999966,0.7953756333333349,0.546225366666666,0.4609181428571448,1.2813653461538448,0.3787503015873023,0.2601073174603171,581439488.0,1312620544.0,852701184.0,286822400.0,0.4813401963975694,1.0866427951388888,0.705902099609375,0.23744371202256942,2.662137435925709,2.7469221086605704,0.010841798535102767,0.015328272526717044,480.3973511280229,247.95555555555552,478.27790963877845,480.5459308138372
8.0,7.0,8.0,5.0,0.996169633333337,3.446940666666687,0.9502078666666648,0.5717240666666669,0.47436649206349374,1.3257464102564178,0.45247993650793567,0.27224955555555563,578015232.0,1313112064.0,849313792.0,278962176.0,0.47850545247395837,1.0870496961805554,0.7030978732638888,0.23093668619791663,0.9420998253199219,1.0648410142383773,0.012811132160577391,0.01747638767747863,495.1119195060976,247.42093437822513,493.019986272215,493.08537003293674
8.0,7.0,8.0,5.0,1.1018318666666649,3.0343501666666683,0.9567506000000057,0.6190009666666639,0.5246818412698405,1.1670577564102573,0.45559552380952645,0.29476236507936376,580726784.0,1328902144.0,838234112.0,279764992.0,0.4807501898871528,1.100121392144097,0.6939256456163194,0.2316012912326389,1.0013909829138494,1.1256950735543958,0.012935947891044903,0.016957285002808038,485.5541611687654,243.02356351640316,485.0698550273721,485.5600871858384
8.0,7.0,8.0,5.0,1.0178716999999986,3.4468852000000196,0.9594326999999945,0.5894440000000012,0.4847008095238089,1.3257250769230842,0.4568727142857116,0.28068761904761963,583553024.0,1316114432.0,841867264.0,284643328.0,0.48308987087673605,1.0895351833767362,0.6969333224826387,0.23563978407118058,1.1305645161290325,1.158438081379861,0.011369178722015717,0.01623708087693437,487.448515826981,243.47073804920328,478.7790469699887,479.7817735997214
8.0,7.0,8.0,5.0,0.04137706666666267,0.04069906666667673,0.03941523333333142,0.022069266666665043,0.019703365079363173,0.015653487179491048,0.018769158730157817,0.01050917460317383,582078464.0,1302630400.0,836988928.0,281464832.0,0.48186916775173616,1.0783725314670138,0.6928948296440972,0.2330084906684028,0.28342332242217083,0.44969444444444445,0.00418207547170075,0.013451233766232798,9.777777777777777,4.377777777777777,8.177777777777777,11.755555555555555
8.0,7.0,8.0,5.0,0.0369068666666673,0.03933913333333218,0.05527956666666303,0.03020229999999818,0.01757469841269872,0.015130435897435453,0.026323603174601445,0.014382047619046753,578691072.0,1302298624.0,477224960.0,281567232.0,0.47906494140625,1.0780978732638888,0.3950670030381944,0.23309326171875,0.0,0.0,0.0,0.0,0.0,0.0,0.0,0.0
8.0,7.0,8.0,5.0,0.041174066666663595,0.03791796666666869,0.04056223333333454,0.0232466666666672,0.01960669841269695,0.014583833333334111,0.019315349206349777,0.011069841269841525,579489792.0,1301626880.0,478851072.0,279646208.0,0.4797261555989583,1.0775417751736112,0.3964131673177083,0.2315029568142361,0.0,0.0,0.0,0.0,0.0,0.0,0.0,0.0
8.0,7.0,8.0,5.0,0.04280486666667306,0.037604099999998655,0.04553556666666812,0.024263366666665814,0.02038326984127288,0.014463115384614866,0.02168360317460387,0.01155398412698372,572477440.0,1295843328.0,460476416.0,273825792.0,0.4739210340711806,1.07275390625,0.3812018500434028,0.22668457031250003,0.0,0.0,0.0,0.0,0.0,0.0,0.0,0.0
8.0,7.0,8.0,5.0,0.04148099999999886,0.041373966666674276,0.046714300000002144,0.024870133333339102,0.0197528571428566,0.01591306410256703,0.02224490476190578,0.011842920634923381,573448192.0,1295204352.0,457437184.0,274944000.0,0.47472466362847227,1.0722249348958333,0.37868584526909727,0.22761027018229169,0.0,0.0,0.0,0.0,0.0,0.0,0.0,0.0
8.0,7.0,8.0,5.0,0.05755966666666836,0.05462456666665503,0.04713036666666615,0.03510976666667034,0.027409365079365887,0.021009448717944242,0.0224430317460315,0.016718936507938258,353169408.0,1024126976.0,288026624.0,161759232.0,0.2923685709635417,0.8478156195746528,0.23844061957465276,0.1339111328125,0.0,0.0,0.0,0.0,0.0,0.0,0.0,0.0
2.0,2.0,2.0,2.0,0.014385966666668536,0.014222499999997733,0.010918066666666466,0.013078233333330521,0.0068504603174612076,0.005470192307691435,0.0051990793650792694,0.006227730158728819,101642240.0,312324096.0,82763776.0,90943488.0,0.08414374457465278,0.2585550944010417,0.06851535373263888,0.075286865234375,0.0,0.0,0.0,0.0,0.0,0.0,0.0,0.0
1.0,1.0,1.0,1.0,0.006115033333333031,0.006350733333336696,0.007217366666664778,0.005619200000001001,0.002911920634920491,0.002442589743591037,0.0034368412698403705,0.0026758095238100005,75051008.0,183369728.0,62300160.0,80355328.0,0.06213039822048611,0.1518012152777778,0.05157470703125,0.06652153862847222,0.0,0.0,0.0,0.0,0.0,0.0,0.0,0.0
1.0,1.0,1.0,1.0,0.007162100000001222,0.006984566666665159,0.00717416666666774,0.00823003333333645,0.0034105238095243915,0.002686371794871215,0.0034162698412703524,0.003919063492064976,75259904.0,183422976.0,62558208.0,80711680.0,0.06230333116319445,0.15184529622395834,0.051788330078125,0.06681654188368055,0.0,0.0,0.0,0.0,0.0,0.0,0.0,0.0
1.0,1.0,1.0,1.0,0.02680606666666563,0.01303133333333335,0.026181066666667144,0.017281866666667155,0.012764793650793155,0.005012051282051288,0.01246717460317483,0.00822946031746055,72667136.0,182390784.0,66678784.0,78860288.0,0.060156928168402776,0.15099080403645834,0.055199517144097224,0.06528388129340278,0.008270588234943501,0.05101960784313725,0.023010097719870014,0.04142002427184421,4.511111111111111,2.133333333333333,19.911111111111108,13.066666666666665
2.0,1.0,1.0,1.0,0.08904336666666571,0.542809600000002,0.13138099999999894,0.10358339999999847,0.04240160317460272,0.20877292307692383,0.06256238095238045,0.04932542857142784,74067968.0,187682816.0,100659200.0,79351808.0,0.061316596137152776,0.1553717719184028,0.08332994249131945,0.06569078233506945,1.426500283375307,1.4837005667506296,0.04199800328227576,0.07301867567567608,66.48888888888888,35.64444444444444,83.86666666666666,80.75555555555555
2.0,2.0,2.0,1.0,0.18482302314555638,0.8586918333333339,0.15941360000000107,0.11742633333333287,0.1005528730158734,0.33026608974358995,0.0759112380952386,0.05591730158730137,133906432.0,181243904.0,107241472.0,79863808.0,0.11085340711805555,0.15004136827256945,0.0887790256076389,0.06611463758680555,0.40490928543142735,3.6212437499999997,0.09333525724167756,0.17198073255309962,101.37777777777777,52.911111111111104,103.48888888888888,102.06666666666666
2.0,2.0,2.0,2.0,0.22555159999999988,0.9480837626466684,0.2803357999999995,0.09801753333333257,0.10740552380952376,0.37040262820512887,0.13349323809523786,0.04667501587301551,138178560.0,260468736.0,212537344.0,80982016.0,0.11439005533854166,0.21562703450520834,0.17594740125868055,0.06704033745659722,0.12444048227957205,3.5240389665311533,0.052923284217908664,0.27065003444712366,126.87533333333332,64.43341333333332,129.76453666666666,129.33290666666664
3.0,2.0,2.0,2.0,0.32090583333333156,1.0400638666666673,0.23819790000000018,0.1568946714316642,0.15281230158730075,0.4000245641025643,0.11342757142857152,0.08065739682539563,149413888.0,309407744.0,215121920.0,125329408.0,0.1236911349826389,0.2561408148871528,0.17808702256944445,0.10375298394097224,2.447244812876642,4.336203926503415,0.011996087983466143,0.013921996476279334,111.08511555555555,72.2,145.52625666666665,144.45959
3.0,3.0,3.0,2.0,0.4186929653822198,1.3461222999999993,0.27132610000000096,0.2387257999999987,0.1997098412698401,0.5177393461538459,0.1292029047619052,0.11367895238095177,216174592.0,345198592.0,216805376.0,128184320.0,0.1789584689670139,0.2857699924045139,0.1794806586371528,0.10611640082465278,2.884622622974086,4.791894709053071,0.02253987556561079,0.02605209532581174,155.98025703703703,98.68665,194.57777777777775,195.44444444444443
5.0,3.0,3.0,2.0,0.5038408000000002,1.8040935181733389,0.4502202000000016,0.27591369999999704,0.23992419047619057,0.7031410256410278,0.2143905714285722,0.13138747619047475,219832320.0,436027392.0,319746048.0,126406656.0,0.18198649088541666,0.3609619140625,0.2646993001302083,0.104644775390625,2.970580860844129,5.002132684444629,0.01682790570990797,0.024286297435897518,130.0561461111111,108.781635,218.59631444444443,217.17139629629628
5.0,4.0,4.0,3.0,0.4790987179011112,1.3158209666666627,0.4145013333333359,0.3423224999999981,0.23773369841269842,0.5060849871794857,0.19738158730158853,0.16301071428571337,337494016.0,424722432.0,328146944.0,139563008.0,0.2793918185763889,0.3516031901041667,0.2716539171006944,0.11553615993923612,0.22754280715907843,3.633405705571443,0.03417883276850456,0.18900455577172504,266.9822566930278,158.09103614481631,277.8222222222222,272.6687941686297
5.0,5.0,4.0,3.0,0.5878158666666664,2.2410401081283293,0.5306075605683351,0.30739652571,0.27991231746031736,0.891972602564101,0.254947603174604,0.16837471428571427,339189760.0,504475648.0,444366848.0,186863616.0,0.2807956271701389,0.4176262749565972,0.3678656684027778,0.154693603515625,0.008103608757060411,3.363948653379416,0.021336385108762814,0.04596467616868073,317.6812933333333,176.43684888888887,312.0302372222222,314.7457255555555
5.0,5.0,5.0,3.0,0.5861508333333327,2.109668916974444,0.5069619333333341,0.33331563333333086,0.27911944444444414,0.8164379230769228,0.24141044444444476,0.15872173015872898,352325632.0,639303680.0,437374976.0,188424192.0,0.2916700575086806,0.5292426215277778,0.3620775010850694,0.15598551432291666,1.1453220752029334,4.173056375103786,0.01328537260672925,0.018431744531460834,317.3243415175622,169.7095923679728,326.6639290713952,329.3392392965251
6.0,5.0,5.0,3.0,0.6468743666666665,2.167278533333332,0.5579445855533331,0.32693256666666837,0.30803541269841267,0.8335686666666662,0.2688883015873015,0.1556821746031754,354783232.0,662835200.0,519495680.0,185311232.0,0.2937045627170139,0.5487230088975694,0.43006049262152773,0.1534084743923611,2.2771105563649523,4.647253248529612,0.014792345008634604,0.019455895756194823,307.3131660629227,161.2,309.4645216203549,311.66666666666663
6.0,5.0,5.0,4.0,0.7593469666666679,2.5901876333333265,0.6038394333333343,0.3594759666666679,0.36159379365079425,0.9962260128205102,0.28754258730158777,0.17117903174603233,419708928.0,678916096.0,541908992.0,187113472.0,0.34745279947916663,0.5620354546440972,0.4486151801215278,0.1549004448784722,1.5337986439850189,4.0228032055630925,0.012747025888019277,0.022057874396135223,367.75682383939835,197.26666666666665,370.0444444444444,369.4888888888889
7.0,5.0,5.0,4.0,0.8994041999999999,2.6755983000000043,0.7237616333333363,0.49967218367944444,0.42828771428571416,1.029076269230771,0.34464839682539816,0.24975257142857143,423620608.0,693706752.0,540454912.0,231260160.0,0.3506910536024306,0.57427978515625,0.4474114312065972,0.19144694010416669,1.8653751688566866,4.191517664427975,0.01190389027237635,0.014928189556086423,361.88888888888886,192.2888888888889,361.1346090767988,360.21918074074074
7.0,7.0,7.0,4.0,0.9423868811483355,3.037177966666668,0.7168918333333336,0.49407809999999946,0.46182919047619153,1.1681453717948722,0.3413770634920636,0.23527528571428546,489963520.0,708313088.0,556363776.0,235724800.0,0.4056125217013889,0.5863715277777778,0.46058146158854163,0.19514295789930558,1.0852885202567701,3.627972224421136,0.012949224159312475,0.01697891365393858,422.66615111111105,226.46666666666664,421.23321430152447,420.9356722027152
8.0,7.0,7.0,4.0,1.0432637000000002,3.06854303333334,0.871919777338333,0.5049467666666666,0.4967922380952381,1.1802088589743616,0.4267683650793649,0.2404508412698412,487112704.0,855019520.0,728612864.0,235728896.0,0.40325249565972227,0.7078213161892362,0.603176540798611,0.19514634874131945,0.9580820848938829,3.3655200938798044,0.01742647477600286,0.024313525254808684,425.8343444444444,226.6121222222222,414.5628206075219,425.8886956075219
8.0,7.0,7.0,5.0,0.8541761377044682,3.4515668422456205,1.0117680357380983,0.5979070209361257,0.4162630731716593,1.3275257085560082,0.48179430273242774,0.2847176290172027,545185792.0,859734016.0,748204032.0,236777472.0,0.4513278537326389,0.7117241753472222,0.6193949381510416,0.196014404296875,0.05851099780916502,3.3712216940621795,0.013438121196040466,0.01908545514202695,474.722827421631,236.38618666666665,475.2030185399195,475.9555555555555
8.0,7.0,7.0,5.0,0.7970627999999975,3.769271066666671,0.9169458333333369,0.6853894222200001,0.3795537142857131,1.4497196410256425,0.4366408730158747,0.3474030317460318,540291072.0,862863360.0,752291840.0,281178112.0,0.44727579752604163,0.7143147786458333,0.6227789984809029,0.23277113172743052,0.009697671393808545,3.233090676943077,0.012905358807082967,0.017201502613971992,478.3575097599099,240.97777777777776,474.56577151310086,475.94783262421197
8.0,8.0,7.0,5.0,0.8316017666666646,3.463988633333332,0.9913557333333323,0.5539287333333335,0.39600084126984025,1.33230332051282,0.4720741587301582,0.26377558730158734,539631616.0,870518784.0,754434048.0,286461952.0,0.4467298719618056,0.7206522623697917,0.6245524088541667,0.23714531792534724,0.013009831539787109,3.158818416858478,0.013954480434195027,0.017955684191410068,489.40004950228814,247.79999999999998,489.7644320749357,489.59999999999997
8.0,8.0,8.0,5.0,0.7973968333333332,3.7536349000000104,0.9440236000000006,0.6374183666666651,0.37971277777777773,1.4437057307692345,0.44953504761904794,0.3035325555555548,539668480.0,944607232.0,746213376.0,286015488.0,0.4467603895399306,0.781985812717014,0.6177469889322916,0.23677571614583331,0.01410070307852539,2.994051815371025,0.014830417025116047,0.019167142896456497,503.53123069532745,251.86666666666665,502.85226810238225,504.3634366749257
8.0,8.0,8.0,5.0,0.9942826000000011,3.598772899999991,0.9010066999999999,0.6431396999999998,0.4734679047619053,1.3841434230769196,0.4290508095238095,0.3062569999999999,539017216.0,963112960.0,849788928.0,288182272.0,0.4462212456597222,0.797305636935764,0.7034912109375,0.23856947157118055,0.02208287858236845,3.042437847400023,0.016220545011402823,0.021030137314168057,506.472946145428,253.49513861107405,502.1460760560826,506.6315102771825
8.0,8.0,8.0,5.0,1.0868126666666675,4.216284366666671,0.8820205,0.5800624666666656,0.5175298412698416,1.6216478333333353,0.4200097619047619,0.2762202222222217,537903104.0,993902592.0,864866304.0,286216192.0,0.4452989366319444,0.8227945963541666,0.715972900390625,0.23694186740451387,0.02691605665045681,2.9094263749154234,0.01399549649632542,0.01867955911588653,521.7112775819837,258.4446583211443,519.6689946713681,520.4024845992063
8.0,8.0,8.0,5.0,0.9719990666666638,3.6044879666666736,1.0003360333333338,0.5761201666666677,0.4628566984126971,1.3863415256410283,0.4763504920634923,0.27434293650793695,531902464.0,1014611968.0,862650368.0,282427392.0,0.4403313530815972,0.8399386935763888,0.714138454861111,0.23380533854166669,0.3770401541994987,2.9783035192693235,0.013733418559305181,0.01856508053342568,500.81566453673634,252.77384208682457,511.843082326066,509.7962381192655
8.0,8.0,8.0,5.0,1.111364699999999,3.6972508999999985,0.8903669333333335,0.5486102999999993,0.5292212857142853,1.4220195769230763,0.423984253968254,0.26124299999999967,530739200.0,1026265088.0,855072768.0,277032960.0,0.4393683539496528,0.8495856391059028,0.7078653971354166,0.229339599609375,0.8440170265583855,3.193288831618993,0.012475313149138103,0.017074089994512518,482.00563531293164,240.79957928730676,484.8665457514237,484.35513336147955
8.0,8.0,8.0,5.0,1.0681068999999985,3.203842699999999,0.9604457666666664,0.7477254999999998,0.5086223333333326,1.232247192307692,0.45735512698412684,0.35605976190476174,531824640.0,1039294464.0,829927424.0,275120128.0,0.4402669270833333,0.8603719075520835,0.6870490180121528,0.2277560763888889,1.034778710877409,3.0969990599628026,0.012127977212200653,0.01614726929452933,484.3743264209229,243.39464332007495,483.55624118501595,485.3723307335066
8.0,8.0,8.0,5.0,1.0712111333333356,3.432195799999998,1.0055663333333356,0.5871284666666663,0.5101005396825407,1.3200753076923069,0.47884111111111216,0.27958498412698396,533762048.0,1060077568.0,826839040.0,275169280.0,0.44187079535590273,0.8775770399305556,0.6844923231336806,0.22779676649305552,1.2144541132143178,3.1163533516340425,0.012210730321128549,0.01634580798138873,493.71297687304616,248.17968996152914,498.0020786570956,496.53520205836304
8.0,8.0,8.0,5.0,1.0229576999999985,3.4922386666666685,0.9715001333333321,0.6408421999999978,0.48712271428571363,1.3431687179487188,0.46261911111111054,0.3051629523809513,536510464.0,1082843136.0,825892864.0,274677760.0,0.44414605034722227,0.89642333984375,0.6837090386284723,0.2273898654513889,1.4539113855157548,3.0918861233077206,0.012196683924242379,0.016920029306713113,487.62289402381975,243.84444444444443,487.1757867993985,486.7555555555555
8.0,8.0,8.0,5.0,1.0697741666666662,3.819372666666676,0.8926526666666674,0.620348866666669,0.5094162698412696,1.4689894871794906,0.4250726984126988,0.2954042222222234,538419200.0,1097674752.0,836034560.0,274866176.0,0.4457261827256944,0.9087015787760415,0.6921047634548612,0.2275458441840278,1.392073119232649,2.9694645454545454,0.011728389704004307,0.01614628349985987,488.79794976631183,245.15555555555554,487.88693198231226,487.46666666666664
8.0,8.0,8.0,5.0,1.135086166666667,3.66554746666667,0.9377271666666659,0.6221783333333325,0.5405172222222223,1.4098259487179503,0.44653674603174554,0.2962753968253964,537972736.0,1107542016.0,835395584.0,276062208.0,0.4453565809461805,0.9168701171875,0.6915757921006944,0.22853597005208334,1.2494417408869711,2.743285544373285,0.012338145823649525,0.01672194582642351,484.8444444444444,243.06666666666663,481.8490966664991,482.75555555555553
8.0,8.0,8.0,5.0,1.088374466666669,3.300365566666673,0.9899748666666652,0.5563142333333336,0.5182735555555568,1.2693713717948745,0.4714166031746025,0.26491153968253983,537759744.0,1114783744.0,822259712.0,276074496.0,0.4451802571614583,0.9228651258680557,0.6807013617621528,0.22854614257812503,1.0702826159305037,2.4767658094627985,0.012217104043026717,0.0162287747075246,484.09023314616445,242.33333333333331,481.8644860228434,481.420041578399
8.0,8.0,8.0,5.0,1.0475838999999982,3.490610966666657,0.7839589999999987,0.6389411000000025,0.4988494761904754,1.3425426794871755,0.3733138095238089,0.3042576666666678,538701824.0,1119793152.0,827486208.0,276733952.0,0.4459601508246528,0.9270121256510416,0.685028076171875,0.2290920681423611,0.8738250389515168,2.189886112119013,0.011500889826621407,0.01561941209095957,483.8222222222222,244.17777777777775,482.6888888888888,482.2222222222222
8.0,8.0,8.0,5.0,1.0474708000000001,3.134346733333334,0.7819082333333365,0.5803677000000012,0.49879561904761915,1.2055179743589746,0.37233725396825545,0.276365571428572,538636288.0,1133330432.0,833654784.0,276889600.0,0.4459058973524305,0.9382188585069444,0.6901346842447915,0.2292209201388889,0.756665140135556,1.8684862381126555,0.01042635964109136,0.013979487116916526,484.66666666666663,239.77777777777777,482.8866815795841,483.48668157958406
8.0,8.0,8.0,5.0,0.9993923999999964,3.1843259999999964,0.9607909999999988,0.5569354999999993,0.47590114285714114,1.2247407692307677,0.4575195238095233,0.26520738095238056,539246592.0,1145257984.0,842461184.0,278024192.0,0.4464111328125,0.948092990451389,0.6974249945746529,0.2301601833767361,0.7075745654162854,1.7396867021765083,0.011415453552906891,0.015735592602714787,485.3555555555555,244.9333333333333,486.6888888888888,485.7333333333333
8.0,8.0,8.0,5.0,1.2031699333333337,3.663587633333339,0.8225127000000014,0.5957884333333301,0.5729380634920637,1.4090721666666686,0.39167271428571493,0.28370877777777626,539406336.0,1152577536.0,836050944.0,278048768.0,0.44654337565104163,0.9541524251302084,0.6921183268229167,0.23018052842881945,0.7327006256929092,1.6671593153086648,0.011743167987332395,0.01601748399262302,480.6916309196409,241.68888888888887,481.8270990688659,480.4466114543362
8.0,8.0,8.0,5.0,1.137160266666664,3.6909136333333437,0.911565666666666,0.5393829000000001,0.5415048888888876,1.4195821666666704,0.4340788888888886,0.25684900000000005,540119040.0,1169506304.0,840007680.0,284561408.0,0.44713338216145837,0.968166775173611,0.6953938802083334,0.23557196723090282,0.6763245421323159,1.5493041126339677,0.012044598058963548,0.01572797341985221,484.7376871737224,243.0252209406553,485.31330873964765,484.51630005017944
8.0,8.0,8.0,5.0,1.0533855999999966,3.233984833333333,0.9798609000000013,0.6104415000000009,0.5016121904761889,1.2438403205128203,0.46660042857142914,0.2906864285714289,541155328.0,1192292352.0,829460480.0,285237248.0,0.44799126519097227,0.987030029296875,0.6866624620225695,0.23613145616319448,0.9732052222398218,1.730860942180267,0.011701094001346593,0.015749228130360147,482.7986617878711,242.2888888888889,491.6902519124306,492.17777777777775
8.0,8.0,8.0,5.0,1.1913291333333311,3.2336720333333355,0.9259474666666667,0.6380274333333309,0.5672995873015861,1.2437200128205135,0.4409273650793651,0.30382258730158607,550486016.0,1227456512.0,840830976.0,285655040.0,0.4557156032986111,1.0161404079861112,0.696075439453125,0.2364773220486111,1.6778106782889364,2.2553658837506854,0.01084333667791664,0.0149130780683126,486.13534531931754,242.88888888888886,486.7843149456964,487.5843149456964
8.0,8.0,8.0,5.0,0.9184367666666655,3.4240661333333304,0.943622733333332,0.7038313333333357,0.4373508412698407,1.3169485128205114,0.44934415873015804,0.33515777777777894,561262592.0,1261932544.0,834691072.0,285880320.0,0.4646369086371528,1.044681125217014,0.6909925672743055,0.236663818359375,2.1649136200884236,2.6501872108088103,0.011277583340115282,0.015805369312948993,480.3118576561004,239.99999999999997,480.8632895780733,481.5555555555555
8.0,8.0,8.0,5.0,0.989769666666667,3.5769099999999927,0.9882131999999975,0.5492166666666662,0.47131888888888906,1.3757346153846122,0.470577714285713,0.26153174603174584,571621376.0,1292570624.0,834383872.0,286801920.0,0.47321234809027785,1.0700446234809027,0.6907382541232638,0.2374267578125,2.3441614564178006,2.856810534016094,0.012884517058241094,0.01964330498507193,481.4444444444444,243.04444444444442,491.3555555555555,491.04444444444437
8.0,8.0,8.0,5.0,1.1390688333333325,3.402527233333335,0.9777579666666667,0.6953471666666682,0.5424137301587297,1.3086643205128212,0.4655990317460318,0.3311176984126991,580268032.0,1301278720.0,832385024.0,283246592.0,0.4803704155815973,1.0772535536024308,0.689083523220486,0.23448350694444442,2.5861595501496204,3.0632162239195155,0.013443428550006681,0.01806746259295749,493.08502745413244,247.7544286920581,496.0687734737871,496.0433215313887
8.0,8.0,8.0,5.0,0.9539529666666633,3.1135975333333272,0.9089320333333375,0.6328749999999966,0.4542633174603159,1.1975375128205104,0.43282477777777983,0.301369047619046,577130496.0,1314398208.0,840142848.0,280002560.0,0.47777303059895837,1.0881144205729167,0.6955057779947916,0.23179796006944448,2.6823354780256237,3.1165526098026737,0.011941438294010903,0.016491850300491818,478.5498193924039,243.9333333333333,487.0222222222222,486.71111111111105
8.0,8.0,8.0,5.0,1.027389866666663,3.6273104,0.9154398333333366,0.6143204666666682,0.4892332698412681,1.3951193846153847,0.43592373015873165,0.29253355555555627,581115904.0,1313394688.0,840859648.0,286461952.0,0.4810723198784722,1.0872836642795138,0.6960991753472223,0.2371453179253472,2.6552502313706023,3.103549441396633,0.013050812924972212,0.01771630995584242,483.94131675554524,245.38745255182843,489.93142200671514,490.40640536238175
8.0,8.0,8.0,5.0,0.9330929666666681,3.0876108000000064,0.9949572666666636,0.5474036333333364,0.4443299841269849,1.187542615384618,0.4737891746031731,0.2606683968253982,579350528.0,1329684480.0,854843392.0,293003264.0,0.4796108669704861,1.10076904296875,0.7076755099826388,0.2425604926215278,2.6842838979202615,3.1199291194956698,0.011737562837726784,0.01623599971958242,482.8253172433717,244.2920742864339,486.9502361681739,487.8220878414809
8.0,8.0,8.0,5.0,0.9851815000000025,3.000965233333329,0.8967329999999984,0.611523166666666,0.4691340476190488,1.1542173974358958,0.42701571428571355,0.2912015079365076,575680512.0,1349185536.0,840654848.0,293691392.0,0.4765726725260417,1.116912841796875,0.6959296332465279,0.24313015407986113,2.7135518285019056,3.1598898660556904,0.012612801467216838,0.017739263118821298,469.08672918299936,242.59836603485692,483.4856624373189,484.01736180550927
8.0,8.0,8.0,5.0,1.0987300603273011,3.4977849881678544,0.9204595207145942,0.5624643202346444,0.5232047906320482,1.345301918526098,0.43831405748314,0.2678401524926878,582762496.0,1358651392.0,847228928.0,294768640.0,0.4824354383680555,1.1247490776909723,0.7013719346788195,0.2440219455295139,2.65846839718476,3.110614869712598,0.01229638243622787,0.017013667449080058,484.353063033884,244.75372308512763,488.7768506469325,488.92712643676384
8.0,8.0,8.0,5.0,0.981751166666669,3.615290433333327,1.0586734333333292,0.5394195000000015,0.46750055555555664,1.3904963205128182,0.5041302063492044,0.2568664285714293,579735552.0,1363759104.0,839036928.0,291659776.0,0.47992960611979163,1.1289774576822915,0.6945902506510416,0.24144829644097224,2.7011620626781077,3.1344777812031186,0.011658736313868599,0.015982113435958633,475.64238363624673,243.40069168023652,488.8477454052492,487.048423258413
8.0,8.0,8.0,5.0,1.1333523999999973,3.202878300000009,1.038377266666662,0.4981562333333348,0.5396916190476178,1.2318762692307725,0.4944653650793628,0.23721725396825466,567365632.0,1376649216.0,851595264.0,293564416.0,0.4696892632378472,1.1396484375,0.704986572265625,0.24302503797743055,2.859710838867916,3.075592894092023,0.012991659126448245,0.016740808032119754,439.9299567381831,245.28888888888886,492.9807658843007,492.2488319949427
8.0,8.0,8.0,5.0,1.2740951333333366,3.1912525333333215,0.9854544000000014,0.6246713,0.6067119682539699,1.2274048205128159,0.4692640000000007,0.29746252380952376,574967808.0,1386848256.0,846163968.0,290840576.0,0.475982666015625,1.1480916341145835,0.7004903157552085,0.24077012803819442,2.875589551406509,3.043886106038915,0.01200284689679898,0.016535912985049372,445.66956085846084,248.22418902952305,496.18296153647526,495.9418477858637
8.0,8.0,8.0,5.0,1.122346233333329,3.3754396000000115,0.97222763333333,0.6266686333333336,0.534450587301585,1.2982460000000045,0.46296553968253806,0.298413634920635,573149184.0,1390850048.0,845684736.0,286916608.0,0.4744771321614583,1.151404486762153,0.7000935872395834,0.2375217013888889,2.9053307818480043,3.0629049252109826,0.014034719841198227,0.017760519223859114,426.68488229357007,247.3944567371922,494.7333333333333,494.5500399447863
8.0,8.0,8.0,5.0,1.0970897666666721,2.8020418000000005,1.0339282333333328,0.6222270666666645,0.522423698412701,1.077708384615385,0.49234677777777763,0.29629860317460216,574013440.0,1384579072.0,849952768.0,287133696.0,0.47519259982638895,1.1462131076388888,0.7036268446180556,0.237701416015625,2.7270919067215362,2.789578692627293,0.01109709546488125,0.015472422258592423,463.75213857533646,244.97396972120995,485.7347091969519,484.5962650233559
8.0,8.0,8.0,5.0,1.0659126333333309,3.424540166666666,0.8432038333333319,0.5454490333333354,0.5075774444444433,1.3171308333333331,0.40152563492063426,0.2597376349206359,570351616.0,1391136768.0,836296704.0,288440320.0,0.47216118706597227,1.151641845703125,0.69232177734375,0.23878309461805555,2.1326619165068057,2.226548119065011,0.011995008296460195,0.016140307862475757,484.99999999999994,242.6222222222222,482.1555555555555,483.46666666666664
8.0,8.0,8.0,5.0,1.0159116000000001,3.3861005000000115,0.9590184666666659,0.5568946666666685,0.4837674285714287,1.3023463461538505,0.45667546031745987,0.26518793650793737,565235712.0,1398308864.0,835256320.0,289619968.0,0.46792602539062494,1.1575792100694444,0.6914605034722222,0.23975965711805558,2.007480888241718,2.1489791389774364,0.011581567103757339,0.015709189255850162,488.6878123935232,244.37670227002255,486.26853360857126,487.75769902837976
8.0,8.0,8.0,5.0,1.0100454000000012,3.384736733333343,0.9587157333333323,0.6013684666666677,0.4809740000000006,1.301821820512824,0.4565313015873011,0.28636593650793696,566030336.0,1402200064.0,850415616.0,287293440.0,0.4685838487413194,1.1608005099826388,0.704010009765625,0.23783365885416666,1.946562528799189,2.1000949240649467,0.010645305120844535,0.01491169867545417,481.9978392044164,240.753396735105,480.9311270116389,481.7511765874791
8.0,8.0,8.0,5.0,1.0944912666666653,3.641827633333336,0.9694741666666697,0.6606470000000011,0.5211863174603167,1.400702935897437,0.4616543650793664,0.31459380952381005,566104064.0,1409183744.0,854618112.0,287555584.0,0.46864488389756936,1.1665818956163196,0.707489013671875,0.23805067274305555,1.998936659161672,2.1787042442776388,0.012065689798175246,0.01662989671707862,478.7024790369202,239.5111111111111,482.9555555555555,482.66666666666663
8.0,8.0,8.0,5.0,1.0763085666666674,3.9311553666666534,0.8496294333333311,0.595703933333336,0.5125278888888891,1.5119828333333283,0.4045854444444433,0.28366853968254097,570667008.0,1418866688.0,857083904.0,290402304.0,0.47242228190104163,1.174597846137153,0.709530300564236,0.24040730794270831,2.272544741382759,2.4206433670789433,0.011445817473264437,0.01575501774178877,489.28584061528124,243.7774622222222,489.8444444444444,489.7774622222222
8.0,7.0,8.0,5.0,1.0252587666666688,2.8309623333333205,0.8743428333333307,0.4936540000000036,0.4882184603174614,1.0888316666666618,0.4163537301587289,0.23507333333333508,576311296.0,1273901056.0,869003264.0,294400000.0,0.4770948621961806,1.0545891655815973,0.7193976508246528,0.2437167697482639,2.1909406631411787,2.3848375761432856,0.011415738553779024,0.015490936100192048,488.8000208607956,244.66666666666666,488.42222222222216,487.79999999999995
8.0,7.0,8.0,5.0,0.9226440333333319,3.7439664333333287,0.959987833333333,0.5697731333333347,0.43935430158730093,1.439987089743588,0.4571370634920634,0.27132053968254033,577138688.0,1278083072.0,844308480.0,294199296.0,0.47777981228298616,1.058051215277778,0.6989542643229167,0.24355061848958337,2.1562784763987595,2.380027414785708,0.012219211866407556,0.015806797486796618,487.51111111111106,243.48888888888885,487.95755124415695,487.4444444444444
8.0,7.0,8.0,5.0,0.9919525333333354,3.0823186333333448,1.0397818666666732,0.5746584999999982,0.4723583492063501,1.185507166666671,0.49513422222222536,0.2736469047619039,577327104.0,1285181440.0,844795904.0,293777408.0,0.477935791015625,1.063927544487847,0.6993577745225694,0.2432013617621528,2.2952351920432306,2.537592673235963,0.012262122488008932,0.016130261841985637,485.8859057160597,243.39497323444846,487.9777551830123,487.41720780121943
8.0,7.0,8.0,5.0,0.9992653000000057,3.288301933333339,0.9602445333333283,0.6279595333333342,0.4758406190476217,1.2647315128205152,0.4572593015872992,0.29902834920634963,578093056.0,1289261056.0,861302784.0,290107392.0,0.4785698784722222,1.0673048231336806,0.7130228678385417,0.24016316731770831,2.148917804709249,2.3922507690915666,0.012098544755678432,0.016601502120069254,491.0249245645485,245.15555555555554,489.67902301760677,489.39781639334547
8.0,7.0,8.0,5.0,1.0708973333333347,3.326103099999997,1.042733633333334,0.6405341000000003,0.5099511111111117,1.2792704230769216,0.4965398253968256,0.30501623809523826,567816192.0,1287741440.0,845021184.0,284704768.0,0.470062255859375,1.066046820746528,0.6995442708333334,0.2356906467013889,2.1877880545415276,2.4571635704576353,0.012220300007703504,0.016896567925692187,490.20342340805576,245.08888888888887,494.06857913939393,494.5311141727034
8.0,7.0,8.0,5.0,0.9562378666666631,3.2930658333333485,0.7596213666666642,0.4645457333333354,0.4553513650793634,1.2665637820512876,0.36172446031745914,0.22121225396825495,568893440.0,1288749056.0,841236480.0,285249536.0,0.47095404730902773,1.0668809678819444,0.6964111328125,0.2361416286892361,2.0761483557266422,2.302147273405797,0.01241921466921468,0.0163065970187206,497.51041304989707,248.37844558169678,487.8866717034798,489.37623234435904
8.0,7.0,8.0,5.0,0.9655310333333279,3.1209283666666883,0.9047348999999997,0.5538771666666681,0.45977668253968,1.2003570641025725,0.4308261428571427,0.2637510317460324,568025088.0,1286205440.0,841818112.0,284921856.0,0.47023518880208326,1.0647752549913196,0.6968926323784722,0.235870361328125,1.6634044175623746,1.9933859625057158,0.011721873069560212,0.015853165599268207,487.0882084101834,243.53333333333333,484.4653077147188,483.59999999999997
8.0,7.0,8.0,5.0,1.120801533333334,3.264598233333338,0.8541915333333312,0.4849213666666647,0.5337150158730162,1.2556147051282065,0.40675787301587196,0.2309149365079356,569651200.0,1296039936.0,838361088.0,284983296.0,0.47158135308159727,1.0729166666666667,0.69403076171875,0.23592122395833331,1.5501381828081648,1.9223826414902736,0.01151200545819355,0.015600059578368419,482.55366394258704,240.99945943818372,482.8625958582363,483.55501993124267
8.0,7.0,8.0,5.0,1.067224166666667,3.2271483000000067,0.8232824000000013,0.5788021000000034,0.5082019841269843,1.241210884615387,0.39203923809523866,0.27562004761904924,568487936.0,1296101376.0,844877824.0,284790784.0,0.4706183539496528,1.072967529296875,0.6994255913628472,0.23576185438368052,1.6956900638103904,2.014538969917958,0.01158494320722233,0.015808297417976194,487.8666666666666,244.28888888888886,482.71090689337063,481.8645037998311
8.0,7.0,8.0,5.0,1.1570324333333324,2.820451533333331,0.9320730333333358,0.5743032999999987,0.5509678253968249,1.0847890512820504,0.4438443015873028,0.2734777619047613,568274944.0,1312210944.0,861777920.0,290422784.0,0.4704420301649306,1.0863037109375,0.7134162055121528,0.24042426215277776,1.0413163888129724,1.4715632884135685,0.010754128153578544,0.014679095242460397,487.82011717737333,244.15345051070668,485.1535305053736,485.2201245842869
8.0,7.0,8.0,5.0,1.1701273999999955,3.387546133333319,0.9426258999999977,0.5564817333333281,0.5572035238095217,1.3029023589743536,0.44886947619047507,0.26499130158729906,567885824.0,1314762752.0,879001600.0,290271232.0,0.47011990017361105,1.088416205512153,0.7276746961805556,0.24029880099826387,0.9119793847944042,1.3075109392377098,0.01118460929496134,0.014789284926013772,483.50987541000075,242.0661522525312,484.952321697072,483.8851337029969
8.0,7.0,8.0,5.0,1.1644564608614463,3.4561676223496156,0.9775156020802749,0.5884975663421758,0.5545030766006886,1.329295239365237,0.46548362003822613,0.280236936353417,581890048.0,1322733568.0,866684928.0,290672640.0,0.4817131890190972,1.0950147840711806,0.7174784342447916,0.240631103515625,0.8966639254385965,1.2780674380572854,0.011394924595646507,0.015533087489241208,486.73487809334733,243.49043463660112,489.0395904571708,487.9549009070604
8.0,7.0,8.0,5.0,1.0394015333333337,3.8056312000000085,0.9010037666666619,0.6055004333333367,0.4949531111111114,1.4637043076923109,0.4290494126984104,0.2883335396825413,582295552.0,1322500096.0,867278848.0,290537472.0,0.48204888237847227,1.0948215060763888,0.7179701063368057,0.24051920572916663,1.0361067791945693,1.387424586439678,0.011327544170772686,0.015058649538264498,484.9767077680025,242.7989260396074,488.73132161559596,488.53226332566504
8.0,7.0,8.0,5.0,0.9805970338276881,3.1811794700883134,0.907354674220966,0.6001122146308933,0.4669509684893755,1.2235305654185824,0.4320736543909362,0.28576772125280636,587558912.0,1324290048.0,852533248.0,287698944.0,0.4864061143663194,1.0963033040364583,0.7057630750868056,0.23816935221354169,1.4342800222386953,1.7807626449035554,0.011524654475529882,0.015428186251955472,479.38019379500395,239.62463823944842,482.6025483746703,482.55798145020293
8.0,7.0,8.0,5.0,1.0878998333333318,3.221968166666651,0.8210695666666634,0.5312587000000026,0.518047539682539,1.2392185256410198,0.3909855079365063,0.2529803333333346,588292096.0,1322901504.0,852758528.0,286982144.0,0.4870130750868055,1.09515380859375,0.7059495713975694,0.2375759548611111,1.7003727740074077,1.9874981798325446,0.011289359009131127,0.015750665390679264,488.11112505740465,244.08888888888887,490.57222995089427,489.90556377799993
8.0,7.0,8.0,5.0,1.0581322333333332,2.9698507000000367,0.9657587666666757,0.6302776333333309,0.503872492063492,1.1422502692307832,0.4598851269841313,0.3001322063492051,580468736.0,1326891008.0,867962880.0,288444416.0,0.4805365668402778,1.0984564887152777,0.718536376953125,0.23878648546006945,1.9067209282611859,2.2047872971001277,0.010939200618406626,0.014999178532311107,487.1582618486747,243.4222222222222,488.08888888888885,488.68888888888887
8.0,7.0,8.0,5.0,1.0041773333333348,3.6593575666666727,0.9215203666666695,0.6120160333333293,0.4781796825396832,1.4074452179487202,0.4388192222222236,0.2914362063492044,588017664.0,1333903360.0,845406208.0,288538624.0,0.486785888671875,1.1042616102430556,0.6998630099826388,0.2388644748263889,2.247303766235138,2.5300034487816174,0.010968127384014857,0.01525421171777314,497.5960828739135,248.93490081040636,503.08670528223433,503.08829251327177
8.0,7.0,8.0,5.0,1.06248463333334,3.8210837000000164,0.9753542000000056,0.5715212333333284,0.5059450634920666,1.4696475769230828,0.46445438095238367,0.2721529682539659,594915328.0,1335615488.0,858955776.0,287580160.0,0.4924960666232639,1.1056789822048612,0.7110799153645833,0.2380710177951389,2.6844171524891864,2.9427939169530015,0.011747042677927534,0.01566819628888488,477.9586679420884,243.87272008850954,486.93681007748796,487.38381144302195
8.0,7.0,8.0,5.0,1.0122504666666732,3.3823931999999672,0.9494454000000019,0.5928359666666704,0.4820240317460349,1.3009204615384489,0.452116857142858,0.282302841269843,596623360.0,1337720832.0,845545472.0,288399360.0,0.4939100477430555,1.107421875,0.6999782986111112,0.23874918619791666,2.649743119266055,2.964057638724569,0.012505298369444175,0.015706959236136717,475.8867527350028,241.50891422053343,486.3361169081808,485.3311319986075
8.0,7.0,8.0,5.0,1.0728130666666704,3.2598161666666705,0.9793532333333324,0.5339113666666662,0.5108633650793669,1.2537754487179502,0.46635868253968193,0.25424350793650774,599142400.0,1333051392.0,854704128.0,290205696.0,0.4959954155815972,1.1035563151041665,0.7075602213541666,0.24024454752604169,2.793610097162813,3.088188995103131,0.01270380178052325,0.017013524813670095,470.094809812148,244.9567901783289,490.1777777777777,489.6901294378515
8.0,7.0,8.0,5.0,0.9446932333333297,3.84202489999999,0.851428666666671,0.6432746000000047,0.44985392063491897,1.4777018846153809,0.40544222222222437,0.3063212380952403,590962688.0,1328099328.0,855805952.0,295055360.0,0.48922390407986105,1.099456787109375,0.7084723578559028,0.2442593044704861,2.773064236525458,3.0743051018014027,0.011747644452482157,0.015723101244506564,480.4497089207945,245.66863811231116,491.1354766384678,490.7374451210177
8.0,7.0,8.0,5.0,1.0893424333333275,3.5260543666666613,0.8642423999999967,0.5459884666666653,0.5187344920634894,1.3561747564102542,0.4115439999999984,0.2599945079365073,592322560.0,1334345728.0,852971520.0,294965248.0,0.4903496636284722,1.1046278211805556,0.7061258951822916,0.24418470594618058,2.6881438599690033,3.024808715931955,0.011845471509193548,0.015616128153930186,477.17777777777775,243.3111111111111,487.4888888888888,486.8444444444444
8.0,7.0,8.0,5.0,1.1914664333333311,3.2789287000000136,0.781281633333333,0.6434483999999979,0.5673649682539672,1.2611264230769281,0.3720388730158729,0.30640399999999895,589127680.0,1328713728.0,858570752.0,296009728.0,0.48770480685763884,1.0999654134114583,0.7107611762152779,0.2450493706597222,2.74125597341647,3.0563180980497404,0.012315049151027714,0.016144752667541923,479.89507865089536,247.84444444444443,494.10895219471723,492.686729972495
8.0,7.0,8.0,5.0,1.1856839333333404,3.223683433333319,0.9651115000000005,0.6175258000000005,0.5646113968254003,1.2398782435897377,0.45957690476190494,0.29405990476190497,578277376.0,1311043584.0,836050944.0,288382976.0,0.4787224663628472,1.0853373209635415,0.6921183268229167,0.2387356228298611,1.3281721603092849,1.5240822793151156,0.012410230190036243,0.01605891914420676,492.88888694580635,245.66946382802197,478.6228100644229,478.0693611074072
8.0,7.0,8.0,5.0,1.031941900000002,3.4699051333333273,0.9731021333333332,0.5569268666666668,0.4914009047619057,1.334578897435895,0.46338196825396816,0.26520326984126996,578994176.0,1323778048.0,836730880.0,289443840.0,0.4793158637152778,1.095879448784722,0.6926812065972223,0.23961385091145831,0.8682370733988051,1.0912998346500091,0.012346303897563492,0.016650635443137152,484.27203588347726,241.79999999999998,487.25736779792476,486.43921539582016
8.0,7.0,8.0,5.0,1.1904381333333391,3.087662366666662,0.8330008333333296,0.576943799999998,0.5668753015873043,1.187562448717947,0.39666706349206166,0.2747351428571419,574791680.0,1331003392.0,840085504.0,285175808.0,0.47583685980902773,1.101860894097222,0.6954583062065972,0.23608059353298613,1.0573642937540653,1.2667384811509743,0.012302201823401613,0.016486526973207728,488.2680622455751,244.0222222222222,489.4902410477502,490.99999999999994
8.0,7.0,8.0,5.0,0.4480628999999984,1.242904899999985,0.459997100000002,0.2850313333333361,0.21336328571428492,0.47804034615384033,0.21904623809523904,0.13572920634920765,573243392.0,1308958720.0,833409024.0,292438016.0,0.4745551215277778,1.0836113823784723,0.6899312337239584,0.24209255642361113,0.4606816714436449,0.6765443280696102,0.011531020039421792,0.0146694107744109,257.6444444444444,127.24444444444443,243.1333333333333,244.15555555555554
8.0,7.0,8.0,5.0,0.052148666666664664,0.04534503333333456,0.05119306666666527,0.02547333333332252,0.02483269841269746,0.01744039743589791,0.024377650793650125,0.012130158730153582,571269120.0,1301856256.0,786399232.0,292454400.0,0.47292073567708337,1.0777316623263888,0.6510145399305556,0.24210611979166666,0.0,0.0,0.0,0.0,0.0,0.0,0.0,0.0
8.0,7.0,8.0,5.0,0.04607216666667758,0.046526500000034804,0.03910616666665874,0.02722686666666429,0.02193912698413218,0.017894807692321078,0.01862198412698035,0.012965174603173469,571752448.0,1297858560.0,483823616.0,293412864.0,0.4733208550347222,1.0744222005208333,0.4005296495225694,0.24289957682291669,0.0,0.0,0.0,0.0,0.0,0.0,0.0,0.0
8.0,7.0,8.0,5.0,0.05232036666667075,0.04223229999996268,0.05727503333332985,0.031219066666665185,0.02491446031746226,0.016243192307677953,0.02727382539682374,0.014866222222221516,572149760.0,1298264064.0,463536128.0,292438016.0,0.4736497667100695,1.0747578938802085,0.3837348090277778,0.2420925564236111,0.0,0.0,0.0,0.0,0.0,0.0,0.0,0.0
8.0,7.0,8.0,5.0,0.04909463333332648,0.0396355999999893,0.044224833333328196,0.02969969999999951,0.02337839682539356,0.015244461538457422,0.021059444444442,0.014142714285714054,572125184.0,1298608128.0,458530816.0,287588352.0,0.47362942165798605,1.075042724609375,0.3795912000868056,0.23807779947916669,0.0,0.0,0.0,0.0,0.0,0.0,0.0,0.0
8.0,7.0,8.0,5.0,0.04786476666666128,0.04860306666666171,0.04926849999999755,0.029723833333332547,0.022792746031743465,0.018693487179485272,0.02346119047618931,0.014154206349205974,579674112.0,1306402816.0,431398912.0,296046592.0,0.4798787434895833,1.0814954969618056,0.3571302625868056,0.24507988823784724,0.0,0.0,0.0,0.0,0.0,0.0,0.0,0.0
6.0,5.0,5.0,4.0,0.05056086666666412,0.038778999999991966,0.03840430000000007,0.022808733333338677,0.02407660317460196,0.014914999999996906,0.01828776190476194,0.010861301587304131,303976448.0,948699136.0,190500864.0,201351168.0,0.2516445583767361,0.7853732638888888,0.15770467122395837,0.16668701171875,0.0,0.0,0.0,0.0,0.0,0.0,0.0,0.0
1.0,1.0,1.0,1.0,0.009104499999997037,0.007978699999997237,0.006424900000001799,0.008718966666666952,0.00433547619047478,0.0030687307692297064,0.003059476190477047,0.004151888888889026,79011840.0,205484032.0,65810432.0,83267584.0,0.06540934244791667,0.1701083713107639,0.054480658637152776,0.06893242730034722,0.0,0.0,0.0,0.0,0.0,0.0,0.0,0.0
1.0,1.0,1.0,1.0,0.011150166666667852,0.0074319666666572935,0.007724700000001879,0.00798490000000432,0.005309603174603739,0.0028584487179451126,0.003678428571429466,0.0038023333333353907,79642624.0,206053376.0,66523136.0,83329024.0,0.06593153211805555,0.17057969835069445,0.05507066514756945,0.06898328993055555,0.0,0.0,0.0,0.0,0.0,0.0,0.0,0.0
1.0,1.0,1.0,1.0,0.010562466666662355,0.0046951333333405875,0.013429133333329445,0.006846666666660894,0.005029746031743978,0.0018058205128233028,0.006394825396823546,0.0032603174603147117,79810560.0,206311424.0,67653632.0,81739776.0,0.066070556640625,0.17079332139756945,0.056006537543402776,0.06766764322916667,0.002174999997019768,0.036000000000000004,0.009836842105258255,0.01154772727276114,0.39999999999999997,0.19999999999999998,0.9777777777777776,0.711111111111111
1.0,1.0,1.0,1.0,0.15349496666666104,0.36500053333332594,0.11949109999999716,0.0798329666666632,0.07309284126983859,0.14038482051281767,0.05690052380952245,0.03801569841269676,76771328.0,213176320.0,100843520.0,82075648.0,0.06355455186631945,0.1764763726128472,0.08348253038194445,0.06794569227430555,0.37100602992954607,0.4290237242614145,0.046100916561314445,0.046655232909860636,52.8,26.35555555555555,72.93333333333332,64.1111111111111
1.0,1.0,1.0,1.0,0.10713036666666842,0.7512958333333396,0.2177749333333395,0.12626150000000202,0.05101446031746116,0.2889599358974383,0.10370234920635214,0.06012452380952479,79843328.0,208621568.0,107089920.0,79355904.0,0.0660976833767361,0.1727057562934028,0.088653564453125,0.06569417317708333,2.95337749883775,3.353477019498607,0.041969070852778796,0.12168994045087228,57.84444444444444,48.755555555555546,103.99999999999999,101.82222222222221
2.0,2.0,2.0,1.0,0.18779665073111013,0.5140744999627861,0.209794215046111,0.1679846333333368,0.0946616031746027,0.20063825641025962,0.11220250793650789,0.0799926825396842,140419072.0,285741056.0,214765568.0,85291008.0,0.1162448459201389,0.2365485297309028,0.1777920193142361,0.07060750325520833,1.1648463659843589,3.5265274691947823,0.1040295414248477,0.532808143939394,99.36904999999999,57.98477777777777,110.4219361111111,110.79446666666665
2.0,2.0,2.0,2.0,0.21978903333332955,1.0949157999999921,0.23036050000000075,0.1588049999999977,0.10466144444444264,0.4211214615384585,0.10969547619047654,0.07562142857142747,147877888.0,301895680.0,226263040.0,129998848.0,0.12241956922743055,0.24992201063368058,0.1873101128472222,0.10761854383680555,1.3037148221760837,3.6645670304179943,0.009512146448774416,0.012631465581307904,133.97777777777776,67.88068518518517,135.42852222222223,134.87296666666666
2.0,2.0,2.0,2.0,0.3550670666666695,1.3898707333333236,0.31636910000000357,0.2476577333333354,0.16907955555555687,0.5345656666666629,0.15065195238095408,0.11793225396825495,154267648.0,342638592.0,232873984.0,135688192.0,0.1277092827690972,0.28365071614583337,0.1927829318576389,0.11232842339409724,3.022725432325656,4.363133271004736,0.021094697874373153,0.026574394124846818,85.86666666666666,90.97777777777776,185.1111111111111,181.73333333333332
4.0,3.0,3.0,2.0,0.4126173889794401,1.7806049529555568,0.4123567683922244,0.32017440000000175,0.2148316666666646,0.6939212820512825,0.2201014126984137,0.15246400000000082,278552576.0,397033472.0,333668352.0,141774848.0,0.2305976019965278,0.3286810980902778,0.2762247721354167,0.1173672146267361,0.9939318319730216,3.6214329169421373,0.03876646615295118,0.09011041024653321,211.24424327610384,131.31669444444444,231.26770611111107,232.63349444444444
4.0,3.0,3.0,3.0,0.551642366666666,1.7091772999999817,0.481012466666661,0.2742100584383342,0.26268684126984093,0.6573758846153775,0.22905355555555285,0.13404738095238133,287440896.0,443346944.0,355430400.0,187412480.0,0.23795572916666669,0.3670213487413194,0.2942403157552083,0.1551479763454861,1.2550150176678447,4.252787102052316,0.013685698237124025,0.016887055538979578,251.02222222222218,130.00009259259258,252.40304999999998,251.95860555555552
5.0,4.0,4.0,3.0,0.47093916597611224,1.921583992226107,0.4950009129305591,0.2608769666666678,0.2400506984126989,0.7467607179487163,0.255501460317462,0.12422712698412752,348209152.0,508424192.0,435924992.0,187064320.0,0.2882622612847222,0.4208950466579861,0.3608771430121528,0.15485975477430555,0.5427640377088505,3.473202816548487,0.018484189974830655,0.022082974628586948,308.1484123622809,164.95351111111108,298.8531017799029,304.9345720707306
5.0,4.0,4.0,3.0,0.6414857666666681,2.5686261333333107,0.631618366666667,0.3427647666666609,0.3054694126984134,0.9879331282051194,0.30077065079365095,0.16322131746031474,348463104.0,548691968.0,444837888.0,186634240.0,0.2884724934895833,0.4542304144965278,0.368255615234375,0.1545037163628472,0.07029574910441605,3.537389099816289,0.013549084272541027,0.018473754642079742,339.38234400811905,180.53333333333333,346.66666666666663,346.5777777777777
5.0,6.0,5.0,3.0,0.6952786999999967,2.190485400000006,0.603218094175002,0.3090114666666673,0.33108509523809365,0.842494384615387,0.29676679365079456,0.14714831746031776,360284160.0,734298112.0,547463168.0,189255680.0,0.29825846354166663,0.6078830295138888,0.4532131618923611,0.1566738552517361,2.4321571047574877,5.059564935626696,0.011417412496557859,0.01548685100750122,302.31181277777773,158.14647444444444,309.1230183366174,312.32217166666663
6.0,6.0,5.0,3.0,0.6897017299322181,2.500560466666649,0.6679700666666637,0.3876558333333318,0.3309487936507918,0.9617540256410189,0.3180809841269827,0.18459801587301514,427569152.0,745512960.0,552439808.0,191299584.0,0.3539598253038195,0.6171671549479166,0.4573330349392361,0.15836588541666669,1.7477620218326932,4.089401546462648,0.011115598798648473,0.015574490688663735,350.19059666666664,187.42222222222222,357.4444444444444,355.37777777777774
6.0,6.0,5.0,3.0,0.8516498666666662,3.2669140000000025,0.6450244333333334,0.3987185000000013,0.4055475555555552,1.2565053846153855,0.3071544920634921,0.18986595238095302,427978752.0,769118208.0,549122048.0,191008768.0,0.35429890950520837,0.6367085774739583,0.45458645290798605,0.15812513563368055,1.8896427843542734,4.264176122377213,0.01093190769602509,0.01610010950237272,365.66533635542123,189.64444444444442,366.3555555555555,366.3555555555555
7.0,6.0,5.0,4.0,1.100522215042778,3.383150633333324,0.7457083333333352,0.5868969009105551,0.5317498253968256,1.3012117820512783,0.3550992063492072,0.2933634761904759,495206400.0,780963840.0,554954752.0,234852352.0,0.40995279947916663,0.646514892578125,0.4594150119357639,0.1944207085503472,0.9081075429945877,3.5677138523618623,0.014606714615707662,0.01850281635100975,423.0157508670834,219.95044983655774,413.54818388888884,409.8107817814219
7.0,6.0,6.0,4.0,0.8284948171849531,3.453230643602297,0.8029881603606361,0.5490404959504052,0.39452134151664436,1.3281656321547295,0.3914490297002072,0.2614478552144786,497598464.0,794468352.0,635858944.0,237928448.0,0.4119330512152778,0.6576944986979167,0.5263909233940971,0.19696723090277776,0.6911764102564107,3.39050586556723,0.017852714710984742,0.025653293474899575,431.20304020268014,223.18145209680645,421.9594355555555,430.75861057403824
8.0,7.0,6.0,4.0,0.9805903999999953,3.829306066666676,0.7442533333333314,0.5746730666666662,0.46694780952380727,1.4728100256410293,0.35440634920634834,0.27365384126984105,556822528.0,872038400.0,652681216.0,243810304.0,0.4609612358940972,0.7219102647569444,0.5403171115451388,0.2018364800347222,0.15817049499661776,2.9369093155570654,0.01614321407856094,0.02382653756499897,494.4065641920168,263.4888888888889,500.5315151425368,496.62222222222215
8.0,7.0,8.0,5.0,0.9208320333333302,3.5354924666666863,0.8970932043927824,0.5481286374322191,0.438491444444443,1.3598047948718022,0.4601606984127005,0.27448609523809375,552382464.0,884240384.0,840716288.0,291688448.0,0.45728556315104163,0.7320115831163194,0.695980495876736,0.24147203233506942,0.014917473528897475,2.873428840236127,0.021508164477891993,0.02817864971960021,506.78976228464467,268.5439133333333,492.23681333333326,500.0356988888889
8.0,8.0,8.0,5.0,0.968438633333336,3.911492300000018,1.15768303333333,0.6874228666666686,0.46116125396825525,1.5044201153846224,0.5512776349206332,0.32734422222222315,550690816.0,966701056.0,859824128.0,291008512.0,0.45588514539930547,0.8002760145399306,0.7117987738715278,0.2409091525607639,0.017454465217387086,2.968529699334073,0.014452675102684415,0.018366218560277568,511.11111111111103,267.35198899406004,512.8651901890779,512.2888888888888
8.0,8.0,8.0,5.0,1.0813051333333294,4.340452966666653,0.9093451666666652,0.6688178333333282,0.5149072063492044,1.6694049871794818,0.4330215079365072,0.3184846825396801,551686144.0,987226112.0,856993792.0,291975168.0,0.4567091200086806,0.8172675238715277,0.7094557020399306,0.24170939127604169,0.18355763177040701,3.1136473638869746,0.01257602948053932,0.01632458845048344,505.50904902636114,258.3555555555555,507.75770681008356,508.7555555555555
8.0,8.0,8.0,5.0,1.05976963333333,3.6743105333333475,0.8929375999999994,0.6877881333333369,0.5046522063492047,1.4131963589743646,0.4252083809523808,0.3275181587301603,546562048.0,984834048.0,866779136.0,282468352.0,0.4524671766493056,0.8152872721354166,0.717556423611111,0.23383924696180555,0.5762693229384169,3.287582949308755,0.011222079229312933,0.015065317120964499,485.1083972782666,240.73333333333332,486.50771542857296,485.4612401091236
8.0,8.0,8.0,5.0,1.138259600000001,3.660289833333321,0.78236553333333,0.5302576333333373,0.5420283809523814,1.407803782051277,0.3725550158730142,0.2525036349206368,539357184.0,997158912.0,849362944.0,280100864.0,0.44650268554687506,0.8254903157552083,0.7031385633680556,0.23187934027777776,0.6448192741212068,3.1500730009827573,0.010982012204292397,0.014895365758035652,490.77643462759676,249.06666666666663,492.06456823318683,491.5777572305733
8.0,8.0,8.0,5.0,1.15599523333333,3.9812871666666823,0.8973397000000022,0.5762280999999964,0.5504739206349191,1.531264294871801,0.42730461904762007,0.2743943333333316,534773760.0,1022836736.0,846733312.0,273149952.0,0.4427083333333333,0.8467475043402778,0.700961642795139,0.22612508138020831,0.8741037464525991,3.18984839117984,0.011718437008638217,0.016071326017375348,484.0626728588464,243.1111111111111,484.17577791110216,484.2666666666666
8.0,8.0,8.0,5.0,1.085503600000001,3.3762657666666502,0.8711289333333333,0.6918239666666627,0.5169064761904766,1.2985637564102503,0.4148233015873016,0.32943998412698217,534855680.0,1029251072.0,829276160.0,274821120.0,0.4427761501736111,0.8520575629340277,0.6865098741319445,0.227508544921875,0.9220124269181891,3.110936082354216,0.011941827915049994,0.016445824942098352,491.660906998477,244.9478643873631,491.929360605487,491.98886116256824
8.0,8.0,8.0,5.0,1.0765128000000046,3.667777366666679,0.887088266666665,0.6703206000000018,0.5126251428571449,1.4106836025641074,0.4224229841269833,0.31920028571428655,537710592.0,1048219648.0,842907648.0,275554304.0,0.44513956705729163,0.8677605523003473,0.6977945963541667,0.22811550564236113,0.9761141354410505,3.065978322198298,0.012682379011498796,0.017739771094221563,496.1837687389791,249.81796495048874,496.2226819407332,497.24350491279694
8.0,8.0,8.0,5.0,1.0797825289961398,3.2682064724703617,0.9227671977069721,0.6133756832422281,0.5141821566648284,1.2570024894116774,0.43941295128903424,0.2920836586867752,539561984.0,1077055488.0,846118912.0,276275200.0,0.4466722276475694,0.8916320800781251,0.7004530164930555,0.22871229383680552,1.333376038980885,3.175249098387681,0.012302557528384014,0.016795078110209933,484.44861069619054,245.26883377287854,487.16023781175943,486.6498833736283
8.0,8.0,8.0,5.0,0.8756136000000043,3.483786966666679,0.9250778666666618,0.6532175000000062,0.41695885714285924,1.3399180641025688,0.44051326984126754,0.3110559523809553,542093312.0,1104396288.0,834088960.0,277053440.0,0.4487677680121527,0.9142659505208333,0.6904941134982638,0.22935655381944442,1.4780427943711756,3.0700538126850274,0.012902474239988405,0.017170778589810427,491.37981198746576,248.0222222222222,494.0411988557221,493.39673355109653
8.0,8.0,8.0,5.0,1.0540611333333278,4.019562566666665,0.9475302666666631,0.5586887333333337,0.5019338730158704,1.545985602564102,0.45120488888888716,0.26604225396825415,543629312.0,1125482496.0,830197760.0,278028288.0,0.4500393337673611,0.9317220052083333,0.6872728135850694,0.23016357421875,1.6830308993023109,3.0655991724502503,0.012126292779435435,0.01646745857365198,486.1954185924142,242.73138774079175,486.4444444444444,486.48693934590557
8.0,8.0,8.0,5.0,1.0022350666666662,3.3875928999999987,0.8371754333333291,0.6069719000000026,0.4772547936507935,1.3029203461538454,0.3986549682539662,0.2890342380952393,544649216.0,1132929024.0,822423552.0,278614016.0,0.4508836534288194,0.9378865559895834,0.6808369954427084,0.23064846462673613,1.5345042108122793,2.7744241354659995,0.01316545376722091,0.017408810802215575,491.3999999999999,247.37777777777774,491.1528327003648,490.61888022279993
8.0,8.0,8.0,5.0,1.0700285000000032,3.3561098,0.8699923333333311,0.5837869999999972,0.5095373809523824,1.2908114615384614,0.4142820634920625,0.27799380952380814,545988608.0,1137876992.0,820854784.0,278966272.0,0.4519924587673611,0.941982693142361,0.679538302951389,0.23094007703993055,1.4969534823604942,2.5486733366333607,0.012984947811756091,0.01644501821843136,488.897526989416,243.31223911261245,486.09671576359415,487.6978437650955
8.0,8.0,8.0,5.0,0.9517867000000039,3.9945680000000006,0.9928707666666686,0.4924058000000007,0.4532317619047638,1.5363723076923077,0.4727956031746041,0.2344789523809527,545947648.0,1153904640.0,827932672.0,279265280.0,0.45195855034722215,0.9552510579427083,0.6853976779513888,0.23118760850694442,1.256345910534016,2.2229941678622587,0.012288462307081733,0.0170792604437502,490.59889103710066,244.73216400258752,488.62801427967526,488.1587688375193
8.0,8.0,8.0,5.0,0.9522397333333349,3.304050166666667,0.9830286333333348,0.4971066666666606,0.45344749206349294,1.2707885256410258,0.46810887301587367,0.23671746031745744,546582528.0,1150816256.0,821346304.0,279842816.0,0.452484130859375,0.9526943630642362,0.6799452039930556,0.2316657172309028,1.21569608084031,1.9715289876710105,0.011479831000347135,0.015160567310904588,487.0009810066329,245.5578767495382,487.00740249842016,486.3389135095745
8.0,8.0,8.0,5.0,0.9589234666666722,3.0237881000000106,0.9035674666666647,0.6589027666666667,0.4566302222222248,1.1629954230769268,0.4302702222222213,0.3137632222222222,547024896.0,1164267520.0,837951488.0,279175168.0,0.452850341796875,0.9638298882378472,0.693691677517361,0.2311130099826389,1.0089073075653796,1.6861429923388918,0.012658361158740142,0.01725919217533066,491.5764217886612,246.1111111111111,491.3555555555555,490.37777777777774
8.0,8.0,8.0,5.0,1.0429956333333354,3.4788922666666666,0.9876796333333308,0.6150662333333339,0.49666458730158836,1.3380354871794873,0.4703236349206337,0.2928886825396828,546783232.0,1167613952.0,838885376.0,280416256.0,0.45265028211805547,0.9666002061631945,0.6944647894965278,0.23214043511284724,1.0860098372657363,1.6480524395804834,0.011821137349869944,0.016275487515946693,488.32724938362384,243.1555555555555,488.2027606877018,487.5999999999999
8.0,8.0,8.0,5.0,1.1509572333333267,3.7060074000000194,1.0258960666666677,0.5716665000000011,0.5480748730158699,1.425387461538469,0.48852193650793696,0.27222214285714336,552521728.0,1172611072.0,840589312.0,280092672.0,0.4574008517795139,0.9707370334201388,0.6958753797743056,0.23187255859374997,1.0676258188835333,1.566870978434018,0.012077247806623535,0.015874493461042676,482.38196483396996,241.11193106074614,483.60394396663474,482.00075328016896
8.0,8.0,8.0,5.0,1.1559370999999978,3.325453633333322,0.9058022666666674,0.5882584666666706,0.5504462380952371,1.2790206282051237,0.431334412698413,0.28012307936508124,552566784.0,1194668032.0,839204864.0,288940032.0,0.4574381510416667,0.9889967176649306,0.6947292751736112,0.23919677734375,0.9505176223503826,1.4971139314748942,0.011611133732522452,0.015753453977585877,484.0872656196833,241.9108448185667,487.10974030783814,485.88864333945565
8.0,8.0,8.0,5.0,1.057690800000004,3.4577020333333293,0.9938216666666714,0.6338662000000028,0.5036622857142876,1.3298853974358957,0.47324841269841494,0.3018410476190489,555069440.0,1224409088.0,852463616.0,288661504.0,0.4595099555121528,1.0136176215277777,0.7057054307725694,0.23896620008680555,1.6311514470317596,2.108054704797048,0.012263663215145857,0.01618405386714298,482.1084486317265,240.68888888888887,488.4447861499637,488.9086724461448
8.0,8.0,8.0,5.0,1.1289085999999997,4.051054699999986,0.8513759000000013,0.6802292333333326,0.5375755238095237,1.558097961538456,0.4054170952380959,0.32391868253968226,560861184.0,1251803136.0,857341952.0,288759808.0,0.46430460611979163,1.0362955729166667,0.7097439236111112,0.2390475802951389,1.9820166468684046,2.4517164552367796,0.01222367952478081,0.016289899127589994,488.06222622898343,243.5789225200132,490.17646129307826,489.956700297791
8.0,8.0,8.0,5.0,1.1042385333333282,3.3795004000000217,0.9563641333333313,0.6468957666666664,0.5258278730158705,1.2998078461538545,0.4554114920634911,0.30804560317460294,568918016.0,1269383168.0,855830528.0,294035456.0,0.47097439236111105,1.050849066840278,0.7084927029079862,0.24341498480902776,2.2675319926873856,2.633419496081648,0.011730420996418443,0.015632285220089397,486.99999999999994,243.86666666666662,491.24617883252785,490.5989252494933
8.0,8.0,8.0,5.0,1.1226844666666664,2.952430600000013,0.794742066666662,0.4766215666666691,0.5346116507936507,1.1355502307692358,0.378448603174601,0.22696265079365197,577646592.0,1302499328.0,858791936.0,293572608.0,0.47820027669270837,1.0782640245225694,0.7109442816840278,0.24303181966145834,2.833313534786504,3.1392780021958466,0.012111386777098344,0.016589467423133265,446.55957989784184,243.26891081676393,484.9124948763154,485.4689068657954
8.0,8.0,8.0,5.0,0.9621361333333236,3.035699500000012,0.918550399999997,0.6459142666666707,0.45816006349205873,1.1675767307692355,0.437404952380951,0.30757822222222414,583966720.0,1323597824.0,840249344.0,294207488.0,0.48343234592013884,1.0957302517361112,0.6955939398871527,0.2435574001736111,2.792067194353828,3.110188474807081,0.01190041659119725,0.016434729940664087,467.7791328997338,245.06666666666663,489.9577907166244,489.80223516106884
8.0,8.0,8.0,5.0,0.9457975333333375,3.521228300000022,0.988326600000001,0.6285259333333338,0.4503797777777798,1.3543185769230854,0.47063171428571476,0.2992980634920637,585875456.0,1332363264.0,835756032.0,286793728.0,0.4850124782986111,1.1029866536458335,0.6918741861979166,0.23741997612847224,2.7829162793107587,3.098395369866188,0.012551489043324844,0.017072107865168492,468.13265469929115,246.79347469376296,494.0201112518424,494.4601309906847
8.0,8.0,8.0,5.0,1.1631483000000022,3.085042466666648,0.8409766999999989,0.5932797666666658,0.5538801428571438,1.1865547948717876,0.4004650952380946,0.2825141746031742,578510848.0,1342459904.0,861421568.0,292745216.0,0.4789157443576389,1.1113450792100694,0.7131212022569444,0.2423468695746528,2.7439793032623614,3.0681701837607354,0.01198683162938684,0.01659273553710363,476.1586973851552,248.13083484551098,495.8607800526552,495.74307091747346
8.0,8.0,8.0,5.0,1.2051808999999993,3.7913874333333544,0.9604055999999996,0.6143959333333328,0.5738956666666662,1.4582259358974439,0.45733599999999974,0.2925694920634918,587436032.0,1343926272.0,849334272.0,289820672.0,0.4863043891059028,1.1125590006510415,0.7031148274739583,0.2399258083767361,2.819262928292283,3.126159594507023,0.01253354739769105,0.016525176662438967,461.0869354822781,244.66447426895385,489.3778358318027,488.9311606869512
8.0,8.0,8.0,5.0,0.9296779999999975,3.2125778666666767,1.0247594666666695,0.4985609333333381,0.44270380952380833,1.2356068717948754,0.48798069841269975,0.2374099682539705,581160960.0,1359843328.0,853463040.0,289890304.0,0.4811096191406249,1.1257358127170138,0.7065327962239584,0.2399834526909722,2.7842542203634837,3.106641649335383,0.011966157379999407,0.016765257518458553,473.15756457837927,246.1333333333333,492.5306629534164,493.3555555555555
8.0,8.0,8.0,5.0,1.0683401666666688,3.7245117666666676,0.8785660666666643,0.6615329000000012,0.5087334126984138,1.4325045256410256,0.4183647936507925,0.31501566666666725,578060288.0,1364267008.0,866381824.0,293003264.0,0.47854275173611116,1.1293979220920138,0.7172275119357638,0.2425604926215278,2.7665151651516515,3.095280903640985,0.011883749554341537,0.01643708077893987,472.8226863729547,246.0893175159325,491.28755956525384,491.86709183625067
8.0,8.0,8.0,5.0,1.1863987002166283,3.241588968505231,0.8421356107315449,0.6482261623062824,0.5649517620079184,1.2467649878866274,0.40101695749121197,0.3086791249077536,584634368.0,1375924224.0,866856960.0,295940096.0,0.48398505316840273,1.1390482584635417,0.717620849609375,0.2449917263454861,2.8052844313114225,3.0637011979900546,0.012993941975581048,0.0184127026784914,465.09107052073097,246.66989080025482,496.6652751235747,495.2477071016876
8.0,8.0,8.0,5.0,1.0960116666666693,2.9393136333333336,0.9999383333333326,0.6292200333333293,0.5219103174603187,1.1305052435897436,0.4761611111111107,0.29962858730158537,576098304.0,1388748800.0,867954688.0,296058880.0,0.4769185384114583,1.149664984809028,0.7185295952690972,0.2450900607638889,2.903393532329264,2.9719356828581485,0.012657807642885405,0.017116050308914412,436.8214975462972,252.39999999999998,505.26390543062837,504.71111111111105
8.0,8.0,8.0,5.0,1.2418332555659273,3.919691074523417,0.8426929409412075,0.5160127982935658,0.5913491693171082,1.507573490201314,0.40128235282914637,0.2457203801397932,577568768.0,1398489088.0,846237696.0,296824832.0,0.4781358506944445,1.1577284071180556,0.7005513509114583,0.24572414822048613,2.927929567483117,2.9933620133190884,0.012946501543232179,0.017592105541742405,415.5098787742135,253.18327666028932,505.02726738472325,504.6966219426635
8.0,8.0,8.0,5.0,1.243853633333333,3.5764167333333186,0.850150233333334,0.5895055333333308,0.5923112539682539,1.3755448974358917,0.4048334444444447,0.28071692063491943,575967232.0,1402097664.0,854581248.0,290045952.0,0.47681003146701384,1.1607157389322915,0.70745849609375,0.24011230468750003,2.9216154509777392,2.9553917314920026,0.013117528391222101,0.01746986541056538,413.7590658820423,253.59999999999997,501.0054151758265,501.5588668874221
8.0,8.0,8.0,5.0,1.1248903333333353,3.0802774666666535,1.0332080666666674,0.5802705333333354,0.5356620634920646,1.1847221025640975,0.49200384126984165,0.27631930158730256,572690432.0,1403281408.0,866246656.0,287518720.0,0.47409735785590273,1.1616956922743056,0.7171156141493056,0.23802015516493055,2.2419977471611405,2.295828501804134,0.012359497434792482,0.01726867620656727,494.91270944577604,247.62047122784404,491.56636216088293,492.2340031439807
8.0,8.0,8.0,5.0,0.875622100000004,2.980496233333332,0.8541095666666583,0.5340115333333292,0.4169629047619066,1.1463447051282045,0.40671884126983726,0.2542912063492044,572456960.0,1405644800.0,860790784.0,288505856.0,0.47390407986111116,1.1636522081163194,0.7125990125868056,0.23883734809027776,2.067416160708256,2.129901027332017,0.012042460066780924,0.017503015594783223,491.2639068206988,245.50970083475914,491.99776602521365,492.01856908278756
8.0,8.0,8.0,5.0,1.0661338999999979,3.755355999999976,0.9268946999999979,0.6802867333333353,0.5076828095238084,1.444367692307683,0.4413784285714275,0.3239460634920644,570200064.0,1411444736.0,861114368.0,285356032.0,0.47203572591145837,1.1684536404079862,0.7128668891059027,0.23622979058159724,2.0417522571267006,2.0968885960926853,0.012247440585009066,0.016679865710915464,488.10239103287495,243.99999999999997,487.8444444444444,488.99999999999994
8.0,8.0,8.0,5.0,1.0744257999999964,2.9495115666666685,0.9467521999999993,0.5879503666666683,0.5116313333333316,1.1344275256410261,0.45083438095238054,0.27997636507936585,570601472.0,1417048064.0,853905408.0,284303360.0,0.4723680284288195,1.1730923122829862,0.7068990071614583,0.23535834418402776,1.9952155136019172,2.051714889555495,0.011678615325982033,0.015892437126832044,489.68753685021403,244.8222222222222,490.7744471051627,489.9333333333333
8.0,8.0,8.0,5.0,1.0098415841584076,3.238594059405936,0.9119117245057845,0.6438990565723242,0.48087694483733706,1.2456130997715138,0.4342436783360879,0.30661859836777344,571609088.0,1429176320.0,859561984.0,284270592.0,0.47320217556423605,1.1831325954861112,0.711581759982639,0.23533121744791666,2.2419748014242673,2.2882378530096013,0.01127586300379547,0.01603027968550592,487.9796208636131,244.75740012297115,491.2021897269508,491.80405799965047
8.0,8.0,8.0,5.0,1.083601333333337,3.4915408333333082,0.9537770333333299,0.6434006333333419,0.5160006349206365,1.342900320512811,0.454179539682538,0.30638125396825805,578965504.0,1392279552.0,862109696.0,289566720.0,0.4792921278211806,1.152587890625,0.7136908637152777,0.239715576171875,2.3889618835073714,2.4209982339761704,0.012096505102155776,0.01653685768950457,483.88948043293874,240.42138901195375,488.77514875882054,486.6620634581759
8.0,7.0,8.0,5.0,0.9479973666666712,2.6863907333333237,0.969185066666669,0.6049295666666675,0.4514273174603197,1.0332272051282014,0.46151669841269954,0.2880616984126988,583327744.0,1292128256.0,857665536.0,292720640.0,0.4829033745659722,1.0696784125434027,0.7100118001302085,0.24232652452256945,2.2820030304659893,2.3451799667170303,0.012618043115803165,0.018013739976574614,490.6560628761742,245.85876683651298,494.8902726540932,492.52544930283995
8.0,7.0,8.0,5.0,1.1218364000000045,3.0520615333333505,0.8918268666666695,0.6025785333333356,0.5342078095238116,1.1738698205128268,0.4246794603174617,0.28694215873015977,585199616.0,1298255872.0,870346752.0,293388288.0,0.4844529893663195,1.0747511121961804,0.7205098470052084,0.24287923177083331,2.224757367213693,2.305943762690916,0.012537305809371698,0.01760889513530005,503.04444444444437,250.95555555555552,503.66967453540684,503.5822403966772
8.0,7.0,8.0,5.0,1.1769229333333384,3.696299533333327,0.8309594333333357,0.6398168333333293,0.5604394920634945,1.4216536666666644,0.39569496825396927,0.3046746825396806,584536064.0,1302839296.0,873127936.0,292478976.0,0.4839036729600695,1.078545464409722,0.722812228732639,0.24212646484375,2.499356988022256,2.5429984563697454,0.011659804898743095,0.01584366619547525,487.9158561792129,244.06666666666663,485.11694482467016,485.9176433984487
8.0,7.0,8.0,5.0,1.0610882000000004,3.0929345000000206,0.9321360999999987,0.5622936333333389,0.5052800952380955,1.1895901923077,0.4438743333333327,0.2677588730158757,584642560.0,1303638016.0,871133184.0,292954112.0,0.4839918348524306,1.0792066786024306,0.7211608886718751,0.2425198025173611,2.3179460517189616,2.381952164111812,0.012365618146226682,0.017016452106590158,492.73067677934796,246.48888888888885,495.26328313620957,494.13333333333327
8.0,7.0,8.0,5.0,1.1001765666666663,2.811226066666662,1.0458635999999994,0.7144990666666654,0.523893603174603,1.081240794871793,0.4980302857142853,0.34023765079365015,572854272.0,1298948096.0,850464768.0,284581888.0,0.47423299153645826,1.0753241644965277,0.7040506998697917,0.23558892144097224,2.538278091022714,2.597609593161658,0.01185762709813446,0.01656951551442567,490.25101470459373,246.3580267764987,489.31517064100564,490.6246914677689
8.0,7.0,8.0,5.0,0.965551899999997,3.0855053000000185,0.9542457666666716,0.473775166666663,0.45978661904761764,1.186732807692315,0.45440274603174835,0.22560722222222046,574722048.0,1301417984.0,854720512.0,285265920.0,0.47577921549479174,1.077368842230903,0.7075737847222223,0.23615519205729169,2.0784634460509794,2.1372778032036615,0.0121195736974087,0.0173113442683037,487.404074465337,243.39999999999995,485.8222222222222,485.2444444444444
8.0,7.0,8.0,5.0,1.0716663999999998,3.81399756666666,1.0081357333333376,0.5734227333333288,0.5103173333333332,1.4669221410256386,0.480064634920637,0.2730584444444423,579481600.0,1303494656.0,852758528.0,283930624.0,0.4797193739149305,1.0790879991319444,0.7059495713975694,0.2350497775607639,1.7985616090061396,1.8894078118913296,0.011654990866947589,0.01626988847583665,489.6825613136505,245.0206351322657,487.91465057604523,488.08731167503663
8.0,7.0,8.0,5.0,1.102067899999999,4.04185019999998,0.892080666666675,0.6867670000000051,0.5247942380952376,1.5545577692307615,0.4248003174603214,0.3270319047619072,580517888.0,1303715840.0,861073408.0,284332032.0,0.4805772569444445,1.0792711046006944,0.7128329806857638,0.235382080078125,1.9078151868947415,2.0251908278944186,0.011969771726431131,0.016542085730041598,492.3748046426534,246.30813649460404,496.5999517975966,495.6858438492376
8.0,7.0,8.0,5.0,1.1560565666666645,3.4402489333333355,1.046529700000002,0.5994776666666723,0.5505031269841258,1.3231726666666674,0.49834747619047715,0.28546555555555825,579592192.0,1303265280.0,859000832.0,283840512.0,0.4798109266493056,1.0788981119791667,0.7111172146267362,0.23497517903645834,1.3918542289432039,1.529427260519248,0.010592332305417278,0.01480190610605965,502.19999999999993,250.2222222222222,495.8480120104103,497.3354815769589
8.0,7.0,8.0,5.0,0.9706362666666659,3.442647866666687,0.9776537999999961,0.5763090666666641,0.4622077460317457,1.324095333333341,0.4655494285714266,0.2744328888888877,577773568.0,1305944064.0,850771968.0,283594752.0,0.4783053927951389,1.08111572265625,0.7043050130208333,0.234771728515625,1.1163198691719722,1.2872488551243768,0.012403985586096102,0.017542116873761848,494.64316006113137,247.7126240097845,492.2687648874363,493.00153363842657
8.0,7.0,8.0,5.0,1.0135620999999995,3.527179200000023,1.0328260333333334,0.5451552333333325,0.4826486190476188,1.3566073846153934,0.4918219206349206,0.2595977301587297,577466368.0,1306140672.0,868016128.0,289193984.0,0.4780510796440972,1.0812784830729167,0.7185804578993056,0.2394070095486111,1.1197654993924198,1.2907914917527357,0.013403636288052464,0.0178864836216701,480.69260321058437,240.6239230763532,479.73254726158086,479.6439868761514
8.0,7.0,8.0,5.0,1.1830860580608584,3.476689197746903,0.9182166783321637,0.6708690797586965,0.5633743133623135,1.3371881529795782,0.4372460373010303,0.3194614665517602,580292608.0,1323782144.0,868184064.0,289243136.0,0.4803907606336806,1.0958828396267362,0.718719482421875,0.2394476996527778,1.1201535068361552,1.3105908925814946,0.011542065804720402,0.016195453720508072,490.35078605605736,245.28888888888886,490.5980282795961,491.311111111111
8.0,7.0,8.0,5.0,1.0993877000000016,3.4977450333333078,1.0368375333333402,0.6606717666666687,0.5235179523809532,1.3452865512820416,0.4937321587301621,0.3146056031746042,593203200.0,1324724224.0,876511232.0,288616448.0,0.49107869466145837,1.0966627332899306,0.725613064236111,0.2389289008246528,1.330493955250812,1.5203516466275975,0.012273798442674295,0.016572576313669405,491.0009136208522,245.2231368307727,495.8444444444444,495.4009205347398
8.0,7.0,8.0,5.0,1.0339824666666706,3.8169398999999693,0.9419490333333309,0.6943496999999998,0.49237260317460496,1.468053807692296,0.4485471587301576,0.33064271428571423,594268160.0,1335717888.0,892370944.0,288927744.0,0.4919603135850694,1.1057637532552083,0.738742404513889,0.23918660481770834,1.7902300094146453,1.9230257647487254,0.011358993722136269,0.01569438626843956,487.97251254098035,243.35555555555553,487.6888888888888,488.08888888888885
8.0,7.0,8.0,5.0,1.1525798666666598,3.2591767333333714,0.8546054666666768,0.4826167333333293,0.5488475555555523,1.2535295128205273,0.4069549841269889,0.22981749206349011,594644992.0,1338388480.0,884731904.0,281587712.0,0.4922722710503472,1.1079745822482638,0.732418484157986,0.23311021592881945,2.0326005547137727,2.161514824304539,0.011274282449725769,0.014933980848153222,485.77517257725236,242.5111111111111,486.91111111111104,487.19999999999993
8.0,7.0,8.0,5.0,1.0428476333333283,3.580242200000013,1.0939143333333297,0.5750729333333405,0.4965941111111088,1.3770162307692357,0.5209115873015855,0.2738442539682574,597897216.0,1336700928.0,872083456.0,288219136.0,0.494964599609375,1.1065775553385415,0.7219475640190972,0.23859998914930552,2.229906798245614,2.3648750053203016,0.011239450290275758,0.016080355201159698,484.33507563299105,241.66841192941905,488.4444444444444,488.73509044846435
8.0,7.0,8.0,5.0,1.24407703333333,3.3312067333333366,0.8563866999999978,0.6463184999999954,0.5924176349206333,1.2812333589743599,0.4078031904761894,0.307770714285712,596754432.0,1337315328.0,867807232.0,294617088.0,0.4940185546875,1.107086181640625,0.7184075249565971,0.24389648437500003,2.7562100794735165,2.8614009905407816,0.01254346930736151,0.016909670964873485,466.57572945865263,249.04444444444442,500.5132001392685,499.91111111111104
8.0,7.0,8.0,5.0,1.165330866666674,3.1999095666666717,0.8552855333333317,0.5912483999999988,0.5549194603174638,1.2307344487179503,0.4072788253968246,0.28154685714285654,597729280.0,1342369792.0,860344320.0,295555072.0,0.4948255750868056,1.111270480685764,0.7122294108072917,0.24467298719618055,2.793675874098989,2.85604592371718,0.011799910137942661,0.01618104132827995,463.3745834451805,244.77640203645268,493.42702902423946,491.73195956722907
8.0,7.0,8.0,5.0,1.0348236666666706,3.2212328333333478,1.0700395666666698,0.515427866666668,0.4927731746031765,1.2389357051282106,0.5095426507936522,0.24544184126984187,604856320.0,1335877632.0,864665600.0,296189952.0,0.5007256401909722,1.10589599609375,0.7158067491319444,0.24519856770833331,2.659439124487004,2.755788533514801,0.01298660812759825,0.017600237509542652,505.82222222222214,261.4,522.911111111111,523.8
8.0,7.0,8.0,5.0,1.2101079333333282,3.510819900000013,0.9278543999999953,0.5922648999999998,0.5762418730158706,1.350315346153851,0.4418354285714264,0.2820309047619046,598466560.0,1332211712.0,854724608.0,291606528.0,0.49543592664930564,1.1028611924913194,0.7075771755642362,0.24140421549479166,2.8890119220855524,2.969725075913688,0.012266352889667232,0.01736825338514596,445.67384457139514,253.75383622804983,507.39779071547434,506.8849741032719
8.0,7.0,8.0,5.0,1.0036535333333292,3.3359482333333172,1.0145429333333331,0.6320438999999984,0.4779302539682519,1.2830570128205068,0.48311568253968246,0.30097328571428494,594915328.0,1337602048.0,868220928.0,294588416.0,0.49249606662326395,1.1073235405815973,0.71875,0.2438727484809028,2.8942776415301013,2.9591306139810407,0.01314741371622224,0.018275291136990078,437.12884271822975,248.75128025776178,498.24444444444435,497.2623948255423
8.0,7.0,8.0,5.0,1.2193172333333318,3.5942692333333035,0.9399983333333373,0.585356766666672,0.5806272539682531,1.382411243589732,0.4476182539682558,0.27874131746032,588652544.0,1341386752.0,869797888.0,293289984.0,0.4873114691840277,1.1104566786024306,0.7200554741753471,0.2427978515625,2.902637669693016,3.0057132654883056,0.011821424041803094,0.016260993728541187,426.72437568467734,248.79999999999998,498.3182967880525,497.4689038031319
8.0,7.0,8.0,5.0,0.8706694999999987,3.5288555999999933,0.9512327333333322,0.5592361333333333,0.4146045238095231,1.3572521538461513,0.45296796825396773,0.26630292063492067,580874240.0,1312796672.0,870453248.0,297529344.0,0.48087226019965285,1.0867886013454862,0.7205980088975694,0.246307373046875,2.587740808743879,2.5657545023272466,0.012177507002801043,0.0161528480717153,469.91045896375766,247.57777777777775,475.53333333333325,475.0222222222222
8.0,7.0,8.0,5.0,1.1291026666666748,3.0712951333333423,0.9027282333333327,0.548352600000006,0.5376679365079403,1.1812673589743623,0.429870587301587,0.2611202857142885,576917504.0,1320574976.0,856100864.0,298209280.0,0.47759670681423616,1.0932278103298612,0.7087164984809028,0.24687025282118058,0.9874772875387338,1.0428165644236351,0.012413248712620896,0.016730026966292413,496.99472635870546,248.99660173383435,493.2666666666666,495.1521493851704
8.0,7.0,8.0,5.0,1.1761108333333292,3.3240296333333426,0.8436176333333397,0.6433979666666612,0.5600527777777758,1.2784729358974396,0.40172268253968557,0.3063799841269815,577765376.0,1331359744.0,871030784.0,293253120.0,0.4782986111111111,1.1021558973524306,0.7210761176215278,0.242767333984375,1.0644860986079359,1.134134631166226,0.012141622642612093,0.016626907615123417,487.6020045780829,244.04444444444442,489.62401898017697,489.82329039410746
8.0,7.0,8.0,5.0,0.9938518333333303,2.7371361666666565,0.8627612666666703,0.49073446666666504,0.4732627777777762,1.0527446794871758,0.4108386984127001,0.23368307936507857,575561728.0,1317388288.0,855252992.0,293830656.0,0.47647433810763884,1.0905897352430556,0.7080145941840277,0.24324544270833334,1.0416853725716118,1.0687573797157535,0.012613292030271474,0.017612866449511485,484.8460584029894,241.68911315604015,470.1091349465591,470.1557714263172
8.0,7.0,8.0,5.0,0.043916133333342114,0.045127700000072456,0.04341036666666772,0.025348133333333557,0.02091244444444862,0.017356807692335562,0.020671603174603675,0.01207053968253979,573411328.0,1301987328.0,843542528.0,288960512.0,0.4746941460503472,1.0778401692708333,0.6983201768663195,0.23921373155381945,0.039393859649436515,0.020710526315789478,0.0044666666666744285,0.006494444444620361,0.8222222222222221,0.42222222222222217,0.39999999999999997,0.5999999999999999
8.0,7.0,8.0,5.0,0.04644853333332624,0.046020100000043834,0.05860713333333553,0.03153703333333056,0.022118349206345835,0.017700038461555323,0.027908158730159786,0.015017634920633599,573042688.0,1300185088.0,479944704.0,289353728.0,0.47438897026909715,1.0763481987847223,0.39731852213541663,0.23953925238715276,0.0,0.0,0.0,0.0,0.0,0.0,0.0,0.0
8.0,7.0,8.0,5.0,0.04395820000000109,0.0454877333333305,0.04428376666667381,0.026353766666666917,0.02093247619047671,0.01749528205128096,0.021087507936511332,0.012549412698412818,573390848.0,1299406848.0,480825344.0,284585984.0,0.47467719184027773,1.0757039388020833,0.3980475531684028,0.23559231228298613,0.0,0.0,0.0,0.0,0.0,0.0,0.0,0.0
8.0,7.0,8.0,5.0,0.04752053333334061,0.04551729999998694,0.05142490000000067,0.02985853333332784,0.02262882539682886,0.017506653846148825,0.024488047619047937,0.01421834920634659,573112320.0,1300893696.0,462888960.0,284758016.0,0.4744466145833333,1.076934814453125,0.3831990559895833,0.23573472764756945,0.0,0.0,0.0,0.0,0.0,0.0,0.0,0.0
8.0,7.0,8.0,5.0,0.041341866666668156,0.037960899999958046,0.050576999999996514,0.02640203333333299,0.019686603174603887,0.01460034615383002,0.024084285714284052,0.01257239682539666,573755392.0,1301921792.0,462569472.0,284803072.0,0.47497897677951395,1.0777859157986112,0.3829345703125,0.23577202690972224,0.0,0.0,0.0,0.0,0.0,0.0,0.0,0.0
8.0,7.0,8.0,5.0,0.05270856666666456,0.057000466666662905,0.05415450000000609,0.03087266666666437,0.025099317460316458,0.021923256410254964,0.025787857142860044,0.014701269841268749,397623296.0,1098973184.0,252375040.0,216088576.0,0.32916937934027773,0.9097764756944444,0.2089267306857639,0.1788872612847222,0.0,0.0,0.0,0.0,0.0,0.0,0.0,0.0
1.0,1.0,1.0,1.0,0.008915966666669798,0.008540633333298804,0.005482933333329735,0.006686666666670741,0.004245698412699904,0.003284858974345694,0.0026109206349189213,0.0031841269841289244,80015360.0,207564800.0,65589248.0,88399872.0,0.06624009874131945,0.17183091905381945,0.054297553168402776,0.07318115234375,0.0,0.0,0.0,0.0,0.0,0.0,0.0,0.0
1.0,1.0,1.0,1.0,0.007312900000003234,0.007707066666686539,0.006994666666666187,0.006206200000004477,0.0034823333333348734,0.0029642564102640534,0.003330793650793422,0.002955333333335465,80547840.0,208248832.0,65757184.0,88707072.0,0.066680908203125,0.1723971896701389,0.054436577690972224,0.07343546549479167,0.0,0.0,0.0,0.0,0.0,0.0,0.0,0.0
1.0,1.0,1.0,1.0,0.00845403333333555,0.006185400000019096,0.00384039999999762,0.0076109000000011895,0.004025730158731214,0.0023790000000073444,0.0018287619047607712,0.0036242380952386617,80650240.0,208404480.0,65777664.0,88944640.0,0.06676567925347222,0.17252604166666666,0.054453531901041664,0.07363213433159722,0.0,0.0,0.0,0.0,0.0,0.0,0.0,0.0
1.0,1.0,1.0,1.0,0.07116256666666534,0.2045541333333555,0.06803996666666687,0.05739096666666986,0.03388693650793588,0.07867466666667519,0.03239998412698422,0.027329031746033267,76238848.0,204206080.0,87330816.0,83914752.0,0.0631137424045139,0.16905042860243055,0.072296142578125,0.06946818033854167,0.008637086092241552,0.05781617647058824,0.021080656934306913,0.024945038167938933,12.355555555555554,6.088888888888889,33.13333333333333,23.71111111111111
1.0,1.0,1.0,1.0,0.20115870000000388,0.6068864333332992,0.15105866666666165,0.06861600000000484,0.09578985714285898,0.23341785897434583,0.07193269841269602,0.032674285714288015,78028800.0,207556608.0,107020288.0,84643840.0,0.06459554036458333,0.17182413736979166,0.0885959201388889,0.0700717502170139,1.8430657492354743,2.2385302850356292,0.04351036175710584,0.07390488683127648,62.77777777777777,37.4,88.57777777777777,84.66666666666666
2.0,1.0,2.0,1.0,0.1597879241666669,0.6366300666666576,0.14251219999999495,0.11182313333333695,0.08848720634920645,0.24485771794871444,0.06786295238094997,0.053249111111112836,138575872.0,197926912.0,112365568.0,86962176.0,0.1147189670138889,0.1638522677951389,0.0930209689670139,0.071990966796875,0.7088724116806401,3.7393432556203163,0.09262548543689303,0.25508030098831985,98.28888888888888,53.39999999999999,100.84444444444443,99.68888888888887
2.0,2.0,2.0,1.0,0.21040106666666886,0.818958566116115,0.16708806666667117,0.09115373333333233,0.10019098412698517,0.3354404358974374,0.07956574603174818,0.04340653968253921,141447168.0,276074496.0,209293312.0,88649728.0,0.117095947265625,0.228546142578125,0.17326185438368055,0.07338799370659722,0.01888123334604022,3.545432167077404,0.03862699359053371,0.19344577910657676,119.94998333333332,62.540864444444445,125.63991548711566,125.5873011111111
3.0,2.0,2.0,2.0,0.2761053666666712,1.1822693999999743,0.25911303333333624,0.18682382245055534,0.13147874603174817,0.45471899999999005,0.12338715873016011,0.10245014285714277,152662016.0,323788800.0,224534528.0,132706304.0,0.1263800726996528,0.2680460611979167,0.1858791775173611,0.1098598904079861,2.217260851262841,4.561621678597536,0.017559180376028147,0.016758297116319657,122.40945555555554,71.55555555555556,143.21810222222223,142.28608888888888
3.0,2.0,2.0,2.0,0.3193978631733334,1.4268944666666177,0.316192000000005,0.1939037666666638,0.16838339682539682,0.5488055641025452,0.15056761904762145,0.0923351269841256,221802496.0,350699520.0,223211520.0,135057408.0,0.1836174858940972,0.29032389322916663,0.184783935546875,0.11180623372395834,2.874632035306854,4.898702028258889,0.016915785292782527,0.018390189584285573,155.43686111111109,98.13333333333331,195.35555555555553,194.88888888888886
4.0,3.0,3.0,2.0,0.5132644000000023,1.8731853195783352,0.3599934641338879,0.3381669333333276,0.24441161904762015,0.7217396666666673,0.19706015873015828,0.1610318730158703,221749248.0,435167232.0,322768896.0,137338880.0,0.18357340494791666,0.3602498372395833,0.2672017415364583,0.11369493272569445,2.9552247066637145,5.387335473694382,0.016592525459616387,0.023077257130602612,155.10428111111108,101.80481722222221,201.33460888888888,206.66016518518515
4.0,3.0,3.0,2.0,0.4733634666666703,1.7702551015444241,0.4965805333333364,0.34276243333333367,0.22541117460317633,0.6818164230769153,0.23646692063492208,0.16322020634920648,286728192.0,432160768.0,327290880.0,140754944.0,0.23736572265624997,0.3577609592013889,0.2709452311197917,0.11652289496527778,1.0012301395222296,3.8943353429376764,0.01333817920115163,0.031649982139667396,245.5671748148148,141.28888888888886,248.91111111111107,250.79999999999998
4.0,4.0,4.0,3.0,0.595989266666668,1.8444866666666377,0.5140080768672229,0.26203619226278085,0.2838044126984133,0.7094179487179375,0.266682285714286,0.1386579206349221,290770944.0,527523840.0,418426880.0,184471552.0,0.24071248372395834,0.43670654296875,0.3463914659288194,0.1527133517795139,1.4082092734055784,4.645125397275731,0.014215824867165754,0.022786926484773897,248.36172111111108,132.58566055555553,243.21485666666666,246.44965277777774
5.0,4.0,4.0,3.0,0.6851522555683294,1.7838903415094245,0.46122320000000516,0.2859475000000006,0.3289131428571409,0.7071057692307616,0.21963009523809773,0.13616547619047645,354119680.0,560119808.0,439730176.0,185044992.0,0.2931552463107639,0.4636908637152778,0.3640272352430555,0.15318806966145831,1.121050032470198,4.4217394262979495,0.009654479304866272,0.01307357531500594,309.6272296296296,169.44444444444443,312.17681886474304,312.3111111111111
5.0,5.0,4.0,3.0,0.6844015333333333,1.9657634293244621,0.5255776999999968,0.26124376666666554,0.32590549206349206,0.7591068717948786,0.2502750952380937,0.12440179365079312,361287680.0,637665280.0,448569344.0,187363328.0,0.2990892198350694,0.5278862847222222,0.3713446723090278,0.15510728624131945,1.563917983580406,5.10008671188726,0.011974684270952926,0.020852299097550493,308.60523344889776,154.53103499999997,310.59999999999997,311.11242611111106
6.0,5.0,5.0,3.0,0.8135986387244418,2.6467482999999645,0.589067312596113,0.4206179333333323,0.39969298412698284,1.0179801153846018,0.2859452857142867,0.20029425396825348,421646336.0,665444352.0,554172416.0,190410752.0,0.34905666775173616,0.5508829752604166,0.45876736111111116,0.1576300726996528,1.020521916116343,4.456047293092719,0.014997052538926914,0.021023532689450317,360.426588283744,181.35555555555553,358.4104884706029,361.7333333333333
6.0,5.0,5.0,4.0,0.7806509000000039,2.537195166666626,0.6788318666666675,0.40304857511111153,0.37173852380952566,0.9758442948717791,0.32325326984127023,0.21015887301587322,425091072.0,676290560.0,556490752.0,231649280.0,0.35190836588541663,0.5598619249131944,0.4606865776909722,0.1917690700954861,0.9534409582877296,4.599526257938447,0.011667298355206314,0.014794658811185453,365.42222222222216,179.75555555555553,356.4755355941172,356.96112175594664
7.0,6.0,5.0,4.0,0.7711638052466685,2.7896610535133464,0.7244665333333302,0.3983657666666598,0.3765196349206358,1.0814534743589794,0.34498406349206195,0.18969798412698083,482119680.0,738758656.0,556220416.0,234893312.0,0.39911905924479163,0.6115756564670138,0.4604627821180556,0.1944546169704861,0.09944099415361796,3.836627553074839,0.014129098882625358,0.01801105185341641,421.9842,211.65149999999997,423.06847415440683,422.3553999999999
7.0,6.0,6.0,4.0,0.8392927000000009,3.3670846999999875,0.7173365700627806,0.5483752666666634,0.39966319047619087,1.2950325769230722,0.3645006507936521,0.2611310793650778,480808960.0,758382592.0,660684800.0,238047232.0,0.3980339898003472,0.6278211805555555,0.5469428168402779,0.19706556532118058,0.011964516131343837,3.631618862275449,0.018985628503595448,0.023549360459261058,443.2064703749507,222.2222222222222,440.4743433333333,442.8666666666666
7.0,7.0,6.0,5.0,0.766093633333333,3.3964638999999677,0.8182197333333381,0.5595463464961103,0.3648064920634919,1.3063322692307566,0.38962844444444666,0.28227734920634884,479518720.0,831787008.0,648101888.0,282857472.0,0.3969658745659722,0.6885884602864584,0.5365261501736112,0.234161376953125,0.01662122613396351,3.3692630809450037,0.014200716152133848,0.018386757246149854,459.06735873090383,227.8222222222222,452.31365614808226,452.3803228147489
7.0,7.0,7.0,5.0,0.9110994999999955,3.2496471333333394,0.8852635648888906,0.5450877000000021,0.43385690476190264,1.2498642820512842,0.44047711111111193,0.2595655714285724,481202176.0,845856768.0,761692160.0,282845184.0,0.3983595106336805,0.7002360026041666,0.6305609809027779,0.23415120442708334,0.01929309149951854,3.421309529109188,0.016947583661357776,0.020894386321805396,457.80464540938493,229.9616492951382,455.0300727459651,458.5616552214592
7.0,7.0,7.0,5.0,0.8853446999999942,3.759962400000018,0.9340425333333333,0.5943764999999986,0.42159271428571143,1.4461393846153916,0.44478215873015864,0.2830364285714279,476659712.0,866705408.0,780402688.0,283684864.0,0.39459906684027773,0.7174953884548612,0.6460503472222222,0.23484632703993058,0.02953051665862155,3.4129195662650598,0.011837331115413812,0.015021873493394974,459.9333333333333,230.68888888888887,459.42445051892344,460.6444444444444
7.0,7.0,7.0,5.0,0.8464503666666708,3.694624999999999,0.8311494333333271,0.5796935666666624,0.4030716031746052,1.4210096153846152,0.39578544444444147,0.27604455555555346,479379456.0,870342656.0,768217088.0,278626304.0,0.3968505859375,0.7205064561631945,0.6359625922309028,0.2306586371527778,0.6282412974334511,3.8622384718637064,0.010762098758361873,0.01360688407471676,423.1959675866257,212.95555555555555,425.46918843032,424.7130055162945
8.0,7.0,7.0,5.0,0.8762561414016617,3.3257131666666733,0.932560066666666,0.587251366666667,0.43474447619047385,1.279120448717951,0.44407622222222193,0.27964350793650805,534495232.0,886013952.0,767959040.0,279138304.0,0.4424777560763889,0.7334798177083333,0.6357489691840277,0.2310824924045139,0.16093665008098382,3.1799565419716274,0.011947543670794493,0.01622600482315133,494.30573395256505,245.06666666666663,501.8459990814406,497.3111111111111
8.0,7.0,7.0,5.0,0.8682831999999998,3.5358020999999824,1.0255693333333318,0.6016078333333335,0.41346819047619043,1.3599238846153778,0.4883663492063486,0.28647992063492067,535097344.0,893960192.0,779649024.0,276742144.0,0.4429762098524305,0.7400580512152778,0.6454264322916666,0.2290988498263889,0.02299941568559739,2.9448595489119804,0.012681988146082008,0.016942411642411635,512.3979388570384,256.8646065113155,511.19999999999993,512.4868297211482
8.0,8.0,8.0,5.0,1.1269309000000047,4.425708799999971,0.9214288361633314,0.5845860333333327,0.5366337619047641,1.702195692307681,0.4534553968253958,0.2783743015873013,542023680.0,984768512.0,840396800.0,283840512.0,0.4487101236979167,0.8152330186631945,0.6957160101996528,0.23497517903645831,0.1586630906376315,2.9772022603275095,0.018233461517767266,0.0233088467991313,504.5561276128258,253.50026316867763,499.27692878892935,505.48244973686616
8.0,8.0,8.0,5.0,0.9868617000000021,3.48371976666669,0.7213263333333318,0.5954646666666619,0.4699341428571438,1.3398922179487271,0.34348873015872944,0.2835546031746009,545701888.0,1011216384.0,856547328.0,283975680.0,0.45175509982638895,0.837127685546875,0.7090861002604167,0.23508707682291666,0.45145807502135454,3.149884461442213,0.011941198201007195,0.016357889469701493,491.0395825463487,244.2638490767282,494.2955480639981,494.3337554633482
8.0,8.0,8.0,5.0,1.0439801666666715,3.6504637000000493,0.8480108333333295,0.4802766333333333,0.497133412698415,1.4040245000000189,0.4038146825396807,0.22870315873015873,542769152.0,1019236352.0,858955776.0,279724032.0,0.4493272569444444,0.8437669542100695,0.7110799153645834,0.2315673828125,0.7265405200485804,3.207193340499245,0.01164189159445335,0.015224995677119506,482.9253233449335,240.68835559110872,484.74628785611395,484.7665994365423
8.0,8.0,8.0,5.0,0.984682433333335,4.00529173333332,0.8330884999999948,0.618773366666669,0.4688963968253977,1.5404968205128153,0.396708809523807,0.29465398412698524,536174592.0,1026756608.0,853995520.0,274792448.0,0.44386800130208337,0.8499925401475695,0.7069736056857638,0.2274848090277778,0.8184042306926643,3.12334417629215,0.01244137121376602,0.01647344793164473,492.5979023620647,247.4222222222222,495.07625277165425,492.9810091043106
8.0,8.0,8.0,5.0,1.0674330666666632,3.2145179333333744,0.9229347999999991,0.5955424666666682,0.5083014603174586,1.2363530512820669,0.4394927619047614,0.2835916507936515,535838720.0,1045725184.0,847048704.0,274763776.0,0.4435899522569444,0.8656955295138891,0.7012227376302083,0.22746107313368058,1.0755505004549586,3.1286872014252554,0.011533076434209701,0.015589941955377981,487.11299267621763,246.49079613414915,489.20210236237966,488.9574479853425
8.0,8.0,8.0,5.0,1.0233731000000001,3.807999533333346,0.9720170333333316,0.640048200000004,0.48732052380952384,1.4646152051282098,0.4628652539682531,0.30478485714285897,535117824.0,1061695488.0,851087360.0,273481728.0,0.4429931640625,0.8789164225260417,0.7045661078559028,0.22639973958333331,1.1563336774725665,2.990947774128809,0.010671372549019542,0.015069527589728526,485.93132309697864,243.1333333333333,485.70281539311173,485.4361487264451
8.0,8.0,8.0,5.0,1.0216522666666694,4.1302523999999865,1.0930748666666619,0.553880333333333,0.4865010793650808,1.5885586153846103,0.520511841269839,0.2637525396825395,536547328.0,1085546496.0,852254720.0,274092032.0,0.44417656792534727,0.8986612955729166,0.7055324978298612,0.22690497504340276,1.1289765752275036,2.7276113300756535,0.011101999827296262,0.01566406350077774,483.62281640615566,241.66591560562628,484.3347170985377,484.66590968009535
8.0,8.0,8.0,5.0,1.0070460000000054,3.1553254333333305,1.0235121333333357,0.5670219000000007,0.4795457142857168,1.2135867051282039,0.4873867301587312,0.27001042857142893,538247168.0,1077370880.0,851574784.0,274296832.0,0.44558376736111116,0.8918931749131944,0.7049696180555555,0.2270745171440972,1.0077009853967,2.3992488348716074,0.011734375999626134,0.015876043256572873,487.35284764811024,245.15555555555554,486.82090198022235,485.888897970524
8.0,8.0,8.0,5.0,0.9765877333333355,3.39891980000001,0.7747808666666665,0.4437838999999973,0.4650417777777788,1.30727684615385,0.3689432698412697,0.21132566666666536,538886144.0,1092472832.0,832905216.0,274161664.0,0.44611273871527773,0.9043952094184028,0.68951416015625,0.2269626193576389,0.8532178738823962,2.1097852495665665,0.011298809899566355,0.01496746672785697,486.04307289110886,243.4222222222222,484.42085931983263,484.8666666666666
8.0,8.0,8.0,5.0,0.9573744666666657,3.590967833333345,0.9412687333333305,0.6474286999999948,0.45589260317460256,1.3811414743589792,0.448223206349205,0.3082993809523784,544448512.0,1098510336.0,833867776.0,274337792.0,0.45071750217013884,0.9093933105468749,0.690311008029514,0.22710842556423613,0.7061896474058935,1.7814408268035664,0.01189281330179859,0.015828756770220984,488.08690410942324,247.35555555555553,486.157098374041,486.2189824382078
8.0,8.0,8.0,5.0,1.059674066666667,3.3273397333333246,0.8969615333333314,0.586531099999994,0.5046066984126986,1.2797460512820478,0.42712453968253866,0.2793005238095209,545685504.0,1115267072.0,851845120.0,274628608.0,0.45174153645833337,0.9232652452256944,0.7051934136284723,0.22734917534722218,0.7552163697602329,1.7432787353086152,0.01153414018004777,0.015601058421150138,482.93072772990814,241.37651631214405,483.4666666666666,482.3320659424979
8.0,8.0,8.0,5.0,0.9879059666666631,3.353873233333339,0.8587666999999977,0.5658072999999969,0.47043141269841093,1.2899512435897456,0.4089365238095226,0.2694320476190461,552902656.0,1129955328.0,846761984.0,274337792.0,0.4577162000868056,0.9354248046875,0.700985378689236,0.22710842556423613,0.7462668450011898,1.632925162729949,0.011881992656027995,0.01619204651824108,486.3927681933497,243.4446870799093,488.15741684866987,487.20347445304867
8.0,8.0,8.0,5.0,1.0635534666666724,3.536269999999994,0.8838323666666701,0.636112399999996,0.5064540317460344,1.360103846153844,0.42087255555555714,0.30291066666666483,551026688.0,1141149696.0,848019456.0,275062784.0,0.4561631944444444,0.9446919759114583,0.7020263671875,0.22770860460069442,0.6328771166122059,1.446003973923915,0.013092994826566872,0.01788511089738418,497.8020756939351,249.08888888888887,497.02076329945925,497.56896199494287
8.0,8.0,8.0,5.0,1.0905129666666624,3.3157918666666695,0.9646357333333336,0.5208073666666668,0.5192918888888869,1.2753045641025653,0.4593503492063494,0.24800350793650802,553410560.0,1170608128.0,857018368.0,281251840.0,0.4581366644965278,0.9690789116753473,0.709476047092014,0.23283216688368055,0.9865474794841728,1.7660374288039056,0.012757248426597624,0.017362266241247933,492.7555555555555,246.04444444444442,501.4680474687763,499.91111111111104
8.0,8.0,8.0,5.0,0.9662213666666593,3.1375152333333154,0.8365805666666736,0.694867066666661,0.4601054126984092,1.2067366282051215,0.3983716984127017,0.33088907936507667,550535168.0,1201045504.0,847785984.0,287858688.0,0.45575629340277773,0.9942762586805555,0.7018330891927083,0.23830159505208331,1.691934888868394,2.322657422159042,0.011250319214908159,0.015624115328199292,481.1579542339859,240.46906534509705,484.33468351679824,484.4468520123563
8.0,8.0,8.0,5.0,0.9108339333333391,3.1718467666666568,0.8461003666666667,0.6860050333333352,0.4337304444444472,1.21994106410256,0.40290493650793646,0.3266690634920645,555401216.0,1235615744.0,850276352.0,289345536.0,0.4597846137152778,1.022894965277778,0.7038947211371528,0.239532470703125,2.058831311011769,2.6203616150899194,0.012742043497961014,0.01781590391102175,487.8434094287167,243.86562967571808,489.59999999999997,488.99895807099927
8.0,8.0,8.0,5.0,1.2038199666666751,3.701752833333341,0.9507495666666655,0.6540202000000004,0.5732476031746072,1.4237510897435925,0.45273788888888833,0.3114381904761906,560971776.0,1272467456.0,859389952.0,290177024.0,0.46439615885416674,1.0534023708767362,0.7114393446180556,0.24022081163194445,2.25231439378518,2.830535135254559,0.011666049904838716,0.017122505261311784,498.1573987439504,249.13378979384618,505.48609012532216,504.86713547543746
8.0,8.0,8.0,5.0,1.0634885333333273,3.4819337666666197,0.8532069999999996,0.7177049333333315,0.5064231111111082,1.339205294871777,0.4062890476190474,0.34176425396825305,563408896.0,1288871936.0,868261888.0,287752192.0,0.4664137098524306,1.0669826931423612,0.718783908420139,0.2382134331597222,2.5283397943493457,3.068061765803385,0.012397222889762945,0.017480043188770642,491.66892483560184,246.64189594776641,493.02013939811417,492.7974712550038
8.0,8.0,8.0,5.0,1.1090295333333433,2.4639506333333725,0.9168791666666687,0.5533044666666673,0.5281093015873064,0.9476733205128355,0.43660912698412796,0.2634783174603178,571613184.0,1301934080.0,860127232.0,285466624.0,0.47320556640624994,1.077796088324653,0.7120496961805557,0.2363213433159722,2.620432626021251,3.1370957877461705,0.01187686279901011,0.01569905821907195,482.7498509247324,243.44444444444443,485.73543120434977,485.35765540196843
8.0,8.0,8.0,5.0,1.1781103333333331,3.0450200999999897,0.9271102333333299,0.7073045000000036,0.5610049206349207,1.171161576923073,0.44148106349206184,0.33681166666666834,581332992.0,1315278848.0,866918400.0,281419776.0,0.48125203450520837,1.0888434516059027,0.7176717122395833,0.23297119140624997,2.5529649595687327,3.085346218438658,0.01267861664226806,0.018049649406688285,493.62365833543214,247.31255413820858,493.8181631433664,495.1570035211441
8.0,8.0,8.0,5.0,1.0547140666666537,3.6657905333333174,1.036217400000002,0.6875264999999956,0.5022447936507874,1.4099194358974299,0.4934368571428581,0.32739357142856934,580706304.0,1320497152.0,843599872.0,284749824.0,0.48073323567708326,1.093163384331597,0.6983676486545138,0.23572794596354169,2.5286655188659743,3.0732285880562267,0.013603002686294788,0.018301290467626012,493.42355585792814,247.1111111111111,494.6020534702313,495.2666666666666
8.0,8.0,8.0,5.0,1.0576244333333298,2.983037133333316,0.9758857333333338,0.6279444999999886,0.5036306825396808,1.1473219743589675,0.46470749206349227,0.29902119047618503,582103040.0,1322000384.0,858963968.0,285159424.0,0.4818895128038195,1.0944078233506944,0.7110866970486112,0.23606703016493052,2.532946772964008,3.0789780478286746,0.011568594097871584,0.016150779011461187,493.93505753424154,247.1774845604603,494.1125087040905,493.97748060940404
8.0,8.0,8.0,5.0,1.1099231000000098,3.4553889000000177,0.7773087333333346,0.6194588666666581,0.5285348095238142,1.3289957307692375,0.37014701587301646,0.2949804126984086,572764160.0,1333178368.0,880164864.0,282292224.0,0.4741583930121528,1.1036614312065973,0.7286376953124999,0.23369344075520834,2.58585574127907,3.126097427974189,0.011312429378531049,0.015906949182990692,487.19999999999993,244.4222222222222,487.40258563241366,488.40258563241366
8.0,8.0,8.0,5.0,1.1891810999999952,3.486272100000042,0.9200003,0.5288064333333438,0.5662767142857119,1.340873884615401,0.43809538095238093,0.25181258730159223,573837312.0,1332412416.0,887914496.0,283377664.0,0.4750467936197917,1.10302734375,0.7350531684027779,0.2345920138888889,2.549413788310469,3.0987633359286173,0.01274876860795555,0.017012166669071543,490.90995772005255,246.3793353778686,491.09652357223604,491.7815448587838
8.0,8.0,8.0,5.0,1.069207799999999,3.050789600000016,0.7593702333333292,0.6867316666666776,0.5091465714285709,1.1733806153846216,0.36160487301587113,0.32701507936508456,568537088.0,1342054400.0,887476224.0,282099712.0,0.4706590440538195,1.1110093858506944,0.7346903483072916,0.23353407118055558,2.619620835634089,3.110696610326037,0.011482603252969232,0.01578794408046509,480.3999999999999,241.28888888888886,484.04309438099045,483.6888888888888
8.0,8.0,8.0,5.0,1.1714400999999954,3.467602333333364,1.025642400000001,0.5196283333333336,0.5578286190476167,1.3336932051282169,0.4884011428571433,0.2474420634920636,575148032.0,1347723264.0,882749440.0,293466112.0,0.4761318630642361,1.1157023111979165,0.7307773166232638,0.2429436577690972,2.7633803257402216,3.151195198654509,0.010711027909525642,0.015274922218155122,466.55962083668976,242.89050677452568,486.4458479636131,486.35717936751337
8.0,8.0,8.0,5.0,1.0155132333333425,3.458188900000022,0.9357964666666598,0.6194025666666676,0.4835777301587345,1.330072653846162,0.44561736507936184,0.2949536031746036,576040960.0,1357144064.0,875720704.0,293531648.0,0.47687106662326384,1.1235012478298612,0.7249586317274305,0.24299791124131948,2.8604176102907872,3.118937736446737,0.011590824984204297,0.01526644280176658,451.4888888888888,245.55555555555551,492.2222222222222,492.1555555555555
8.0,8.0,8.0,5.0,1.0521836333333292,3.5302734000000626,0.9321328666666667,0.5876877666666614,0.5010398253968235,1.3577974615384856,0.44387279365079374,0.279851317460315,571502592.0,1352110080.0,864825344.0,293744640.0,0.473114013671875,1.1193339029947917,0.7159389919704862,0.24317423502604166,2.5491794612608607,2.6722329895974672,0.011178228117201242,0.015313936306901758,476.7804940686085,245.5111111111111,482.8222222222222,483.7333333333333
8.0,8.0,8.0,5.0,1.0386715,2.9720217666666446,1.0205704666666682,0.6110430333333435,0.4946054761904761,1.1430852948717865,0.48598593650793726,0.2909728730158779,572006400.0,1359069184.0,865103872.0,293642240.0,0.47353108723958337,1.1250949435763888,0.7161695692274305,0.24308946397569445,2.0326590113932,2.154552666702441,0.011357490097227278,0.015815948625507104,496.5984020463288,248.37617883649614,494.0222222222222,494.8872820467238
8.0,8.0,8.0,5.0,1.1034680333333324,3.32228890000001,0.9098053666666533,0.6761092000000057,0.5254609682539676,1.277803423076927,0.4332406507936445,0.32195676190476463,568020992.0,1362714624.0,866148352.0,285814784.0,0.4702317979600695,1.12811279296875,0.7170342339409723,0.2366095648871528,2.025014540429527,2.127752016677241,0.011105759140526786,0.01534601199127921,490.4951354473295,244.8222222222222,487.9790978124575,488.62222222222215
8.0,8.0,8.0,5.0,0.9932410666666547,3.9937776666666798,0.8495511666666743,0.696305333333344,0.47297193650793073,1.5360683333333383,0.40454817460317827,0.3315739682539733,567869440.0,1369690112.0,860106752.0,286253056.0,0.4701063368055556,1.133887396918403,0.712032741970486,0.2369723849826389,1.9627353266888155,2.0920188453638215,0.010911022843060699,0.017374430555555306,481.46396018043237,240.6861809212719,480.71106397254295,480.9084075876423
8.0,8.0,8.0,5.0,1.0302176333333306,3.2022319666666683,0.9786099999999891,0.6469678666666538,0.49057982539682415,1.2316276794871803,0.46600476190475665,0.3080799365079304,566763520.0,1379966976.0,855793664.0,284110848.0,0.4691908094618055,1.14239501953125,0.7084621853298612,0.23519897460937503,1.9799212959064312,2.150060003631082,0.010915605869643524,0.015022445107075122,489.5494480841658,244.91111111111107,490.59999999999997,490.4444444444444
8.0,8.0,8.0,5.0,0.930850466666673,3.474097833333377,0.861374433333332,0.4727166666666676,0.44326212698413,1.336191474358991,0.41017830158730095,0.22510317460317503,575959040.0,1395568640.0,862498816.0,289406976.0,0.4768032497829861,1.155310736762153,0.7140129937065972,0.23958333333333334,2.3475355021410684,2.458357907270698,0.010727676855161157,0.014790247706422165,484.6336968733025,241.88932796922603,484.51314383921886,485.52205241367045
8.0,7.0,8.0,5.0,0.8999983666666651,3.183625033333305,0.8635160333333384,0.6077882000000046,0.42857065079365003,1.224471166666656,0.4111981111111135,0.2894229523809545,578256896.0,1276395520.0,872124416.0,291364864.0,0.4787055121527778,1.0566541883680556,0.7219814724392362,0.24120415581597224,2.2206370009092167,2.3660096201191885,0.01044027414920421,0.014326522762240756,488.955544986926,244.84778696377947,488.4444061939751,489.4255667170415
8.0,7.0,8.0,5.0,1.1500245000000102,3.7884133666666684,1.0131598666666606,0.6079529666666796,0.5476307142857191,1.4570820641025646,0.4824570793650764,0.28950141269841884,578080768.0,1286230016.0,863903744.0,291966976.0,0.4785597059461806,1.0647956000434027,0.7151760525173612,0.2417026095920139,2.212990135791603,2.359860984809768,0.011582011754068647,0.015862915496784667,489.75695933987663,244.50913050241093,490.17777777777775,490.3313527246331
8.0,7.0,8.0,5.0,1.0813136000000023,3.3368236666666995,1.024887833333339,0.5579389333333306,0.5149112380952392,1.2833937179487305,0.4880418253968281,0.265685206349205,578015232.0,1294237696.0,860729344.0,292593664.0,0.4785054524739583,1.0714246961805556,0.7125481499565971,0.24222140842013892,2.4127444182741637,2.55877425421765,0.012451990940898989,0.017099083976409635,486.0484537230137,243.64647569097195,488.4979841022006,488.0931241844194
8.0,7.0,8.0,5.0,1.0301169333333349,2.7230412666666397,0.9339252666666633,0.6001783000000065,0.4905318730158737,1.047323564102554,0.4447263174603159,0.28579919047619357,568213504.0,1292931072.0,878030848.0,290209792.0,0.47039116753472215,1.070343017578125,0.7268710666232638,0.24024793836805558,2.2527326434824877,2.3828573369565214,0.011596798958564273,0.01572872803044044,490.9805078969982,245.5111111111111,489.44580648028796,490.4444444444444
8.0,7.0,8.0,5.0,1.1098312333333202,2.900737233333329,0.9127938333333324,0.5283189000000011,0.5284910634920573,1.1156681666666648,0.4346637301587297,0.25158042857142915,570826752.0,1301602304.0,861708288.0,286314496.0,0.47255452473958337,1.0775214301215277,0.7133585611979167,0.2370232476128472,2.3603514202476332,2.5249558729869896,0.01134758617578057,0.01580221688276372,487.0666666666666,243.6222222222222,490.6444444444444,490.13333333333327
8.0,7.0,8.0,5.0,1.0714312666666634,3.3766237666666594,0.8189139666666676,0.5495444999999904,0.5102053650793634,1.298701448717946,0.3899590317460322,0.2616878571428526,573116416.0,1301172224.0,863887360.0,286605312.0,0.4744500054253472,1.0771653917100696,0.7151624891493055,0.23726399739583331,2.199900560629311,2.2753309903863594,0.010957839308179644,0.014849310641770115,490.15827579735475,245.57777777777775,483.84355038532436,483.9142891007548
8.0,7.0,8.0,5.0,1.128618738126185,3.6194413558644185,0.9097090290970992,0.6042642069126412,0.5374374943458023,1.3920928291786223,0.4331947757605234,0.287744860434591,573124608.0,1310265344.0,853393408.0,285519872.0,0.474456787109375,1.0846930609809027,0.7064751519097223,0.2363654242621528,1.822950296397629,1.958983241659979,0.010910255379461203,0.014617160706550406,487.2414935300609,243.21926982645599,485.62861089163164,486.1569027998562
8.0,7.0,8.0,5.0,1.0817785999999994,3.733734033333337,0.8319838333333337,0.602883133333332,0.5151326666666664,1.4360515512820529,0.39618277777777794,0.28708720634920565,570863616.0,1312309248.0,852238336.0,286150656.0,0.47258504231770837,1.0863850911458335,0.7055189344618056,0.23688761393229169,1.7400829290580193,1.936781795511222,0.01226557004907649,0.017012463086009583,481.21950838937767,240.48888888888885,481.8424297639416,482.46666666666664
8.0,7.0,8.0,5.0,0.9580773333333278,2.975061966666654,0.8546037333333384,0.49926666666666886,0.45622730158729896,1.1442546025640978,0.4069541587301611,0.23774603174603276,570568704.0,1311084544.0,847360000.0,285884416.0,0.4723409016927083,1.0853712293836806,0.7014804416232638,0.23666720920138887,1.8272554190166301,1.9543245717248938,0.010925994436717597,0.014747432921734253,486.33344317391993,243.82302964757238,479.7333333333333,479.1785763140415
8.0,7.0,8.0,5.0,0.9898101810180896,2.94890592392578,0.967871753842057,0.5747950128346182,0.47133818143718553,1.1341945861253,0.4608913113533605,0.2737119108736277,570060800.0,1313726464.0,849395712.0,293412864.0,0.4719204372829861,1.0875583224826388,0.7031656901041667,0.24289957682291669,1.2839606108757529,1.4551058222958055,0.011300767523580469,0.014930824522351845,482.5953350667512,241.1333333333333,479.4888888888888,479.59999999999997
8.0,7.0,8.0,5.0,1.0059122666666573,3.584848200000006,0.9081578999999995,0.590326366666674,0.47900584126983675,1.3787877692307717,0.4324561428571426,0.2811077936507972,570826752.0,1319419904.0,857706496.0,291045376.0,0.4725545247395834,1.0922715928819444,0.7100457085503471,0.24093967013888887,1.0816394120349102,1.3006238876724268,0.011935136401474294,0.015004806187275378,483.55685141561844,241.73462919339622,480.7797927269225,480.91240005728645
8.0,7.0,8.0,5.0,1.1005895666666616,3.6024162333333494,0.9084844999999935,0.6044848000000039,0.5240902698412674,1.3855447051282113,0.4326116666666635,0.28784990476190664,577146880.0,1316806656.0,859029504.0,291319808.0,0.4777865939670139,1.0901082356770833,0.7111409505208334,0.24116685655381945,1.0486565676325026,1.2911750182882225,0.010559396188381948,0.01450798134942401,486.4808504418239,243.5111111111111,487.28888888888883,486.19999999999993
8.0,7.0,8.0,5.0,0.9908285666666644,3.8094396,0.9985826666666563,0.6031146666666757,0.4718231269841258,1.4651690769230767,0.47551555555555064,0.2871974603174646,576860160.0,1327874048.0,863875072.0,298438656.0,0.47754923502604174,1.099270290798611,0.7151523166232638,0.24706013997395834,1.1334297921610208,1.4131414473885333,0.013100894079007426,0.018091726125137216,483.88557051785347,241.9980099649892,487.4666666666666,487.7535487311675
8.0,7.0,8.0,5.0,0.8987220333333368,3.0509246666666705,1.0043863666666653,0.5637191333333343,0.4279628730158747,1.1734325641025654,0.47827922222222147,0.26843768253968303,583147520.0,1326411776.0,856780800.0,295219200.0,0.4827541775173611,1.0980597601996527,0.7092793782552084,0.24439493815104169,1.5497373930456946,1.7751095682366382,0.011195005404431715,0.01521676422342756,489.3536490159915,244.79809346043595,493.0644949113372,492.1070120768595
8.0,7.0,8.0,5.0,1.2240897999999958,3.4833880666666652,0.9487961333333355,0.6157671000000031,0.5828999047619028,1.3397646410256403,0.45180768253968356,0.29322242857143005,595550208.0,1332297728.0,858857472.0,294539264.0,0.4930216471354167,1.1029324001736112,0.71099853515625,0.24383205837673613,1.8460580344921982,2.018086217890326,0.010496112066624408,0.014196219290263766,487.11111111111103,243.71111111111108,489.42222222222216,489.42222222222216
8.0,7.0,8.0,5.0,1.1330546612005512,3.687238342832394,0.9199892677398968,0.6336839316068344,0.539549838666929,1.4181685933970742,0.4380901274951889,0.3017542531461116,592297984.0,1333243904.0,858435584.0,291594240.0,0.4903293185763889,1.1037156846788194,0.7106492784288194,0.24139404296875,2.0670400516655163,2.245078901442087,0.011442080642837207,0.015392848849519681,484.109756109605,242.26666666666662,486.86824918241786,485.9577966428137
8.0,7.0,8.0,5.0,1.0877814333333409,3.488116999999981,0.9647183666666781,0.6548777333333268,0.5179911587301623,1.341583461538454,0.45938969841270383,0.3118465396825365,591765504.0,1330315264.0,873906176.0,284545024.0,0.4898885091145833,1.1012912326388888,0.7234564887152777,0.2355584038628472,2.449809592891468,2.671183157511823,0.01177257110655941,0.015688989835387118,485.6444444444444,244.59999999999997,494.0222134538271,494.7777777777777
8.0,7.0,8.0,5.0,1.0612256666666706,3.4820448666666306,0.8967292333333414,0.5817813333333315,0.5053455555555574,1.3392480256410115,0.42701392063492455,0.27703873015872926,587689984.0,1335410688.0,877568000.0,284975104.0,0.4865146213107639,1.1055094401041667,0.7264879014756943,0.23591444227430555,2.6966438288210766,2.8634852866633516,0.012125268429125759,0.016812559872863387,480.6857354884283,246.57585790576923,490.78212167454353,489.8690936541893
8.0,7.0,8.0,5.0,1.1186866646668747,3.406738892777329,0.9163784288237766,0.6365570442955679,0.5327079355556548,1.3102841895297421,0.4363706803922746,0.3031224020455085,580317184.0,1337946112.0,884219904.0,288505856.0,0.48041110568576384,1.1076083713107638,0.73199462890625,0.2388373480902778,2.7834246325207705,2.9413996802192783,0.011644225506294535,0.015599225300765601,464.88888888888886,243.37777777777777,488.2222222222222,488.51111111111106
8.0,7.0,8.0,5.0,1.068678066666676,3.5459981333333377,0.9530692999999909,0.5880010666666712,0.5088943174603218,1.3638454358974377,0.4538425238095195,0.28000050793651005,579723264.0,1338249216.0,878166016.0,289046528.0,0.47991943359375,1.1078592936197915,0.7269829644097222,0.2392849392361111,2.8480666057584267,3.0152894166228266,0.012972306196717924,0.01703036097212301,463.6048639663357,249.5127398254737,498.8646105074476,498.8683082211061
8.0,7.0,8.0,5.0,1.225017297693647,3.4797804292761345,0.9340023330222554,0.5659053459538783,0.5833415703303081,1.3383770881831285,0.4447630157248835,0.2694787361685135,578686976.0,1338388480.0,868077568.0,296644608.0,0.4790615505642361,1.1079745822482638,0.718631320529514,0.245574951171875,2.8328259503395796,2.9733987389548204,0.012992431160539686,0.017137702953433746,476.02595225635815,252.33514234282282,504.3839769060145,503.9586689809646
8.0,7.0,8.0,5.0,1.1830960000000044,3.621800433333374,0.9695714666666655,0.536928933333337,0.5633790476190496,1.3930001666666825,0.4617006984126979,0.2556804444444462,580497408.0,1340231680.0,875122688.0,297046016.0,0.480560302734375,1.1095004611545138,0.7244635687934028,0.24590725368923613,2.805284019933891,2.9514612279433394,0.0126496591713113,0.017009833087931296,473.935655679762,248.07000907727848,497.52837565310944,497.3789780637215
8.0,7.0,8.0,5.0,0.9534818000000087,3.9939195666666745,0.8906946000000023,0.647988500000012,0.45403895238095654,1.5361229102564131,0.42414028571428686,0.308565952380958,583401472.0,1336389632.0,869343232.0,294342656.0,0.4829644097222222,1.1063198513454862,0.7196790907118055,0.24366929796006942,2.9057940329541654,3.0315604694733262,0.01161667175435889,0.01578015937698058,430.4515309650923,247.71407575319833,490.75693734536344,491.6029394552229
8.0,7.0,8.0,5.0,1.190387066666663,3.2480426333333074,0.9879498333333306,0.6567381999999895,0.5668509841269823,1.2492471666666565,0.4704523015873003,0.3127324761904712,587898880.0,1311301632.0,854306816.0,295325696.0,0.4866875542534722,1.0855509440104167,0.7072313096788195,0.2444831000434028,1.3728916839274752,1.3388418907905462,0.010349620159347745,0.014928848808318915,490.0208543817805,245.3333333333333,482.66666666666663,481.59999999999997
8.0,7.0,8.0,5.0,1.0118913666666685,3.2581025999999538,0.7770649333333306,0.5778744666666739,0.4818530317460326,1.2531163846153666,0.3700309206349193,0.27517831746032095,583991296.0,1327505408.0,850923520.0,287039488.0,0.4834526909722222,1.0989651150173612,0.7044304741753473,0.23762342664930555,1.028544630720435,1.0830595487216814,0.011269034426378381,0.015381509827008423,489.8444444444444,244.39999999999998,489.7777777777777,489.1777777777777
8.0,7.0,8.0,5.0,1.1069785666666652,3.2481396333333503,0.9013878000000054,0.6991374333333188,0.5271326507936501,1.2492844743589808,0.42923228571428823,0.33292258730158036,586076160.0,1330749440.0,853180416.0,293523456.0,0.4851786295572917,1.1016506618923612,0.706298828125,0.24299112955729169,1.2480246630604201,1.302806043956044,0.011163480212532112,0.014976373136702663,485.7555555555555,243.04444444444442,485.62541799082896,485.7365291019401
8.0,7.0,8.0,5.0,0.2972642666666673,0.5179657000000134,0.2391588333333326,0.06827700000000808,0.14155441269841298,0.1992175769230821,0.11388515873015839,0.032512857142860986,579174400.0,1308786688.0,848977920.0,288583680.0,0.47946506076388895,1.0834689670138888,0.70281982421875,0.23890177408854169,0.5417471990354251,0.5612739565587734,0.01222517637803715,0.01582843437152309,197.4222222222222,90.3111111111111,147.86761687458636,157.77777777777777
8.0,7.0,8.0,5.0,0.039510766666664185,0.03515223333335295,0.04297733333332303,0.024848999999992807,0.018814650793649614,0.013520089743597287,0.02046539682539192,0.011832857142853719,574185472.0,1300168704.0,715464704.0,288907264.0,0.47533501519097227,1.0763346354166665,0.5922919379340278,0.2391696506076389,0.0,0.0,0.0,0.0,0.0,0.0,0.0,0.0
8.0,7.0,8.0,5.0,0.03705493333334289,0.033159966666706474,0.042235966666661774,0.024395766666663123,0.0176452063492109,0.012753833333348643,0.02011236507936275,0.011617031746030057,574885888.0,1301475328.0,482127872.0,289280000.0,0.4759148491753472,1.0774163140190973,0.3991258409288195,0.2394782172309028,0.0,0.0,0.0,0.0,0.0,0.0,0.0,0.0
8.0,7.0,8.0,5.0,0.039227666666662726,0.036004466666637806,0.04337379999999863,0.02250706666665678,0.018679841269839393,0.013847871794860694,0.020654190476189827,0.010717650793646085,572260352.0,1298894848.0,465764352.0,285597696.0,0.4737413194444445,1.0752800835503473,0.3855794270833333,0.23642985026041669,0.0,0.0,0.0,0.0,0.0,0.0,0.0,0.0
8.0,7.0,8.0,5.0,0.039385399999997614,0.03328103333331758,0.03825080000000867,0.02734073333332958,0.018754952380951245,0.012800397435891378,0.018214666666670792,0.013019396825395038,573214720.0,1298530304.0,460455936.0,285458432.0,0.4745313856336806,1.0749782986111112,0.38118489583333337,0.23631456163194442,0.0,0.0,0.0,0.0,0.0,0.0,0.0,0.0
8.0,7.0,8.0,5.0,0.04241783333333539,0.040020066666640264,0.041989133333339625,0.030682833333347995,0.020198968253969232,0.015392333333323174,0.01999482539682839,0.014610873015879995,537059328.0,1256587264.0,474030080.0,289058816.0,0.44460042317708337,1.0402560763888888,0.3924221462673611,0.23929511176215276,0.0,0.0,0.0,0.0,0.0,0.0,0.0,0.0
5.0,4.0,4.0,3.0,0.03156439999999066,0.027496966666649313,0.026697000000005272,0.019801733333343917,0.015030666666662215,0.010575756410249736,0.012712857142859652,0.009429396825401865,372994048.0,596180992.0,250036224.0,193949696.0,0.3087802463107639,0.4935438368055556,0.20699055989583331,0.1605597601996528,0.0,0.0,0.0,0.0,0.0,0.0,0.0,0.0
1.0,1.0,1.0,1.0,0.006223733333339017,0.00897439999995792,0.005084066666662087,0.007507266666668026,0.002963682539685246,0.0034516923076761226,0.002420984126981946,0.003574888888889536,79814656.0,208302080.0,67244032.0,87613440.0,0.0660739474826389,0.17244127061631945,0.05566745334201389,0.07253011067708333,0.0,0.0,0.0,0.0,0.0,0.0,0.0,0.0
1.0,1.0,1.0,1.0,0.005461566666660171,0.0088705333332958,0.004110933333322464,0.005333200000010644,0.0026007460317429383,0.003411743589729154,0.001957587301582126,0.002539619047624116,80142336.0,208314368.0,67719168.0,87760896.0,0.06634521484375,0.1724514431423611,0.056060791015625,0.07265218098958333,0.0,0.0,0.0,0.0,0.0,0.0,0.0,0.0
1.0,1.0,1.0,1.0,0.006516266666676529,0.01817373333336339,0.009079400000003564,0.004428766666660522,0.003102984126988823,0.006989897435908997,0.004323523809525507,0.0021089365079335815,80261120.0,208408576.0,68710400.0,87085056.0,0.06644354926215278,0.17252943250868055,0.05688137478298611,0.07209269205729167,0.0021214285663196017,0.026269230769230767,0.007067999999970198,0.009296428571455182,0.7555555555555554,0.3777777777777777,1.511111111111111,1.2666666666666666
1.0,1.0,1.0,1.0,0.1379591666666632,0.4320334333333449,0.0783485333333374,0.09789766666667674,0.06569484126983961,0.16616670512820955,0.03730882539682733,0.0466179365079413,81518592.0,208904192.0,101191680.0,87347200.0,0.06748453776041667,0.1729397243923611,0.083770751953125,0.07230970594618055,0.5978331800765918,0.6458434579439253,0.03134106602059335,0.036703577871317346,61.911111111111104,30.866666666666664,74.06666666666666,69.46666666666665
1.0,1.0,1.0,1.0,0.21739446666667087,0.8881749333333573,0.1369481333333321,0.10382956666667269,0.1035211746031766,0.34160574358975276,0.06521339682539624,0.04944265079365366,79421440.0,205692928.0,109895680.0,84197376.0,0.06574842664930555,0.1702813042534722,0.0909762912326389,0.0697021484375,2.9841676857949198,3.6832918040508718,0.09457870781527532,0.2214702396514158,52.66666666666666,49.04444444444444,101.24444444444444,99.55555555555554
2.0,2.0,2.0,2.0,0.19119691956221735,1.0540142080744423,0.21756934839833292,0.12622493333333296,0.1104065714285691,0.42200533333333246,0.12434539682539661,0.06010711111111093,142254080.0,276451328.0,205508608.0,86646784.0,0.11776394314236112,0.2288581000434028,0.1701287163628472,0.07172987196180555,1.6437101185201355,3.6594753014515806,0.020303887225238577,0.23962739018087909,97.72341666666665,60.169844444444436,111.6323422222222,117.28401666666666
2.0,2.0,2.0,2.0,0.18375976666666616,0.9250424666666494,0.20842286666666504,0.13768489999999933,0.08750465079365054,0.3557855641025574,0.09924898412698334,0.06556423809523776,147869696.0,306946048.0,219316224.0,132575232.0,0.12241278754340278,0.2541029188368056,0.18155924479166669,0.10975138346354166,1.1821916915918673,3.8141145627876396,0.014887468152866123,0.01588080054424102,132.95555555555552,66.46666666666665,142.19663185185183,141.15218740740738
2.0,2.0,2.0,2.0,0.35419586666666897,1.2972004666666899,0.25873793333333406,0.19505066666666798,0.1686646984126995,0.49892325641026525,0.12320853968254003,0.09288126984127046,158306304.0,345907200.0,223858688.0,135135232.0,0.13105265299479169,0.28635660807291663,0.18531968858506945,0.11187065972222221,2.9254059333521663,4.572583376090304,0.017772283005105406,0.02054120814797471,96.98928,88.02222222222221,189.75555555555553,186.71111111111108
4.0,3.0,3.0,2.0,0.44999578992443856,1.5302244642110836,0.43290091584610324,0.2794280999999913,0.2508539206349178,0.612999102564092,0.22516190476190098,0.13306099999999588,279769088.0,409993216.0,321523712.0,141910016.0,0.2316046820746528,0.3394097222222222,0.2661709255642361,0.11747911241319445,1.9006676686187587,4.9140438111557065,0.02784306801608935,0.026791852812125753,181.63490777777776,104.33243444444443,221.35251111111108,220.31010666666663
4.0,3.0,3.0,3.0,0.500904766666665,1.4507872000000295,0.5011042666666641,0.24767986666667738,0.23852607936507858,0.5579950769230883,0.2386210793650781,0.11794279365079875,286629888.0,431603712.0,329781248.0,145362944.0,0.23728434244791666,0.3572998046875,0.2730068630642361,0.12033759223090279,0.19123685358760434,4.130705524419535,0.021657553038762035,0.07158110317501938,274.97777777777776,142.2222222222222,278.0635586566523,278.7080031010967
4.0,5.0,4.0,3.0,0.5917178000000018,1.4877748000000177,0.4703163561883347,0.30852645821833513,0.2817703809523818,0.5722210769230838,0.22414479365079432,0.15534377777777864,297357312.0,608743424.0,421859328.0,188747776.0,0.24616495768229169,0.5039435492621527,0.34923299153645837,0.1562533908420139,1.992798937112489,5.036719647710418,0.012885787551495269,0.016643877082303127,251.93096388888887,127.22301111111109,253.18694277777774,256.9955288888889
5.0,5.0,4.0,3.0,0.6429082597155433,2.0465476000000162,0.36032679999998807,0.30574466666665856,0.3195094285714227,0.7871336923076985,0.17158419047618478,0.14559269841269457,366178304.0,626143232.0,438386688.0,190414848.0,0.3031378851996528,0.5183478461371528,0.3629150390625,0.15763346354166666,2.2569444501739944,4.698211902614968,0.011389524790348745,0.013965536805353283,271.4236382114869,148.08888888888887,306.2,303.1111111111111
5.0,5.0,4.0,3.0,0.5588159666666624,2.136133300000034,0.46650233333332863,0.30658843333333974,0.26610284126983924,0.8215897307692438,0.222143968253966,0.1459944920634951,367464448.0,667619328.0,447057920.0,189222912.0,0.3042026095920139,0.5526835123697916,0.3700934516059028,0.156646728515625,2.6744069459396536,5.150609090530495,0.010739143752671319,0.014793834447447562,304.88949751780217,156.62065295297356,311.8222222222222,312.598406040754
6.0,5.0,5.0,3.0,0.8074148061266656,3.0717721999999728,0.5697147375033418,0.33956903333333927,0.39466766666666614,1.1814508461538358,0.2792204444444485,0.1616995396825425,430534656.0,675688448.0,538746880.0,184795136.0,0.356414794921875,0.5593634711371528,0.4459974500868056,0.1529812282986111,2.1818393290300433,4.459836799108801,0.014848803227168854,0.021067815312538336,350.80693888888885,180.04444444444442,355.6813605555555,358.08888888888885
6.0,5.0,5.0,4.0,0.7092972999999994,2.58828470000004,0.5374023333333277,0.38123057751610645,0.33776061904761867,0.9954941153846308,0.2559058730158703,0.19659630158729932,432078848.0,707985408.0,558096384.0,230518784.0,0.3576931423611111,0.5861002604166667,0.46201578776041663,0.1908331976996528,2.1075790444970313,4.432043234000977,0.011188703667012528,0.014417216224620163,367.1798282848486,180.8444444444444,359.8880727507055,360.69044444444444
7.0,6.0,6.0,4.0,0.8349260333333391,2.917782633333286,0.8193156178072287,0.4577808000000076,0.3975838253968282,1.1222240897435716,0.41106803174603485,0.21799085714286076,494825472.0,783572992.0,658546688.0,238047232.0,0.409637451171875,0.6486748589409723,0.5451727973090278,0.19706556532118058,1.4394492553689862,4.002544067466815,0.01661720693011416,0.0226013944003529,405.7788708010508,202.55857777777777,401.90149999999994,405.69999111111105
7.0,6.0,6.0,4.0,0.9126033333333328,2.9506169333332983,0.8175911999999941,0.4404992333333275,0.4345730158730156,1.1348526666666534,0.3893291428571401,0.2097615396825369,489836544.0,805453824.0,670097408.0,239706112.0,0.4055074055989583,0.6667887369791666,0.5547349717881944,0.19843885633680555,1.0197443389335281,3.6995755921945115,0.01423259096612296,0.01766621213498402,426.8666666666666,215.2444444444444,427.8690361546932,428.06903615469326
8.0,7.0,7.0,5.0,0.7378024530880343,3.6554560877245716,0.8311326871107436,0.5979625704096345,0.35133450147049256,1.405944649124835,0.41708318057083665,0.284744081147445,553619456.0,870158336.0,757641216.0,240517120.0,0.4583095974392361,0.7203538682725695,0.6272074381510416,0.19911024305555555,0.523275852432467,3.32264125494134,0.01656870355729043,0.023444320859647264,477.0464031864967,237.0126215662918,471.02211460561887,470.5459489734358
8.0,7.0,8.0,5.0,0.9693625666666678,3.9205353333333384,1.0262784999999925,0.605218531538901,0.4616012222222228,1.507898205128207,0.48870404761904407,0.30333976190476775,555212800.0,883957760.0,771547136.0,283512832.0,0.45962863498263895,0.7317776150173613,0.6387193467881945,0.23470391167534724,0.013733239700383136,3.0414316832335966,0.014659948389393163,0.018501549286368053,498.3353808317406,251.57989737815507,496.21524518518515,496.37284922684626
8.0,8.0,8.0,5.0,0.775675566666675,4.239734733333345,1.0498587666666603,0.7244514999999905,0.3693693174603214,1.6306672051282096,0.49993274603174304,0.34497690476190024,556740608.0,961175552.0,867094528.0,286760960.0,0.4608934190538195,0.7957017686631944,0.7178175184461806,0.2373928493923611,0.0176959188165908,2.94487361526288,0.017815293196957068,0.0205184021701087,506.04444444444437,253.5111111111111,507.25451111111107,506.79999999999995
8.0,8.0,8.0,5.0,1.01605333333334,4.488667966666659,0.9823557333333305,0.5387304333333222,0.48383492063492367,1.7264107564102535,0.4677884444444431,0.2565383015872963,554815488.0,978313216.0,879910912.0,288395264.0,0.45929972330729163,0.8098890516493056,0.7284274631076388,0.23874579535590276,0.024365874916407945,2.8952008958470845,0.014089336067675044,0.018438034032668752,516.8796550649164,257.5490277777777,521.0124099471228,518.8634682293531
8.0,8.0,8.0,5.0,1.0290823666666673,3.903648499999965,1.0421134333333415,0.5342177666666629,0.49003922222222257,1.5014032692307555,0.49624449206349597,0.25438941269841087,547053568.0,995889152.0,876613632.0,288722944.0,0.4528740776909722,0.8244391547309028,0.7256978352864583,0.23901706271701387,0.08545497567636946,2.8570681954052435,0.013258030187399253,0.01804454469299751,520.4666666666666,257.8222222222222,521.735707759851,524.1579299820733
8.0,8.0,8.0,5.0,1.1004783333333246,4.111620433333378,0.971974399999994,0.704268166666669,0.5240373015872973,1.5813924743589918,0.4628449523809496,0.33536579365079483,544309248.0,1018605568.0,877658112.0,278306816.0,0.4506022135416667,0.8432447645399306,0.7265625,0.23039415147569445,0.9108796658099353,3.164905174749391,0.011736980477198298,0.015432999693661555,485.17505801953405,242.31111111111107,487.0505239241628,486.71439873769356
8.0,8.0,8.0,5.0,0.9188583333333387,3.797891066666659,0.825917166666667,0.6292482999999982,0.4375515873015898,1.4607273333333304,0.393293888888889,0.2996420476190468,541151232.0,1027276800.0,872062976.0,278806528.0,0.44798787434895837,0.8504231770833334,0.7219306098090278,0.23080783420138887,0.9231300554394256,3.138481142488319,0.011495077309421915,0.015237403770871637,488.0707039728574,243.91514545414137,488.1540548671061,488.87401234156346
8.0,8.0,8.0,5.0,1.0891528333333413,3.8475638999999813,0.9210991666666777,0.6239855666666716,0.5186442063492102,1.479832269230762,0.4386186507936561,0.29713598412698644,541462528.0,1043591168.0,862547968.0,281677824.0,0.44824557834201395,0.8639289008246528,0.7140536838107638,0.233184814453125,0.8497842312439691,3.086782528456665,0.012476143043526199,0.016693384746420122,496.19166975216194,251.1943455621477,497.204231838488,495.9965950377627
8.0,8.0,8.0,5.0,0.9707036666666591,3.8252925333332994,0.8339543666666633,0.5744259333333266,0.46223984126983775,1.471266358974346,0.3971211269841253,0.2735361587301555,543420416.0,1063366656.0,859201536.0,282472448.0,0.44986640082465273,0.8802998860677083,0.7112833658854166,0.23384263780381948,1.0491281278008222,3.1441341114321837,0.011857801611005482,0.016510915558226005,489.20068463888697,246.0444444444444,490.7344793285152,489.8900348840707
8.0,8.0,8.0,5.0,1.2120615000000132,3.013081866666636,0.9326132333333367,0.562870500000005,0.5771721428571492,1.1588776410256294,0.44410153968254124,0.26803357142857387,544522240.0,1073233920.0,861511680.0,283222016.0,0.45077853732638884,0.8884684244791667,0.71319580078125,0.23446316189236108,1.2189303216489256,3.076509474422493,0.012206007599272962,0.016508268198442373,491.06250642058285,245.9527720374197,492.049148431392,492.0449352271626
8.0,8.0,8.0,5.0,0.8862661333333336,3.702367699999973,1.0024611333333235,0.6669984999999968,0.42203149206349216,1.4239875769230663,0.4773624444444397,0.31761833333333184,546832384.0,1101418496.0,864800768.0,283725824.0,0.4526909722222222,0.9118008083767363,0.7159186469184027,0.23488023546006945,1.4180043714072692,3.1304820310211725,0.01155773706697603,0.01630534838085532,486.24668769993804,245.95578880096613,489.67330732875183,488.9536239581196
8.0,8.0,8.0,5.0,1.1094155666666716,4.138995299999992,0.9417841333333248,0.6204337000000109,0.5282931269841294,1.5919212692307658,0.44846863492063077,0.2954446190476242,549163008.0,1115918336.0,860467200.0,279146496.0,0.454620361328125,0.9238043891059029,0.7123311360677083,0.23108927408854169,1.5577301876447773,3.0013433786589796,0.013632705401872022,0.018378656162274735,493.75714898479066,246.68907287270008,492.9966056277304,493.00023978874964
8.0,8.0,8.0,5.0,0.9713324999999964,3.570276466666676,0.8766536333333208,0.5189870666666659,0.462539285714284,1.37318325641026,0.41745411111110503,0.24713669841269803,549597184.0,1129185280.0,842403840.0,279646208.0,0.4549797905815972,0.934787326388889,0.6973775227864584,0.2315029568142361,1.4327051315553574,2.7787887394277493,0.01250529615083379,0.01695519028133523,492.6632031633789,247.28888888888886,491.8859076078915,491.1512063125253
8.0,8.0,8.0,5.0,1.109062833333336,3.5393711999999904,1.0279921333333257,0.5315045999999891,0.5281251587301601,1.3612966153846116,0.4895200634920599,0.25309742857142337,549543936.0,1137508352.0,848113664.0,279150592.0,0.45493570963541663,0.9416775173611112,0.7021043565538194,0.23109266493055558,1.2966541309984247,2.5712855060486315,0.011774985472255193,0.016085628769877618,487.1554435395078,243.00192735392565,485.9110713745183,485.49081130318206
8.0,8.0,8.0,5.0,1.100254333333337,3.379055766666692,0.8050263666666609,0.5697597333333221,0.5239306349206365,1.2996368333333432,0.38334588888888615,0.2713141587301533,550731776.0,1140359168.0,858791936.0,279154688.0,0.4559190538194444,0.9440375434027778,0.7109442816840278,0.23109605577256948,1.1010791126065538,2.2334674098239664,0.01110427549679892,0.015209799109171702,490.44109051943366,244.93132947177654,488.31247611004926,489.064674656435
8.0,8.0,8.0,5.0,1.101959170749598,3.3101352531413633,0.9585136153051377,0.5821080558610859,0.5247424622617134,1.273128943515909,0.45643505490720837,0.2771943123148028,550744064.0,1159462912.0,847749120.0,279314432.0,0.45592922634548616,0.9598524305555556,0.7018025716145833,0.2312282986111111,1.0744150868895312,1.9908084041723375,0.01165847785977873,0.015305277259583859,484.1539651606299,242.8192658406602,480.0053336420267,480.4023935558941
8.0,8.0,8.0,5.0,1.0659772666666782,3.4014928666666266,0.8857073333333332,0.6088474999999903,0.5076082222222277,1.3082664871794718,0.42176539682539677,0.28992738095237636,550526976.0,1167196160.0,844914688.0,279748608.0,0.45574951171875,0.9662543402777777,0.6994561089409722,0.23158772786458334,0.8514727059094892,1.6979225145690944,0.011962093792605301,0.016374286359530175,488.66463416440746,243.1548869432963,493.1111329635556,491.06599904201784
8.0,8.0,8.0,5.0,1.0405003999999907,3.3856064333333133,0.8836063000000095,0.6051081000000058,0.49547638095237634,1.3021563205128128,0.4207649047619093,0.28814671428571703,551563264.0,1171251200.0,849166336.0,279916544.0,0.4566073947482639,0.9696112738715277,0.7029758029513888,0.23172675238715276,0.8177837144452879,1.625077380701292,0.012481176731921718,0.016993066783358806,497.2410974327066,248.3535704585969,495.317451270833,496.6223873444612
8.0,8.0,8.0,5.0,0.9737935666666677,3.455226833333324,0.920785133333329,0.6018928666666782,0.4637112222222227,1.3289333974358937,0.43846911111110903,0.28661565079365625,557993984.0,1179287552.0,863035392.0,280432640.0,0.4619310167100695,0.9762641059027778,0.7144571940104166,0.2321539984809028,0.832035801251698,1.58007161239556,0.012051446945337514,0.016376755644034957,485.266673970613,244.975763712091,484.331201082421,484.5514057824187
8.0,8.0,8.0,5.0,0.9763159000000058,3.465444966666658,0.9513875333333222,0.6623278666666683,0.46491233333333615,1.3328634487179454,0.45304168253967725,0.3153942222222229,558141440.0,1194696704.0,873164800.0,280936448.0,0.4620530870225694,0.9890204535590278,0.7228427463107638,0.23257107204861116,0.8371179007362332,1.5030370591494804,0.011248327069392352,0.015229385862234969,485.48689205956254,242.90912798937327,488.6613092372452,489.08154142445665
8.0,8.0,8.0,5.0,1.0618540666666545,3.466185666666665,0.8674020333333335,0.4669994666666677,0.505644793650788,1.3331483333333325,0.4130485873015874,0.2223806984126989,558075904.0,1214611456.0,871866368.0,285147136.0,0.4619988335503472,1.0055067274305556,0.7217678493923612,0.2360568576388889,1.5441863888455567,2.131841443336687,0.011352899728997208,0.015267227803421385,486.66531660321266,243.6222222222222,491.08888888888885,491.0666666666666
8.0,8.0,8.0,5.0,0.933665899999992,3.6284029666666213,0.9174168333333285,0.6430001999999906,0.44460280952380576,1.3955396025640852,0.43686515873015636,0.306190571428567,561242112.0,1243680768.0,858484736.0,285769728.0,0.4646199544270833,1.029571533203125,0.7106899685329862,0.236572265625,1.9816839990785193,2.4895742895053754,0.01168016570722052,0.015070572157434485,484.62316092076736,242.512133401486,487.7514758275374,488.33437192109096
8.0,8.0,8.0,5.0,1.0923695369537068,3.6542409907657416,0.9284800813414553,0.6985715904923928,0.5201759699779556,1.4054773041406698,0.44213337206735964,0.33265313832971083,564580352.0,1257476096.0,867299328.0,285700096.0,0.46738349066840285,1.040991889105903,0.717987060546875,0.2365146213107639,2.104812698448443,2.6251887306052075,0.011819118449032875,0.016607444877959964,486.9097748742031,244.04444444444442,492.4854670468713,491.2222222222222
8.0,8.0,8.0,5.0,1.2376414333333334,3.688746199999972,0.9335529666666644,0.4687172000000023,0.5893530634920634,1.4187485384615282,0.44454903174603067,0.22319866666666777,567877632.0,1300283392.0,860528640.0,284471296.0,0.47011311848958337,1.0764295789930556,0.7123819986979167,0.23549736870659724,2.70960664406138,3.1395849422254574,0.01218067492436649,0.016806601277372227,469.51726882513293,244.4444444444444,486.2242816187745,487.3555555555555
8.0,8.0,8.0,5.0,1.059459733333341,3.3300024333333442,0.9590113333333439,0.6482033000000076,0.5045046349206386,1.2807701666666709,0.45667206349206846,0.30866823809524174,580022272.0,1316605952.0,858775552.0,290967552.0,0.48016696506076384,1.089942084418403,0.7109307183159721,0.240875244140625,2.68859615157952,3.075862540434137,0.0120816877715759,0.01671416031037657,488.7268092224684,247.7939774513399,495.78787729854906,495.5972561877824
8.0,8.0,8.0,5.0,1.0421100666666718,3.7894424666666313,0.873083833333331,0.5224087333333302,0.49624288888889134,1.4574778717948582,0.4157542063492052,0.24876606349206198,588378112.0,1343926272.0,872534016.0,295018496.0,0.48708428276909727,1.1125590006510417,0.722320556640625,0.2442287868923611,2.7011893007808996,3.076691083337968,0.01334019804394027,0.017379344895758497,487.5778902361101,247.93345915044875,496.19939427314597,495.66676828698627
8.0,8.0,8.0,5.0,1.0356592000000062,3.5327852333333127,1.0365407666666624,0.5316423000000006,0.4931710476190506,1.358763551282043,0.4935908412698391,0.25316300000000025,588771328.0,1348009984.0,883105792.0,295526400.0,0.4874098036024305,1.1159396701388888,0.7310723198784722,0.24464925130208334,2.7245203514434277,3.0785547785547784,0.011778056174768117,0.01626883789143883,484.79999999999995,247.8222222222222,496.53069861075903,496.37233453515404
8.0,8.0,8.0,5.0,1.0364058792161042,4.043112418344239,0.9611409145447258,0.6582262031729034,0.4935266091505257,1.5550432378247068,0.4576861497832027,0.31344104912995396,593731584.0,1344585728.0,875667456.0,295268352.0,0.49151611328125006,1.1131049262152777,0.72491455078125,0.24443562825520834,2.7232384513676786,3.080521842635434,0.012611548452019778,0.016917504697145654,483.55703037694275,248.13633353334666,496.887462779432,495.42519723537123
8.0,8.0,8.0,5.0,1.1064482666666737,3.353438499999984,0.8988721000000103,0.5398853000000012,0.5268801269841303,1.2897840384615324,0.4280343333333382,0.2570882380952387,582492160.0,1356439552.0,888995840.0,290947072.0,0.48221164279513884,1.1229180230034723,0.7359483506944445,0.24085828993055555,2.699634598481508,3.103893358743189,0.012856396299906089,0.017248413417950872,481.5764234063293,245.83949910411616,492.4700683442421,492.5950536730269
8.0,8.0,8.0,5.0,1.1020352333333334,3.3590715999999876,0.8277398333333318,0.6250285000000029,0.5247786825396826,1.2919506153846103,0.39416182539682465,0.2976326190476204,578723840.0,1350713344.0,877682688.0,288665600.0,0.4790920681423611,1.1181776258680556,0.7265828450520834,0.23896959092881945,2.783163451037495,3.13461961344144,0.011383439063499638,0.015324730986686269,474.5136872966417,244.3360458372852,486.7535053218674,487.0471618872386
8.0,8.0,8.0,5.0,1.1246542333333338,3.567641366666629,0.8420606666666779,0.6931052333333232,0.5355496349206351,1.372169756410242,0.40098126984127525,0.33005011111110627,582238208.0,1359065088.0,877666304.0,289660928.0,0.4820014105902778,1.125091552734375,0.7265692816840279,0.23979356553819442,2.7425068618481245,3.083589021164021,0.010790505692490243,0.015167725017949104,472.42222222222216,242.71111111111108,484.75538739267404,485.48669836896136
8.0,8.0,8.0,5.0,1.1359535333333306,3.435467600000002,0.8587161333333303,0.5516550666666773,0.5409302539682527,1.3213336923076928,0.4089124444444431,0.26269288888889397,577302528.0,1367781376.0,871747584.0,285884416.0,0.4779154459635417,1.1323072645399306,0.7216695149739584,0.2366672092013889,2.6450728597449906,3.1159476442176257,0.01180570063694258,0.015430721031601792,482.9333333333333,243.66666666666663,489.2222222222222,489.59999999999997
8.0,8.0,8.0,5.0,1.152942933333329,3.3854141999999907,0.992992133333332,0.5699962666666702,0.5490204444444423,1.302082384615381,0.47285339682539623,0.27142679365079536,577912832.0,1371996160.0,881700864.0,285863936.0,0.47842068142361116,1.135796440972222,0.7299092610677084,0.23665025499131945,2.6908750230788745,3.1013742063421725,0.012565526226270095,0.01643734313373986,480.84122833786495,246.93215412648325,498.0416614819423,495.421044990593
8.0,8.0,8.0,5.0,1.0363318666666659,3.206615466666703,1.0342181333333296,0.557417366666662,0.49349136507936464,1.2333136410256547,0.4924848253968236,0.265436841269839,581156864.0,1375436800.0,880222208.0,290447360.0,0.4811062282986111,1.1386447482638888,0.7286851671006944,0.2404446072048611,2.720439629596332,3.018666726312622,0.012397441947847714,0.016830155301982293,475.2253987302857,247.13681060218826,487.8251364804534,487.9389365079517
8.0,8.0,8.0,5.0,1.0389087333333331,3.1536544999999707,0.9002387666666768,0.5236512333333413,0.49471844444444435,1.212944038461527,0.42868512698413186,0.24935773015873394,574902272.0,1379999744.0,885317632.0,291184640.0,0.4759284125434028,1.1424221462673612,0.7329033745659723,0.2410549587673611,2.0877708978328173,2.3594870738184905,0.011115314749678685,0.014786412756251175,487.5343452526464,243.6676785859798,483.7597261559638,484.7587305340334
8.0,8.0,8.0,5.0,0.9744751333333282,3.1917971666666918,0.9167615333333411,0.600734266666666,0.4640357777777754,1.2276142948718045,0.4365531111111148,0.28606393650793616,573448192.0,1370419200.0,873287680.0,290263040.0,0.47472466362847227,1.134490966796875,0.7229444715711806,0.2402920193142361,1.8868502167667618,2.162095056793198,0.010840062732975839,0.014844644978525208,487.42919464604466,243.9369127875666,487.0666666666666,487.42579723164886
8.0,8.0,8.0,5.0,1.1011288999999977,3.154694733333378,1.010739300000002,0.5784930333333221,0.5243470952380941,1.2133441282051454,0.4813044285714296,0.2754728730158677,574287872.0,1377673216.0,874663936.0,290926592.0,0.4754197862413195,1.140496148003472,0.7240837944878473,0.2408413357204861,1.805,2.105234195139777,0.01040601553254217,0.013992658018216923,486.08888888888885,242.97777777777776,483.7966719747188,483.8444444444444
8.0,8.0,8.0,5.0,1.0726128333333274,3.2642539666666757,0.9158650999999887,0.6107981999999936,0.510768015873013,1.2554822948717985,0.4361262380952327,0.2908562857142826,570687488.0,1382588416.0,867561472.0,288595968.0,0.4724392361111111,1.1445651584201388,0.718204074435764,0.23891194661458334,1.7453767683769525,2.059340708716504,0.011257778798350533,0.014654257344940122,490.5785859318705,245.42026975979377,490.8646164329785,490.64249642616414
8.0,8.0,8.0,5.0,0.9786587666666757,3.4003616333333277,0.821188599999988,0.5427020999999949,0.46602798412698837,1.307831397435895,0.3910421904761847,0.258429571428569,571506688.0,1393602560.0,853667840.0,289210368.0,0.47311740451388884,1.1536831325954862,0.7067023383246529,0.23942057291666663,2.0227850976828714,2.305873561656248,0.012000072131435254,0.01595800638182778,489.04444444444437,244.77777777777774,490.4237264839065,492.3543534038302
8.0,8.0,8.0,5.0,1.1046598666666627,3.5710872999999705,0.9346314000000024,0.6177209333333319,0.5260285079365059,1.3734951153846038,0.4450625714285726,0.29415282539682464,570642432.0,1394053120.0,860356608.0,287236096.0,0.47240193684895837,1.154056125217014,0.7122395833333335,0.2377861870659722,2.1604220270990377,2.4038606716991984,0.011107442835018529,0.014895795155583407,489.085633769887,244.46543610407437,490.42222222222216,488.9987733878494
8.0,8.0,8.0,5.0,1.0637410666666616,3.650577133333314,0.8999860999999973,0.6421822333333183,0.5065433650793627,1.4040681282051208,0.42856480952380815,0.3058010634920563,571412480.0,1397018624.0,867880960.0,294289408.0,0.4730394151475695,1.1565110948350694,0.7184685601128473,0.2436252170138889,2.0907916139526477,2.348714208046394,0.010096605725771333,0.014853629697467672,490.59999999999997,245.0444444444444,489.0887885555255,489.8698979931995
8.0,8.0,8.0,5.0,1.003439566666672,3.6104662666667244,1.0093847666666687,0.5751382000000054,0.47782836507936766,1.3886408717948944,0.48065941269841356,0.2738753333333359,570474496.0,1403551744.0,850472960.0,293564416.0,0.4722629123263889,1.1619194878472223,0.7040574815538194,0.24302503797743058,2.1255483638978787,2.378464028382385,0.012209787672460061,0.016553486177318198,494.69086033453334,247.44641589008893,497.6411276285284,496.2875454940138
8.0,8.0,8.0,5.0,0.9195133333333388,3.054040300000027,0.9373368666666635,0.6267995666666688,0.4378634920634947,1.174630884615395,0.44635088888888735,0.2984759841269851,571695104.0,1406705664.0,850796544.0,291958784.0,0.4732733832465278,1.1645304361979167,0.7043253580729167,0.2416958279079861,2.2277550122779126,2.4764746685111207,0.011796942263962593,0.016450194082363524,498.6494691640067,248.80569198770104,495.99335176111686,495.11143331000466
8.0,8.0,8.0,5.0,1.1034511333333228,3.3638906666666664,0.9457213000000044,0.6595189666666632,0.5254529206349157,1.2938041025641027,0.4503434761904782,0.3140566507936491,571133952.0,1412648960.0,863256576.0,292433920.0,0.472808837890625,1.1694505479600694,0.7146402994791666,0.2420891655815972,2.1418252590487126,2.401419697107101,0.011962583845428905,0.016392519828607857,490.0155133251239,245.37777777777774,487.8215403217644,489.99999999999994
8.0,8.0,8.0,5.0,1.1174808999999981,3.134658500000019,0.8360418,0.6161706666666722,0.532133761904761,1.2056378846153921,0.3981151428571429,0.29341460317460577,580284416.0,1411600384.0,861204480.0,291352576.0,0.4803839789496528,1.1685824924045138,0.7129414876302084,0.24119398328993058,2.35522022428809,2.611074021838035,0.011346883776522348,0.015398266224948519,489.535423843071,244.88888888888886,482.9487703402129,483.30898577347176
8.0,7.0,8.0,5.0,1.1682739666666635,2.875166666666697,0.8348019666666686,0.5781020333333193,0.5563209365079349,1.105833333333345,0.397524746031747,0.2752866825396758,583905280.0,1265684480.0,888639488.0,295325696.0,0.4833814832899306,1.0477871365017362,0.7356533474392362,0.24448310004340276,1.6115971308606334,2.063716318913671,0.011973962137149597,0.016465575649162168,495.43531908315765,247.39504917522564,491.9702629651581,493.5896157055288
8.0,7.0,8.0,5.0,1.2535690000000046,3.373674300000014,0.9351338666666607,0.6835049000000102,0.5969376190476212,1.2975670384615439,0.4453018412698384,0.32547852380952863,584495104.0,1266184192.0,874348544.0,295989248.0,0.4838697645399305,1.0482008192274306,0.7238226996527779,0.24503241644965276,1.3907900858983535,1.8334687667560323,0.01279975020073159,0.017153854990661695,496.2222222222222,248.08888888888885,495.6254802171996,495.4032579949774
8.0,7.0,8.0,5.0,1.165535966666649,3.3952389333333413,1.023449933333323,0.5891620666666691,0.5550171269841185,1.3058611282051311,0.48735711111110613,0.28055336507936623,583131136.0,1269387264.0,880979968.0,295215104.0,0.4827406141493056,1.0508524576822917,0.7293124728732638,0.24439154730902776,1.713604673835091,2.085358893924814,0.011921215980181917,0.016081330463557177,484.51294988819507,242.48739463431252,486.18030948022033,484.88516757279916
8.0,7.0,8.0,5.0,1.0207896666666518,3.221673033333345,0.919684133333347,0.6013267000000023,0.48609031746031034,1.2391050128205172,0.43794482539683194,0.2863460476190487,582840320.0,1272397824.0,882524160.0,294887424.0,0.4824998643663194,1.0533447265625,0.7305908203125,0.24412027994791669,1.1852163964467228,1.5819591614484072,0.012478260861297299,0.01662150346462431,489.0263489483921,244.71111111111108,485.39739665891386,486.24444444444435
8.0,7.0,8.0,5.0,1.0543489333333411,3.50255976666669,0.9089138333333286,0.7334497000000055,0.5020709206349244,1.3471383717948806,0.43281611111110885,0.34926176190476454,577286144.0,1264336896.0,859619328.0,290131968.0,0.4779018825954861,1.0466715494791667,0.7116292317708335,0.24018351236979166,0.8695390705579205,1.3160591103819161,0.011721931646609392,0.016071173678926423,486.5757853180158,243.79999999999998,486.7791348751302,487.19999999999993
8.0,7.0,8.0,5.0,1.0342853999999855,3.639646366666622,1.0938075666666691,0.6933164333333366,0.49251685714285026,1.3998639871794696,0.5208607460317473,0.33015068253968405,577818624.0,1275088896.0,865783808.0,290967552.0,0.4783426920572917,1.055572509765625,0.7167324490017362,0.24087524414062503,0.7681126419421505,1.2262327396396562,0.012743391541390096,0.017199789124192406,494.62270353268167,247.1789769150531,495.0902973465487,494.8011951865702
8.0,7.0,8.0,5.0,1.1485093999999967,3.320599100000004,0.9765750666666653,0.5292954666666617,0.5469092380952365,1.2771535000000016,0.4650357460317453,0.25204546031745795,580718592.0,1270906880.0,858722304.0,288620544.0,0.48074340820312494,1.0521104600694446,0.7108866373697916,0.23893229166666669,0.8678551342525399,1.3222013846916314,0.010754111232298953,0.01462911754531331,488.6414579768756,243.77478982882621,488.6229368321583,489.39903672651246
8.0,7.0,8.0,5.0,1.0650161333333377,3.3441160333333446,0.8267199333333488,0.6222714999999899,0.5071505396825416,1.286198474358979,0.3936761587301661,0.2963197619047571,587730944.0,1281216512.0,876515328.0,288948224.0,0.4865485297309028,1.060645209418403,0.725616455078125,0.2392035590277778,1.2075846932770125,1.594058419218851,0.011010048048449508,0.01518147597772487,483.95681532648166,242.20401211932645,488.22909577840477,488.71729962428554
8.0,7.0,8.0,5.0,1.1182773666666643,3.8563952333333154,0.7478251666666685,0.6200077000000059,0.5325130317460306,1.4832289358974289,0.35610722222222296,0.2952417619047647,591712256.0,1297088512.0,856162304.0,284393472.0,0.4898444281684028,1.0737847222222223,0.708767361111111,0.23543294270833334,1.5126194910630986,1.9385194339460303,0.010807729843122902,0.01487134785617801,486.93270689056504,243.9791437947715,485.1281042847091,487.35169696866575
8.0,7.0,8.0,5.0,1.0215863333333346,2.8380905333333053,0.8096321333333283,0.589386666666663,0.4864696825396831,1.0915732820512711,0.3855391111111087,0.28066031746031567,592723968.0,1296916480.0,861831168.0,288223232.0,0.4906819661458333,1.073642306857639,0.7134602864583334,0.23860337999131945,1.771751493621709,2.1813783437156467,0.011536745341295397,0.014910243499553855,485.820901787081,242.97777777777776,487.2011206206469,486.803203176508
8.0,7.0,8.0,5.0,1.0448601333333292,3.7341644333333006,0.9506459666666671,0.5936143666666642,0.49755244444444247,1.4362170897435769,0.45268855555555576,0.2826735079365068,586903552.0,1306472448.0,865812480.0,288694272.0,0.4858635796440972,1.0815531412760415,0.7167561848958334,0.23899332682291666,1.9810516772438804,2.3655455058895662,0.011439770588762424,0.015704451869243363,491.7071667703611,245.72939294284953,494.7777777777777,495.0626729475898
8.0,7.0,8.0,5.0,0.9146778666666743,3.6982519999999943,0.9813032333333447,0.5609188666666549,0.43556088888889255,1.4224046153846135,0.46728725396825943,0.26710422222221664,593715200.0,1315127296.0,886394880.0,294281216.0,0.4915025499131945,1.0887179904513888,0.733795166015625,0.2436184353298611,2.616517995035292,2.9651418940650194,0.011769715441042787,0.015584709424322343,477.91096318517975,242.06861638295032,487.28300672418015,487.57973539564716
8.0,7.0,8.0,5.0,1.019809533333345,3.9085455666666493,0.9900570666666682,0.6833032999999982,0.48562358730159283,1.50328675641025,0.4714557460317467,0.3253825238095229,591183872.0,1316847616.0,871923712.0,291069952.0,0.48940700954861105,1.090142144097222,0.7218153211805556,0.2409600151909722,2.5873312659613275,2.8851728870559175,0.01242758180947558,0.01656863003729635,486.493925451757,243.91620546331487,492.0458084556844,490.0496321486519
8.0,7.0,8.0,5.0,1.1061571999999955,3.2850054333333336,0.8426638333333414,0.6350025666666625,0.5267415238095217,1.263463628205128,0.40126849206349596,0.30238217460317257,586272768.0,1323204608.0,877076480.0,292134912.0,0.4853413899739583,1.0954047309027777,0.7260810004340278,0.24184163411458334,2.7193800198538036,2.99381060353782,0.012142862292718175,0.0159924896564129,480.48598982290065,246.13034242161632,492.9777777777777,493.4414416816656
8.0,7.0,8.0,5.0,1.1238004532880208,3.259043962270449,0.8956766656667599,0.5399664033596671,0.5351430729942956,1.2534784470270957,0.42651269793655233,0.2571268587426986,586522624.0,1319485440.0,881000448.0,292626432.0,0.4855482313368055,1.0923258463541667,0.7293294270833333,0.24224853515625,2.7881020848310567,3.0787528043962453,0.012345366533329306,0.016151581169706306,472.1830744041665,247.60590165877653,495.9826804508442,495.56145375700413
8.0,7.0,8.0,5.0,1.1303769333333245,3.412040433333338,0.9735706999999895,0.5272134333333308,0.538274730158726,1.3123232435897452,0.4636050952380903,0.2510540158730146,579952640.0,1319321600.0,883548160.0,293482496.0,0.4801093207465278,1.0921902126736112,0.7314385308159723,0.24295722113715276,2.7599152695150533,3.001851486376092,0.011236513844757356,0.01479314179375454,478.75762532316963,245.7355097747257,490.0666666666666,491.00217199665155
8.0,7.0,8.0,5.0,1.1768050666666625,4.172206400000013,0.9556388666666598,0.557097166666667,0.560383365079363,1.6046947692307736,0.45506612698412363,0.26528436507936526,581943296.0,1320132608.0,872595456.0,294846464.0,0.48175726996527773,1.0928615993923612,0.7223714192708334,0.2440863715277778,2.7729306260686863,3.0510959643100004,0.011808152766518485,0.016338948170731806,474.1592780456178,247.20176699211322,495.8666358288393,494.93509341155897
8.0,7.0,8.0,5.0,1.0398471333333361,3.0967036333332922,0.8584461000000072,0.5704641666666703,0.49516530158730293,1.1910398589743432,0.4087838571428605,0.2716496031746049,579969024.0,1293611008.0,876855296.0,292581376.0,0.48012288411458337,1.0709058973524306,0.7258978949652777,0.2422112358940972,2.185262104299012,2.4190459412086582,0.011674475688892993,0.015641826518199786,489.3367154570765,246.62424897896693,475.19999999999993,475.2908395928707
8.0,7.0,8.0,5.0,1.123086833333332,3.4000226333333146,0.9156855666666749,0.51655593333334,0.5348032539682532,1.3077010128205053,0.43604074603174997,0.24597901587301907,586891264.0,1305489408.0,866451456.0,292929536.0,0.4858534071180556,1.0807393391927083,0.71728515625,0.2424994574652778,0.9466154998067793,1.035788925941894,0.012286699890124694,0.016111101583121602,495.2252001323515,247.29045636596192,495.00040811926095,494.8204990542545
8.0,7.0,8.0,5.0,0.9889708000000098,3.6236061999999913,0.9636843333333331,0.518652566666653,0.4709384761904809,1.3936946923076887,0.45889730158730146,0.24697741269840623,587616256.0,1321250816.0,870518784.0,288358400.0,0.4864535861545139,1.0937872992621527,0.7206522623697916,0.23871527777777776,1.0518011205289215,1.1377646728880948,0.012408604876174317,0.01552357862540479,489.6696857558104,245.22526390648264,491.309735369786,492.38081649887766
8.0,7.0,8.0,5.0,0.889914533333327,3.353029633333351,0.7930887999999963,0.5259078333333264,0.42376882539682237,1.2896267820512888,0.3776613333333315,0.2504323015872983,586698752.0,1302228992.0,882896896.0,289419264.0,0.48569403754340273,1.0780402289496527,0.7308993869357638,0.239593505859375,0.9083982812402155,1.009357690885561,0.010808630393996224,0.014095963527781046,471.21953690947066,237.4222222222222,418.3333333333333,435.08888888888885
8.0,7.0,8.0,5.0,0.0390569333333436,0.03448159999999234,0.03684763333333384,0.023727999999994153,0.01859853968254457,0.0132621538461509,0.017546492063492302,0.011299047619044832,580104192.0,1290711040.0,872648704.0,288137216.0,0.48023478190104163,1.0685051812065973,0.722415500217014,0.2385321723090278,0.002049999995364083,0.0210625,0.004249994666190848,0.00665,0.42222222222222217,0.28888888888888886,0.15555851891363293,0.37777777777777777
8.0,7.0,8.0,5.0,0.030768899999990634,0.03289810000002263,0.04556670000000054,0.022637833333345726,0.014651857142852682,0.012653115384624087,0.021698428571428827,0.010779920634926535,578273280.0,1285898240.0,480362496.0,288374784.0,0.47871907552083337,1.0645209418402777,0.3976643880208333,0.23872884114583331,0.0,0.0,0.0,0.0,0.0,0.0,0.0,0.0
8.0,7.0,8.0,5.0,0.04104566666667324,0.03142663333333833,0.04834876666665764,0.026016399999991793,0.01954555555555869,0.01208716666666859,0.023023222222217924,0.012388761904757994,574078976.0,1287184384.0,477691904.0,288047104.0,0.4752468532986111,1.0655856662326388,0.3954535590277778,0.2384575737847222,0.0,0.0,0.0,0.0,0.0,0.0,0.0,0.0
8.0,7.0,8.0,5.0,0.04231333333333395,0.033904399999998225,0.03836156666667041,0.028290733333318486,0.020149206349206646,0.013040153846153164,0.018267412698414486,0.013471777777770708,571166720.0,1286049792.0,461295616.0,287739904.0,0.47283596462673616,1.0646464029947915,0.3818800184461806,0.23820326063368055,0.0,0.0,0.0,0.0,0.0,0.0,0.0,0.0
8.0,7.0,8.0,5.0,0.04504686666667036,0.04152976666668261,0.04259386666666766,0.032601666666666536,0.02145088888889065,0.01597298717949331,0.02028279365079412,0.015524603174603111,571707392.0,1287102464.0,455753728.0,287641600.0,0.4732835557725694,1.0655178493923612,0.37729220920138895,0.2381218804253472,0.0,0.0,0.0,0.0,0.0,0.0,0.0,0.0
8.0,7.0,8.0,5.0,0.06119336666667627,0.04396380000002106,0.04701060000000818,0.033691133333345155,0.029139698412702975,0.016909153846161946,0.022386000000003892,0.016043396825402456,407515136.0,1024438272.0,362602496.0,216436736.0,0.3373582628038194,0.8480733235677084,0.3001776801215278,0.17917548285590276,0.0,0.0,0.0,0.0,0.0,0.0,0.0,0.0
1.0,1.0,1.0,1.0,0.007698066666671366,0.008263733333357474,0.004428066666666079,0.005517499999996289,0.003665746031748269,0.0031783589743682593,0.0021086031746028943,0.0026273809523791854,80695296.0,208707584.0,67645440.0,89198592.0,0.066802978515625,0.17277696397569445,0.055999755859375,0.07384236653645833,0.0,0.0,0.0,0.0,0.0,0.0,0.0,0.0
1.0,1.0,1.0,1.0,0.00678256666666736,0.008288766666676868,0.006466000000000349,0.005362266666664558,0.0032297936507939807,0.0031879871794911027,0.003079047619047785,0.002553460317459313,80728064.0,208846848.0,67670016.0,92450816.0,0.0668301052517361,0.17289225260416666,0.056020100911458336,0.0765346950954861,0.0,0.0,0.0,0.0,0.0,0.0,0.0,0.0
1.0,1.0,1.0,1.0,0.00611949999999221,0.00860043333335246,0.00741643333334044,0.00687310000001465,0.0029140476190439094,0.0033078589743663306,0.003531634920638305,0.003272904761911738,81072128.0,208994304.0,64004096.0,92479488.0,0.06711493598090278,0.17301432291666666,0.052985297309027776,0.07655843098958333,0.0,0.0,0.0,0.0,0.0,0.0,0.0,0.0
1.0,1.0,1.0,1.0,0.006787766666669389,0.006391033333360004,0.005961666666659464,0.003238533333327117,0.0032322698412711372,0.0024580897436000016,0.0028388888888854586,0.00154215873015577,81096704.0,209010688.0,64008192.0,91365376.0,0.0671352810329861,0.1730278862847222,0.052988688151041664,0.07563612196180555,0.0,0.0,0.0,0.0,0.0,0.0,0.0,0.0
1.0,1.0,1.0,1.0,0.0044540333333316084,0.006525700000020151,0.006971766666659581,0.006670900000002197,0.0021209682539674326,0.0025098846153923655,0.0033198888888855147,0.0031766190476200935,79085568.0,204730368.0,62713856.0,91365376.0,0.06547037760416667,0.16948445638020834,0.051917182074652776,0.07563612196180555,0.0,0.0,0.0,0.0,0.0,0.0,0.0,0.0
1.0,1.0,1.0,1.0,0.00698336666666061,0.0068241999999978965,0.004899600000013985,0.006390233333331707,0.003325412698409814,0.0026246923076914987,0.0023331428571495166,0.0030429682539674795,79327232.0,205074432.0,63016960.0,89030656.0,0.0656704372829861,0.169769287109375,0.05216810438368055,0.0737033420138889,0.0,0.0,0.0,0.0,0.0,0.0,0.0,0.0
