adservice_pod,cartservice_pod,checkoutservice_pod,currencyservice_pod,emailservice_pod,paymentservice_pod,productcatalogservice_pod,recommendationservice_pod,shippingservice_pod,adservice_vCPU,cartservice_vCPU,checkoutservice_vCPU,currencyservice_vCPU,emailservice_vCPU,paymentservice_vCPU,productcatalogservice_vCPU,recommendationservice_vCPU,shippingservice_vCPU,adservice_cpu,cartservice_cpu,checkoutservice_cpu,currencyservice_cpu,emailservice_cpu,paymentservice_cpu,productcatalogservice_cpu,recommendationservice_cpu,shippingservice_cpu,adservice_mem_,cartservice_mem_,checkoutservice_mem_,currencyservice_mem_,emailservice_mem_,paymentservice_mem_,productcatalogservice_mem_,recommendationservice_mem_,shippingservice_mem_,adservice_mem,cartservice_mem,checkoutservice_mem,currencyservice_mem,emailservice_mem,paymentservice_mem,productcatalogservice_mem,recommendationservice_mem,shippingservice_mem,adservice_res,cartservice_res,checkoutservice_res,currencyservice_res,emailservice_res,paymentservice_res,productcatalogservice_res,recommendationservice_res,shippingservice_res,adservice_req,cartservice_req,checkoutservice_req,currencyservice_req,emailservice_req,paymentservice_req,productcatalogservice_req,recommendationservice_req,shippingservice_req
1.0,1.0,1.0,1.0,1.0,1.0,1.0,1.0,1.0,0.045887566666666636,0.007146099999999992,0.011404466666666672,0.009522133333333339,0.015379100000000001,0.013537900000000005,0.009936033333333327,0.012391966666666665,0.013637633333333336,0.019951115942028974,0.003106999999999997,0.0051838484848484865,0.004328242424242426,0.0069905,0.0061535909090909115,0.0045163787878787845,0.00563271212121212,0.006198924242424244,260186112.0,69402624.0,49795072.0,61018112.0,81174528.0,60489728.0,50663424.0,77328384.0,49745920.0,0.18741148980362538,0.057454427083333336,0.041222466362847224,0.050513373480902776,0.06719970703125,0.05007595486111111,0.041941324869791664,0.05003127120081411,0.04118177625868055,0.0,0.0,0.0,0.0,0.0,0.0,0.0,0.0,0.0,0.0,0.0,0.0,0.0,0.0,0.0,0.0,0.0,0.0
1.0,1.0,1.0,1.0,1.0,1.0,1.0,1.0,1.0,0.06366333333333335,0.008456033333333342,0.010396566666666655,0.0075053333333333265,0.018329400000000006,0.009495100000000001,0.013503966666666652,0.01757949999999999,0.013792600000000021,0.027679710144927545,0.003676536231884062,0.004725712121212116,0.003411515151515148,0.008331545454545456,0.0043159545454545456,0.006138166666666659,0.007990681818181813,0.006269363636363646,257740800.0,69095424.0,49881088.0,56061952.0,75423744.0,60416000.0,49795072.0,77672448.0,50401280.0,0.1856501368957704,0.057200113932291664,0.04129367404513889,0.046410454644097224,0.06243896484375,0.05001491970486111,0.041222466362847224,0.050253879748982364,0.041724310980902776,0.0,0.0,0.0,0.0,0.0,0.0,0.0,0.0,0.0,0.0,0.0,0.0,0.0,0.0,0.0,0.0,0.0,0.0
1.0,1.0,1.0,1.0,1.0,1.0,1.0,1.0,1.0,0.06595363333333341,0.015443833333333353,0.010241166666666648,0.006992799999999999,0.022832933333333354,0.007022333333333315,0.013041133333333328,0.017614899999999996,0.019249266666666643,0.028675492753623227,0.006714710144927545,0.004655075757575749,0.003178545454545454,0.010378606060606069,0.0031919696969696884,0.005927787878787876,0.008006772727272725,0.008749666666666656,258252800.0,69894144.0,49745920.0,56270848.0,75448320.0,60395520.0,49799168.0,75476992.0,50081792.0,0.18601892938066467,0.057861328125,0.04118177625868055,0.04658338758680555,0.062459309895833336,0.049997965494791664,0.04122585720486111,0.04883342520352781,0.04145982530381945,0.0,0.0,0.0,0.0,0.0,0.0,0.0,0.0,0.0,0.0,0.0,0.0,0.0,0.0,0.0,0.0,0.0,0.0
1.0,1.0,1.0,1.0,1.0,1.0,1.0,1.0,1.0,0.06998033333333341,0.012909933333333345,0.01053519999999999,0.013145833333333337,0.023444433333333327,0.012412833333333317,0.01065463333333332,0.015181333333333344,0.009374000000000007,0.030426231884058005,0.005613014492753629,0.004788727272727267,0.005975378787878789,0.010656560606060602,0.005642196969696962,0.004843015151515145,0.0069006060606060645,0.004260909090909095,272510976.0,64188416.0,41828352.0,52813824.0,73064448.0,51789824.0,40853504.0,69021696.0,42115072.0,0.1962890625,0.053137885199652776,0.034627278645833336,0.043721516927083336,0.06048583984375,0.04287380642361111,0.033820258246527776,0.04465686482360923,0.03486463758680555,0.0,0.0,0.0,0.0,0.0,0.0,0.0,0.0,0.0,0.0,0.0,0.0,0.0,0.0,0.0,0.0,0.0,0.0
1.0,1.0,1.0,1.0,1.0,1.0,1.0,1.0,1.0,0.06047883333333329,0.010088966666666662,0.010496666666666658,0.00810566666666667,0.008272366666666642,0.011910133333333305,0.01074986666666667,0.015409399999999972,0.010078433333333307,0.026295144927536214,0.00438650724637681,0.004771212121212117,0.003684393939393941,0.003760166666666655,0.005413696969696956,0.004886303030303032,0.007004272727272714,0.004581106060606048,272719872.0,64835584.0,42004480.0,53858304.0,73359360.0,52338688.0,41222144.0,69025792.0,42266624.0,0.19643952983383686,0.053673638237847224,0.03477308485243055,0.044586181640625,0.06072998046875,0.043328179253472224,0.034125434027777776,0.04465951492537314,0.03499009874131945,0.0,0.0,0.0,0.0,0.0,0.0,0.0,0.0,0.0,0.0,0.0,0.0,0.0,0.0,0.0,0.0,0.0,0.0
1.0,1.0,1.0,1.0,1.0,1.0,1.0,1.0,1.0,0.04922336666666673,0.015967799999999956,0.005908966666666664,0.008549433333333311,0.0151272333333333,0.010442199999999987,0.01289066666666668,0.012315700000000025,0.010729733333333335,0.021401463768115973,0.006942521739130416,0.0026858939393939376,0.00388610606060605,0.0068760151515151365,0.004746454545454539,0.0058593939393939455,0.005598045454545466,0.004877151515151516,272302080.0,64573440.0,41676800.0,53694464.0,71434240.0,52932608.0,41758720.0,68923392.0,42536960.0,0.19613859516616314,0.053456624348958336,0.03450181749131945,0.04445054796006945,0.059136284722222224,0.04381985134548611,0.034569634331597224,0.04459326238127544,0.03521389431423611,0.0,0.0,0.0,0.0,0.0,0.0,0.0,0.0,0.0,0.0,0.0,0.0,0.0,0.0,0.0,0.0,0.0,0.0
1.0,1.0,1.0,1.0,1.0,1.0,1.0,1.0,1.0,0.05543069999999991,0.015330966666666631,0.010815766666666674,0.012880599999999997,0.008669066666666699,0.008635833333333339,0.010269466666666668,0.012325366666666681,0.007653833333333301,0.02410030434782605,0.006665637681159405,0.004916257575757579,0.00585481818181818,0.003940484848484862,0.00392537878787879,0.004667939393939394,0.0056024393939394,0.0034790151515151366,272330752.0,65269760.0,41668608.0,53878784.0,71614464.0,53391360.0,42065920.0,68956160.0,42307584.0,0.19615924754531722,0.05403306749131945,0.034495035807291664,0.04460313585069445,0.059285481770833336,0.044199625651041664,0.03482394748263889,0.0446144631953867,0.035024007161458336,0.0,0.0,0.0,0.0,0.0,0.0,0.0,0.0,0.0,0.0,0.0,0.0,0.0,0.0,0.0,0.0,0.0,0.0
1.0,1.0,1.0,1.0,1.0,1.0,1.0,1.0,1.0,0.03998826666666654,0.017380100000000037,0.012866700000000009,0.01123993333333333,0.01717913333333332,0.00884863333333333,0.01336769999999999,0.021039199999999997,0.012072900000000017,0.01738620289855067,0.007556565217391322,0.005848500000000004,0.005109060606060604,0.007808696969696962,0.0040221060606060585,0.006076227272727267,0.009563272727272726,0.005487681818181826,272752640.0,64888832.0,41533440.0,54046720.0,71467008.0,53391360.0,41934848.0,68964352.0,42201088.0,0.1964631325528701,0.053717719184027776,0.034383138020833336,0.04474216037326389,0.059163411458333336,0.044199625651041664,0.03471544053819445,0.04461976339891452,0.034935845269097224,0.0,0.0,0.0,0.0,0.0,0.0,0.0,0.0,0.0,0.0,0.0,0.0,0.0,0.0,0.0,0.0,0.0,0.0
1.0,1.0,1.0,1.0,1.0,1.0,1.0,1.0,1.0,0.04803263333333329,0.011820933333333332,0.009924766666666685,0.010050766666666681,0.018234366666666623,0.008333166666666673,0.0064119999999999655,0.014706033333333342,0.00964760000000003,0.020883753623188388,0.005139536231884058,0.004511257575757583,0.0045685303030303095,0.008288348484848464,0.003787803030303033,0.0029145454545454388,0.00668456060606061,0.004385272727272741,273362944.0,64790528.0,41340928.0,54001664.0,71639040.0,53616640.0,42209280.0,69615616.0,42086400.0,0.19690273319486404,0.05363633897569445,0.03422376844618055,0.04470486111111111,0.059305826822916664,0.04438612196180555,0.034942626953125,0.045041129579375845,0.034840901692708336,0.0,0.0,0.0,0.0,0.0,0.0,0.0,0.0,0.0,0.0,0.0,0.0,0.0,0.0,0.0,0.0,0.0,0.0
1.0,1.0,1.0,1.0,1.0,1.0,1.0,1.0,1.0,0.02593126666666663,0.011109100000000005,0.011053066666666686,0.010370566666666706,0.016773266666666644,0.00672256666666667,0.011089000000000009,0.015206833333333294,0.009426166666666683,0.011274463768115927,0.004830043478260872,0.00502412121212122,0.004713893939393958,0.007624212121212111,0.0030557121212121223,0.005040454545454549,0.006912196969696952,0.00428462121212122,273207296.0,65003520.0,41459712.0,54243328.0,71553024.0,53604352.0,42094592.0,68980736.0,42020864.0,0.19679062027945618,0.053812662760416664,0.034322102864583336,0.04490492078993055,0.059234619140625,0.04437594943576389,0.03484768337673611,0.04463036380597015,0.03478664822048611,0.0,0.0,0.0,0.0,0.0,0.0,0.0,0.0,0.0,0.0,0.0,0.0,0.0,0.0,0.0,0.0,0.0,0.0
1.0,1.0,1.0,1.0,1.0,1.0,1.0,1.0,1.0,0.05489343333333328,0.013037166666666699,0.011126900000000006,0.009551100000000012,0.01568363333333333,0.00735259999999999,0.010873666666666655,0.015912800000000022,0.013576666666666704,0.023866710144927517,0.005668333333333348,0.0050576818181818205,0.004341409090909096,0.0071289242424242396,0.0033420909090909044,0.0049425757575757515,0.007233090909090918,0.006171212121212137,273432576.0,64933888.0,41791488.0,54120448.0,71802880.0,53878784.0,42020864.0,68997120.0,42156032.0,0.19695288897280966,0.05375501844618055,0.034596761067708336,0.04480319552951389,0.059441460503472224,0.04460313585069445,0.03478664822048611,0.04464096421302578,0.03489854600694445,0.0,0.0,0.0,0.0,0.0,0.0,0.0,0.0,0.0,0.0,0.0,0.0,0.0,0.0,0.0,0.0,0.0,0.0
1.0,1.0,1.0,1.0,1.0,1.0,1.0,1.0,1.0,0.06340256666666662,0.012900733333333332,0.006091233333333316,0.009793466666666658,0.0137278666666667,0.01016046666666662,0.009638666666666632,0.015887266666666615,0.007806833333333311,0.027566333333333314,0.005609014492753623,0.002768742424242416,0.004451575757575753,0.006239939393939408,0.004618393939393918,0.004381212121212105,0.007221484848484824,0.0035485606060605955,273551360.0,64872448.0,41525248.0,54132736.0,71266304.0,53706752.0,42414080.0,68984832.0,42061824.0,0.19703844882930513,0.053704155815972224,0.03437635633680555,0.04481336805555555,0.058997260199652776,0.04446072048611111,0.03511216905381945,0.044633013907734054,0.034820556640625,0.0,0.0,0.0,0.0,0.0,0.0,0.0,0.0,0.0,0.0,0.0,0.0,0.0,0.0,0.0,0.0,0.0,0.0
1.0,1.0,1.0,1.0,1.0,1.0,1.0,1.0,1.0,0.05397163333333334,0.010641966666666688,0.013290466666666667,0.008607799999999995,0.018452333333333352,0.008519633333333351,0.006669133333333358,0.013162133333333336,0.007823266666666662,0.023465927536231886,0.004626942028985517,0.006041121212121212,0.003912636363636361,0.00838742424242425,0.0038725606060606137,0.0030314242424242534,0.00598278787878788,0.0035560303030303005,274157568.0,67059712.0,41517056.0,54210560.0,71360512.0,53645312.0,42119168.0,69005312.0,41914368.0,0.19747509913141995,0.05551486545138889,0.034369574652777776,0.04487779405381945,0.059075249565972224,0.044409857855902776,0.03486802842881945,0.044646264416553595,0.034698486328125,0.0,0.0,0.0,0.0,0.0,0.0,0.0,0.0,0.0,0.0,0.0,0.0,0.0,0.0,0.0,0.0,0.0,0.0
1.0,1.0,1.0,1.0,1.0,1.0,1.0,1.0,1.0,0.10051873333333318,0.02430773333333338,0.011116933333333337,0.016787133333333298,0.014693866666666604,0.010214266666666678,0.02466419999999996,0.018520466666666735,0.009816966666666656,0.04370379710144922,0.010568579710144948,0.005053151515151517,0.007630515151515135,0.0066790303030302735,0.004642848484848489,0.01121099999999998,0.00841839393939397,0.004462257575757571,279089152.0,66064384.0,46481408.0,54906880.0,71856128.0,54124544.0,43204608.0,69967872.0,43094016.0,0.20102730834592145,0.05469089084201389,0.03847927517361111,0.04545423719618055,0.059485541449652776,0.044806586371527776,0.0357666015625,0.04526903833107191,0.035675048828125,0.004115179862114978,0.0021351762645062406,0.08,0.0004055745808317718,0.001716666666666666,0.001754202230716866,5.96903782371875e-05,0.0036467776071181747,0.00037689045537275156,3.5416800000000004,6.159468148148148,0.1952561111111111,16.585023333333332,0.2138838888888889,0.2730316666666667,38.93817907407407,4.797482962962963,1.5840033333333334
1.0,1.0,1.0,1.0,1.0,1.0,1.0,1.0,1.0,0.07824399999999987,0.06997826666666664,0.03678623333333336,0.07478506666666665,0.01755233333333332,0.010258233333333304,0.09421686666666668,0.051354033333333264,0.01872073333333333,0.03401913043478256,0.03042533333333332,0.016721015151515167,0.03399321212121211,0.007978333333333327,0.004662833333333319,0.04282584848484849,0.02334274242424239,0.00850942424242424,291745792.0,67059712.0,45875200.0,59457536.0,72265728.0,54562816.0,44322816.0,70975488.0,43712512.0,0.21014385857250756,0.05551486545138889,0.03797743055555555,0.04922146267361111,0.059824625651041664,0.04516940646701389,0.036692301432291664,0.04592096336499322,0.036187065972222224,0.004146378269617706,0.0159817574212272,0.1226923076923077,0.0022160158354755785,0.0016425925925925926,0.0011914285714285714,0.0005703463924431322,0.008335238683473389,0.00022351485148514852,26.066666666666663,43.17777777777777,1.3777777777777775,127.51111111111109,1.3555555555555554,1.3555555555555554,264.99999999999994,33.64444444444444,10.6
1.0,1.0,1.0,1.0,1.0,1.0,1.0,1.0,1.0,0.11542226666666645,0.04718793333333326,0.08753983333333336,0.11610293333333341,0.023774833333333235,0.0077020999999999635,0.22384666666666664,0.10173720000000006,0.04102113333333328,0.05018359420289846,0.020516492753623158,0.039790833333333345,0.05277406060606064,0.010806742424242378,0.0035009545454545285,0.10174848484848482,0.04624418181818184,0.01864596969696967,319119360.0,69853184.0,48140288.0,66539520.0,71991296.0,54722560.0,44240896.0,72241152.0,44265472.0,0.22986097998489427,0.05782741970486111,0.03985256618923611,0.055084228515625,0.05959743923611111,0.04530164930555555,0.03662448459201389,0.046739844810040704,0.036644829644097224,0.0013933823529411766,0.010984462399005593,0.17886568209742734,0.0004296012849584276,0.0019458333333333335,0.0013468085106382985,0.002473032449142614,0.012822387425658452,0.00022263279445727487,42.199999999999996,72.02222222222221,2.1333333333333333,233.66666666666663,2.1777777777777776,2.155555555555555,415.7555555555555,52.444444444444436,19.53333333333333
1.0,1.0,1.0,1.0,1.0,1.0,2.0,1.0,1.0,0.1551343666666663,0.08944856666666656,0.0882123,0.12534633333333325,0.016440166666666655,0.007766699999999993,0.15018956666666672,0.09006013333333343,0.027378066666666593,0.06744972463768101,0.03889068115942025,0.04009649999999999,0.05697560606060602,0.007472803030303024,0.0035303181818181783,0.06826798484848487,0.04093642424242428,0.012444575757575724,137633792.0,69046272.0,50196480.0,72429568.0,73146368.0,56004608.0,91279360.0,73629696.0,44900352.0,0.09913732061933535,0.057159423828125,0.041554768880208336,0.059960259331597224,0.060553656684027776,0.046362982855902776,0.0755649142795139,0.04763822930800543,0.03717041015625,0.004413685522280745,0.019747595078299773,0.175171875,0.0004017056795499909,0.0017642857142857132,0.0011365671641791043,0.0003399094909831807,0.01612039020657996,0.0002860706860706861,26.111111111111107,80.13333333333333,2.9333333333333327,247.35555555555553,2.9333333333333327,2.9777777777777774,422.9996911111111,58.08888888888888,21.73333333333333
1.0,1.0,1.0,1.0,1.0,1.0,2.0,1.0,1.0,0.21468729999999994,0.15382566666666667,0.13775976666666664,0.19602910000000004,0.023465966666666678,0.012649333333333304,0.3280862666666668,0.11791656666666672,0.01566919999999996,0.09334230434782607,0.06688072463768116,0.06261807575757575,0.08910413636363637,0.010666348484848489,0.005749696969696957,0.14913012121212127,0.05359843939393942,0.007122363636363618,285786112.0,70500352.0,53301248.0,78278656.0,73551872.0,58028032.0,92950528.0,74907648.0,45760512.0,0.20585111404833836,0.05836317274305555,0.04412502712673611,0.06480238172743055,0.060889350043402776,0.04803805881076389,0.07694837782118055,0.04846506105834464,0.037882486979166664,0.01620561630218688,0.011162593516209482,0.17448630136986304,0.0004214029947916665,0.002450657894736842,0.0011746835443037975,0.0005309376955394652,0.022128463128876643,0.00033826714801444045,49.26666666666666,89.68888888888888,3.4666666666666663,268.13333333333327,3.4888888888888885,3.3999999999999995,497.3555555555555,64.62222222222222,24.977777777777774
1.0,1.0,1.0,1.0,1.0,1.0,2.0,1.0,1.0,0.14476440000000015,0.1396845333333334,0.12271986666666664,0.24710409999999997,0.022783866666666697,0.013532466666666684,0.3340320333333332,0.19524990000000006,0.03732209999999997,0.06294104347826095,0.06073240579710148,0.055781757575757554,0.11232004545454544,0.010356303030303044,0.00615112121212122,0.15183274242424238,0.08874995454545456,0.016964590909090898,320471040.0,70746112.0,53100544.0,81969152.0,73818112.0,58494976.0,93724672.0,75558912.0,45559808.0,0.23083459214501512,0.05856662326388889,0.04395887586805555,0.06785753038194445,0.06110975477430555,0.048424614800347224,0.07758924696180555,0.04888642723880597,0.03771633572048611,0.001410748702742774,0.0018375110521662273,0.1931388888888889,0.0002996606334841625,0.0024647887323943646,0.0011750000000000003,0.0003203546375681994,0.006232333533293343,0.0003081967213114753,60.06666666666666,101.57777777777777,3.1777777777777776,314.0444444444444,3.333333333333333,3.1999999999999997,573.4,73.93333333333332,26.999114133131865
1.0,1.0,1.0,1.0,1.0,1.0,2.0,1.0,1.0,0.012596299999999871,0.1698988,0.11554760000000001,0.2090473333333333,0.015707533333333263,0.01568433333333334,0.46342016666666663,0.13713333333333325,0.0422585333333334,0.0054766521739129876,0.07386904347826087,0.05252163636363637,0.09502151515151513,0.007139787878787846,0.007129242424242426,0.21064553030303032,0.06233333333333329,0.019208424242424273,37761024.0,71045120.0,52232192.0,80281600.0,73093120.0,59105280.0,93343744.0,75628544.0,46231552.0,0.02719918334592145,0.058814154730902776,0.04324001736111111,0.06646050347222222,0.060509575737847224,0.048929850260416664,0.0772738986545139,0.0489314789687924,0.03827243381076389,0.010003333333333336,0.028312758201701094,0.2151607142857143,0.0007524835692618808,0.0040429411764705886,0.0013052325581395336,0.0009399436760302298,0.02769207182320442,0.00022348703170028814,8.044444444444444,110.73333333333332,3.7777777777777772,346.51111111111106,3.9333333333333327,3.7777777777777772,630.711111111111,80.64444444444445,31.199999999999996
1.0,1.0,1.0,2.0,1.0,1.0,3.0,1.0,1.0,0.21834190000000006,0.14336186666666678,0.16166610000000006,0.14598070000000002,0.02249220000000006,0.0154583,0.27819013333333376,0.15052479999999993,0.036916766666666705,0.09493126086956526,0.06233124637681165,0.07348459090909093,0.06635486363636364,0.0102237272727273,0.007026499999999999,0.1264500606060608,0.0684203636363636,0.016780348484848502,297357312.0,71393280.0,53149696.0,154759168.0,73330688.0,59842560.0,140972032.0,75907072.0,46313472.0,0.21418582420694865,0.059102376302083336,0.043999565972222224,0.1281161838107639,0.060706244574652776,0.049540201822916664,0.1167026095920139,0.04911168588873813,0.038340250651041664,0.021161538461538464,0.024630842607313196,0.2022070707070707,0.0007980233924192169,0.0022317708333333334,0.0021161458333333336,0.0004339523608289436,0.014583742658836094,0.00033604651162790703,64.37777777777777,113.57777777777777,4.244444444444444,348.39023777777777,4.222222222222221,4.244444444444444,626.9600055555555,83.46666666666665,31.666666666666664
1.0,1.0,1.0,2.0,1.0,1.0,3.0,1.0,1.0,0.10422680000000023,0.1539972000000001,0.16031876666666656,0.23745223333333348,0.02631536666666676,0.015789199999999916,0.4424721333333337,0.20977316666666657,0.03747023333333329,0.045316000000000106,0.06695530434782614,0.07287216666666663,0.1079328333333334,0.011961530303030345,0.007176909090909052,0.2011236969696971,0.09535143939393934,0.01703192424242422,331497472.0,70959104.0,54128640.0,165208064.0,73994240.0,59379712.0,142131200.0,76017664.0,46952448.0,0.23877690709969787,0.05874294704861111,0.044809977213541664,0.13676622178819445,0.061255560980902776,0.049157036675347224,0.11766221788194445,0.04918323863636364,0.038869222005208336,0.0018773127753303983,0.026051856017997754,0.19398809523809524,0.0006749434860202256,0.0019802325581395343,0.0024244047619047643,0.0005801627997928001,0.026932462686567158,0.00031441256830601095,70.73333333333333,120.86666666666665,3.7777777777777772,374.62222222222215,3.8,3.733333333333333,692.0666666666666,89.1111111111111,32.4
1.0,1.0,1.0,2.0,1.0,1.0,3.0,1.0,1.0,0.12618150000000034,0.16582743333333336,0.1595299000000002,0.2610317333333335,0.014152566666666644,0.015234,0.47509363333333365,0.1561824333333334,0.03129206666666669,0.054861521739130586,0.07209888405797103,0.07251359090909099,0.11865078787878797,0.006432984848484837,0.006924545454545454,0.21595165151515167,0.07099201515151518,0.014223666666666674,236941312.0,71266304.0,52965376.0,166060032.0,75284480.0,60026880.0,143798272.0,76058624.0,46800896.0,0.17066831098942598,0.058997260199652776,0.043846978081597224,0.13747151692708334,0.062323676215277776,0.049692789713541664,0.11904229058159722,0.049209739654002715,0.03874376085069445,0.0,0.0019756962767516653,0.2227701612903226,0.0004377178110577387,0.002319758064516128,0.0012699152542372874,0.00042482853403009866,0.015225695012264917,0.00034283439490445845,0.2444444444444444,151.0,5.311111111111111,475.5777777777777,5.355555555555554,5.288888888888888,842.1459813790191,107.88888888888887,41.68888888888888
1.0,1.0,1.0,2.0,1.0,1.0,3.0,2.0,1.0,0.2205600000000004,0.1692422666666663,0.11662783333333332,0.22407710000000036,0.010274333333333274,0.01300323333333336,0.5560185000000003,0.11687329999999983,0.0392146333333334,0.09589565217391323,0.0735835942028984,0.053012651515151506,0.10185322727272741,0.004670151515151488,0.005910560606060618,0.25273568181818196,0.05312422727272719,0.017824833333333363,323096576.0,71708672.0,53751808.0,165076992.0,75964416.0,58826752.0,138420224.0,149700608.0,46612480.0,0.23272576000755288,0.059363471137152776,0.04449801974826389,0.13665771484375,0.06288655598958333,0.048699273003472224,0.1145901150173611,0.09685591926729986,0.03858778211805555,0.00496785909339159,0.02700120520139552,0.2694345794392523,0.0008118208591449174,0.002256249999999996,0.0011831730769230786,0.00047340732770825096,0.0219902805724169,0.0002758027522935783,82.9111111111111,138.73333333333332,4.755555555555555,426.9777777777777,4.7333333333333325,4.688888888888888,789.0051599999999,99.07182666666665,37.199999999999996
1.0,1.0,1.0,2.0,1.0,1.0,3.0,2.0,1.0,0.0888497000000001,0.09551940000000012,0.02301649999999995,0.10727249999999997,0.02361516666666669,0.011682099999999924,0.19779363333333322,0.04760029999999983,0.01661566666666682,0.03863030434782613,0.04153017391304353,0.01046204545454543,0.04876022727272725,0.010734166666666677,0.00531004545454542,0.0899061969696969,0.021636499999999923,0.0075525757575758265,348246016.0,63471616.0,52224000.0,177258496.0,79159296.0,59764736.0,139378688.0,155394048.0,47181824.0,0.2508408468655589,0.052544487847222224,0.043233235677083336,0.14674207899305558,0.06553141276041667,0.049475775824652776,0.1153835720486111,0.10053956071913162,0.03905910915798611,0.010559073107049606,0.038412109115103135,0.12673490280103206,0.0008236910781275494,0.002026744186046524,0.0014136363636363637,0.0007182738262580833,0.011952652519893928,0.00024710526315789496,22.82222222222222,74.22222222222221,4.387822962962963,292.6222222222222,1.9555555555555553,2.1999999999999997,496.5777777777777,55.977777777777774,18.93333333333333
1.0,1.0,1.0,2.0,1.0,1.0,3.0,2.0,1.0,0.033666533333333366,0.2132937000000003,0.18022039999999984,0.23796653333333306,0.011785799999999942,0.019619499999999946,0.43492613333333363,0.24700253333333347,0.030273433333333342,0.014637623188405812,0.09273639130434796,0.08191836363636357,0.10816660606060592,0.005357181818181791,0.00891795454545452,0.19769369696969707,0.11227387878787884,0.013760651515151517,81289216.0,69726208.0,56242176.0,193024000.0,79167488.0,59924480.0,141565952.0,154468352.0,47570944.0,0.05855244524169184,0.05772230360243055,0.046559651692708336,0.1597934299045139,0.06553819444444445,0.04960801866319445,0.11719428168402776,0.09994063772048847,0.03938123914930555,0.0,0.01874737685805887,0.2927887931034483,0.0006988238050609183,0.002558260869565212,0.0012146825396825395,0.0006579850631745867,0.011412394195888756,0.000335493827160494,0.0,153.73333333333332,5.177777777777777,478.4888888888888,5.155555555555555,5.355555555555555,868.9999999999999,110.55555555555554,43.666666666666664
1.0,1.0,1.0,2.0,1.0,1.0,3.0,2.0,1.0,0.26202893333333366,0.21000633333333335,0.17454763333333337,0.2902446666666667,0.024805900000000016,0.015121166666666614,0.6504571000000001,0.18368146666666652,0.05152833333333315,0.11392562318840598,0.09130710144927538,0.07933983333333335,0.13192939393939396,0.011275409090909098,0.006873257575757552,0.2956623181818182,0.0834915757575757,0.02342196969696961,308625408.0,70766592.0,59330560.0,208752640.0,79708160.0,60510208.0,146903040.0,153042944.0,47984640.0,0.2223022092145015,0.058583577473958336,0.04911634657118055,0.1728142632378472,0.06598578559027778,0.05009290907118055,0.121612548828125,0.09901840230664857,0.039723714192708336,0.02848854433623782,0.02202401585952987,0.303703007518797,0.0006491605357479723,0.002950381679389313,0.0012324999999999997,0.0008355930470347649,0.018984130781499194,0.0005198233562316003,86.78062999999999,154.86666666666665,6.044444444444444,466.8444444444444,6.0,6.066666666666666,867.5999999999999,111.46666666666665,43.99999999999999
1.0,1.0,2.0,2.0,1.0,1.0,4.0,2.0,1.0,0.1195918000000006,0.20760473333333304,0.0481725666666667,0.35248329999999983,0.014242100000000117,0.01701543333333338,0.39832323333333386,0.22486379999999995,0.06365109999999988,0.051996434782608965,0.09026292753623176,0.021896621212121225,0.16021968181818175,0.006473681818181871,0.0077342878787879,0.18105601515151534,0.10221081818181815,0.028932318181818125,39899136.0,74809344.0,102817792.0,184741888.0,79958016.0,62959616.0,194568192.0,153305088.0,46682112.0,0.02873926076283988,0.061930338541666664,0.0851169162326389,0.15293714735243055,0.066192626953125,0.05212063259548611,0.16107177734375,0.09918800881953867,0.038645426432291664,0.010936930232558139,0.01797718270571828,0.20303668033348443,0.0008452237749867328,0.0023370833333333316,0.0012614503816793892,0.0005560752943579247,0.016568898404048255,0.00038296370967741953,31.066666666666663,156.98205555555555,5.410762777777777,496.92215388888883,5.321873888888889,5.4329849999999995,879.5067794444443,113.48888888888888,43.27094444444444
1.0,1.0,2.0,2.0,1.0,1.0,4.0,2.0,1.0,0.00793826666666746,0.2335695000000006,0.2279526,0.2904395666666666,0.02388196666666668,0.015633700000000063,0.6473774000000001,0.2524546666666667,0.04243409999999983,0.0034514202898554176,0.1015519565217394,0.10361481818181817,0.13201798484848482,0.0108554393939394,0.0071062272727273005,0.2942624545454545,0.11475212121212122,0.019288227272727193,41803776.0,75620352.0,109666304.0,183418880.0,80072704.0,66314240.0,195219456.0,151183360.0,47022080.0,0.030111168806646525,0.06260172526041667,0.0907864040798611,0.15184190538194445,0.0662875705295139,0.05489773220486111,0.16161092122395834,0.09781525610583447,0.03892686631944445,0.0,0.013509548472775551,0.19359426229508195,0.0007869649637556114,0.0023735999999999952,0.001415322580645165,0.0005061758334902994,0.01179884361233479,0.00032998046874999987,0.0,166.64444444444442,5.3999999999999995,517.711111111111,5.333333333333333,5.422222222222222,936.6888888888888,120.37777777777777,44.911111111111104
1.0,1.0,2.0,2.0,1.0,1.0,4.0,2.0,1.0,0.04327249999999954,0.24992536666666657,0.1895396333333334,0.31109403333333363,0.026677966666666702,0.018623166666666673,0.5732152666666673,0.3209734333333335,0.07458696666666687,0.01881413043478241,0.10866320289855069,0.08615437878787882,0.14140637878787893,0.0121263484848485,0.00846507575757576,0.2605523939393942,0.1458970151515152,0.03390316666666676,258920448.0,75673600.0,110424064.0,181710848.0,74428416.0,66875392.0,193990656.0,151367680.0,51269632.0,0.18649983478096677,0.06264580620659722,0.09141370985243055,0.1504279242621528,0.061614990234375,0.05536227756076389,0.16059366861979169,0.09793451068521031,0.042443169487847224,0.057541146366427834,0.018977083333333342,0.19894594594594595,0.0007485656617710204,0.0025134868421052645,0.0012993006993006972,0.0004906221155621199,0.014138402703664198,0.0005269265639165908,46.888888888888886,170.6222222222222,6.422222222222222,512.2666666666667,6.5555555555555545,6.488888888888888,957.0444444444444,123.9111111111111,48.55555555555555
1.0,1.0,2.0,2.0,1.0,1.0,4.0,2.0,1.0,0.19498613333333403,0.26953359999999976,0.23659600000000025,0.2766152666666665,0.019405833333333313,0.01794213333333327,0.6064681666666667,0.23744143333333295,0.04382989999999983,0.08477657971014525,0.11718852173913034,0.10754363636363647,0.12573421212121205,0.008820833333333323,0.008155515151515122,0.27566734848484853,0.10792792424242406,0.01992268181818174,353042432.0,71888896.0,107225088.0,183316480.0,74964992.0,63188992.0,191451136.0,152346624.0,51863552.0,0.25429569486404835,0.05951266818576389,0.08876546223958333,0.1517571343315972,0.06205919053819445,0.05231051974826389,0.15849134657118058,0.09856788500678426,0.04293484157986111,0.004596038691847075,0.008719679752066127,0.1805441176470588,0.0007395763097228931,0.0020421052631578976,0.0012449275362318819,0.00041633515549634756,0.010719722321110708,0.00034540719696969717,79.6222222222222,171.28888888888886,6.0666666666666655,526.1999999999999,6.244444444444444,6.022222222222221,967.6888888888888,124.02222222222221,46.95555555555555
1.0,1.0,2.0,2.0,1.0,1.0,4.0,2.0,1.0,0.004923066666666879,0.27402653333333354,0.22928043333333326,0.23667516666666777,0.030131766666666712,0.016765866666666678,0.5691710999999995,0.2624520999999999,0.0422208,0.0021404637681160348,0.11914197101449285,0.10421837878787875,0.1075796212121217,0.013696257575757596,0.007620848484848489,0.25871413636363616,0.11929640909090904,0.01919127272727273,44068864.0,71540736.0,103411712.0,193118208.0,74219520.0,63873024.0,186929152.0,151711744.0,52469760.0,0.03174270675981873,0.059224446614583336,0.08560858832465278,0.15987141927083334,0.061442057291666664,0.052876790364583336,0.1547478569878472,0.09815711923337855,0.043436686197916664,0.0,0.009300745118191185,0.18434353741496604,0.0006665899774115284,0.002485472972972982,0.0012037414965986352,0.00045886487476532817,0.008052506221116269,0.0005155722326454035,0.0,172.6222222222222,6.355555555555554,533.911111111111,6.466666666666666,6.3999999999999995,969.4666666666666,124.64444444444443,48.84444444444444
1.0,1.0,2.0,2.0,1.0,1.0,4.0,2.0,1.0,0.004339633333333382,0.09572436666666703,0.17660863333333315,0.33879236666666657,0.027626366666666513,0.010288899999999993,0.5275513666666674,0.2059275333333334,0.05120263333333336,0.0018867971014492964,0.04161928985507263,0.08027665151515143,0.15399653030303023,0.012557439393939324,0.004676772727272724,0.23979607575757605,0.09360342424242428,0.023273924242424256,38031360.0,71266304.0,102703104.0,198307840.0,74346496.0,63393792.0,187461632.0,150056960.0,53022720.0,0.02739390577794562,0.058997260199652776,0.08502197265625,0.16416761610243055,0.061547173394097224,0.052480061848958336,0.1551886664496528,0.09708647812075984,0.043894449869791664,0.0,0.04075605546123376,0.19106637168141594,0.0006035983337764789,0.002140086206896544,0.0011693396226415077,0.0003805878176193133,0.01591449246629659,0.00043052083333333495,0.0,154.64444444444442,4.555555555555555,499.79999999999995,4.7333333333333325,4.6,869.2444444444443,111.04444444444442,41.31111111111111
1.0,1.0,2.0,2.0,1.0,1.0,4.0,2.0,1.0,0.08731856666666621,0.17746463333333318,0.16563766666666713,0.2760782333333343,0.02309519999999997,0.012808200000000032,0.6284022333333338,0.25429153333333354,0.05047783333333342,0.037964594202898355,0.07715853623188401,0.0752898484848487,0.12549010606060648,0.010497818181818167,0.005821909090909105,0.285637378787879,0.1155870606060607,0.022944469696969737,168624128.0,71630848.0,104919040.0,197812224.0,73113600.0,63819776.0,183701504.0,147374080.0,48185344.0,0.1214595921450151,0.05929904513888889,0.0868564181857639,0.16375732421875,0.060526529947916664,0.052832709418402776,0.1520758734809028,0.09535066146540028,0.03988986545138889,0.0,0.012767738791422987,0.1786315789473684,0.0006132438316400591,0.002349565217391303,0.0011793859649122831,0.0003309284694530599,0.011115193050193041,0.00031540785498489367,0.0,156.55555555555554,5.0,485.3999999999999,5.0,4.977777777777777,898.2444444444443,114.75555555555555,43.24444444444444
1.0,1.0,2.0,2.0,1.0,1.0,4.0,2.0,1.0,0.20207196666666694,0.18567646666666632,0.21644956666666648,0.2272796999999997,0.02204430000000007,0.01666243333333336,0.6023236000000006,0.2678439000000002,0.04544373333333335,0.08785737681159432,0.08072889855072449,0.09838616666666658,0.1033089545454544,0.010020136363636394,0.007573833333333346,0.27378345454545483,0.12174722727272735,0.02065624242424243,296079360.0,69373952.0,106766336.0,197722112.0,74661888.0,64159744.0,184651776.0,149778432.0,48881664.0,0.21326531816465258,0.05743069118923611,0.08838568793402778,0.16368272569444442,0.061808268229166664,0.05311414930555555,0.152862548828125,0.0969062712008141,0.04046630859375,0.03590020080321286,0.01929940034266138,0.1721086956521739,0.0006399388265826291,0.0035273913043478307,0.0010982905982905944,0.0003933214447179388,0.012950138504155101,0.00041419125127161756,70.55555555555554,154.42222222222222,4.955555555555555,477.79999999999995,5.066666666666666,5.022222222222222,876.6444444444443,112.06666666666665,42.75555555555555
1.0,1.0,2.0,2.0,1.0,1.0,4.0,2.0,1.0,0.16450029999999932,0.2285394333333329,0.1616447000000003,0.24923356666666716,0.024636466666666478,0.017401433333333334,0.6080765000000009,0.26551099999999933,0.019912033333333076,0.0715218695652171,0.09936497101449257,0.07347486363636377,0.11328798484848507,0.011198393939393854,0.007909742424242423,0.27639840909090946,0.12068681818181787,0.009050924242424124,347017216.0,70324224.0,104046592.0,198508544.0,74993664.0,64483328.0,185892864.0,151293952.0,48533504.0,0.2499557449018127,0.058217366536458336,0.08613416883680555,0.1643337673611111,0.062082926432291664,0.053382025824652776,0.15388997395833331,0.09788680885345998,0.04017808702256945,0.005286516853932585,0.010819555236728848,0.17962704918032787,0.0005381263919821793,0.0020420634920634935,0.001136178861788614,0.0004885992397780982,0.012923903420523113,0.0003100619195046447,55.86666666666666,153.8222222222222,5.622222222222222,471.8888888888888,5.666666666666666,5.6,859.3333333333333,110.22222222222221,43.4
1.0,1.0,2.0,2.0,1.0,1.0,4.0,2.0,1.0,0.0056534999999996675,0.21944653333333405,0.20522513333333237,0.2906348333333336,0.023751066666666768,0.01735250000000003,0.6035738000000004,0.2997461999999994,0.06285980000000013,0.0024580434782607253,0.09541153623188438,0.09328415151515107,0.13210674242424253,0.01079593939393944,0.007887500000000014,0.2743517272727275,0.13624827272727244,0.02857263636363643,41984000.0,69914624.0,104722432.0,197693440.0,76341248.0,65392640.0,188379136.0,150847488.0,48230400.0,0.030240983761329304,0.05787828233506945,0.08669365776909722,0.1636589898003472,0.0631985134548611,0.05413479275173611,0.1559482150607639,0.09759794776119403,0.039927164713541664,0.0,0.0048939877121123194,0.17123076923076924,0.0005950671607225572,0.002001219512195126,0.0011900000000000005,0.0003437852812042645,0.006278618152085037,0.0003383510638297872,0.0,151.48888888888888,5.777777777777777,481.0666666666666,5.755555555555555,5.866666666666666,853.9333333333332,108.84444444444443,42.53333333333333
1.0,1.0,2.0,2.0,1.0,1.0,4.0,2.0,1.0,0.004537133333333069,0.13804476666666593,0.12786720000000026,0.22512476666666714,0.021085366666666754,0.008125166666666673,0.41771263333333336,0.21069726666666638,0.03959383333333335,0.001972666666666552,0.06001946376811563,0.05812145454545466,0.1023294393939396,0.009584257575757614,0.0036932575757575785,0.18986937878787877,0.09577148484848472,0.017997196969696976,42180608.0,72118272.0,108478464.0,199729152.0,75194368.0,65695744.0,187387904.0,151109632.0,48619520.0,0.0303826000755287,0.059702555338541664,0.08980305989583334,0.16534423828125,0.062249077690972224,0.05438571506076389,0.1551276312934028,0.09776755427408412,0.04024929470486111,0.0,0.0280644671725503,0.1885053191489362,0.000510331008639536,0.001971348314606729,0.0012863636363636343,0.0004006211718479134,0.016488944723618084,0.00037346938775510106,0.0,133.13333333333333,3.9555555555555553,423.2666666666666,4.044444444444444,3.9777777777777774,768.9555555555554,97.55555555555554,36.666666666666664
1.0,1.0,2.0,2.0,1.0,1.0,4.0,2.0,1.0,0.0049198666666673795,0.16177110000000047,0.18051286666666708,0.23277169999999975,0.027989066666666673,0.02039813333333337,0.5215206333333333,0.13970166666666584,0.0521962000000002,0.002139072463768426,0.07033526086956543,0.0820513030303032,0.10580531818181806,0.012722303030303032,0.009271878787878805,0.23705483333333327,0.0635007575757572,0.023725545454545548,37064704.0,69771264.0,104579072.0,195239936.0,75284480.0,66117632.0,186253312.0,151150592.0,47173632.0,0.026697625566465256,0.057759602864583336,0.0865749782986111,0.1616278754340278,0.062323676215277776,0.05473497178819445,0.15418836805555555,0.09779405529172319,0.039052327473958336,0.0,0.009583144676335323,0.1696875,0.00041960493011995227,0.0028681372549019444,0.0010970873786407677,0.00029890593642778457,0.008721140262361276,0.00031741357234314993,0.0,124.4222222222222,4.688888888888888,399.08888888888885,4.6,4.6,686.4666666666666,87.82222222222221,34.77777777777777
1.0,1.0,2.0,2.0,1.0,1.0,4.0,2.0,1.0,0.00580626666666717,0.12508020000000025,0.17921086666666639,0.2021057000000004,0.02420613333333345,0.01321656666666655,0.40040580000000053,0.19512246666666613,0.0405161666666667,0.002524463768116161,0.054382695652174025,0.08145948484848473,0.09186622727272743,0.01100278787878793,0.00600753030303025,0.1820026363636366,0.08869203030303005,0.01841643939393941,37494784.0,66662400.0,103694336.0,192946176.0,72081408.0,64806912.0,178855936.0,148348928.0,47415296.0,0.027007411253776436,0.055185953776041664,0.0858425564236111,0.15972900390625,0.059672037760416664,0.05364990234375,0.14806450737847224,0.09598138568521031,0.039252387152777776,0.0,0.018420879337539452,0.21658333333333332,0.0003845373732315029,0.0020129629629629764,0.0010605263157894786,0.0002101232394366199,0.007898173768677364,0.0004425426136363645,0.0,109.88888888888887,3.4222222222222216,351.1111111111111,3.333333333333333,3.4222222222222216,628.3333333333333,80.22222222222221,30.199999999999996
1.0,1.0,2.0,2.0,1.0,1.0,4.0,2.0,1.0,0.046169166666666685,0.17958919999999998,0.11221373333333323,0.27101209999999964,0.021829866666666694,0.012211099999999912,0.36362380000000055,0.15991570000000005,0.01780026666666667,0.02007355072463769,0.07808226086956521,0.05100624242424237,0.123187318181818,0.009922666666666679,0.00555049999999996,0.1652835454545457,0.07268895454545456,0.008091030303030303,105705472.0,66764800.0,99786752.0,188153856.0,72228864.0,65167360.0,179720192.0,148955136.0,48168960.0,0.0761394212613293,0.05527072482638889,0.0826076931423611,0.15576171875,0.059794108072916664,0.053948296440972224,0.1487799750434028,0.09637360074626866,0.039876302083333336,0.0,0.00553949528108336,0.16301898734177214,0.00039828732106339385,0.001972077922077927,0.0010102409638554262,0.0002704010207801674,0.0075615472779369764,0.0002951994091580494,0.0,106.66666666666666,3.644444444444444,340.7777777777777,3.666666666666666,3.666666666666666,609.1777777777777,77.57777777777777,29.333333333333332
1.0,1.0,2.0,2.0,1.0,1.0,4.0,2.0,1.0,0.1937294666666664,0.10295789999999935,0.13686350000000022,0.17757280000000056,0.020429133333333262,0.008406566666666749,0.37633540000000115,0.14477263333333357,0.018424433333333448,0.08423020289855061,0.04476430434782581,0.062210681818181915,0.08071490909090934,0.009285969696969664,0.0038211666666667036,0.17106154545454597,0.06580574242424252,0.008374742424242475,290267136.0,67911680.0,104353792.0,194854912.0,73719808.0,66605056.0,184573952.0,149491712.0,47407104.0,0.20907878587613293,0.056220160590277776,0.08638848198784722,0.1613091362847222,0.061028374565972224,0.055138481987847224,0.1527981228298611,0.09672076407734057,0.03924560546875,0.021063930581613502,0.020395346715328357,0.13435897435897437,0.0003838736304967745,0.0028658227848101223,0.0010100000000000022,0.0002055880143560627,0.007976895886889417,0.00024162479061976393,52.17777777777777,95.06666666666666,3.4888888888888885,291.0222222222222,3.5777777777777775,3.4888888888888885,529.1777777777777,68.57777777777777,25.799999999999997
1.0,1.0,2.0,2.0,1.0,1.0,4.0,2.0,1.0,0.09191729999999912,0.06457033333333394,0.13169413333333324,0.1615898999999994,0.029591233333333376,0.01822623333333316,0.3910922333333313,0.13407959999999974,0.039817533333333203,0.03996404347826049,0.028074057971014758,0.05986096969696965,0.07344995454545428,0.013450560606060624,0.008284651515151436,0.17776919696969604,0.060945272727272605,0.018098878787878726,314871808.0,70602752.0,105504768.0,192061440.0,73936896.0,67309568.0,185397248.0,149884928.0,47534080.0,0.2268014775302115,0.058447943793402776,0.08734130859375,0.15899658203125,0.061208089192708336,0.05572170681423611,0.1534796820746528,0.09697517384667571,0.03935072157118055,0.0011256578947368445,0.019779492003762913,0.1646904761904762,0.00037983361577568754,0.0019337209302325495,0.0010981012658227733,0.00026438190607734743,0.009207561625582976,0.00035721153846153856,53.222222222222214,91.75555555555555,3.5111111111111106,284.4222222222222,3.5777777777777775,3.4888888888888885,509.9555555555555,65.73333333333332,26.355555555555554
1.0,1.0,1.0,2.0,1.0,1.0,4.0,2.0,1.0,0.11457140000000075,0.11673683333333239,0.1300359333333328,0.10822893333333354,0.014817366666666724,0.013310766666666751,0.30158826666666605,0.15910839999999998,0.03365786666666679,0.04981365217391338,0.05075514492753583,0.05910724242424217,0.04919496969696979,0.006735166666666692,0.006050348484848523,0.13708557575757546,0.07232199999999997,0.01529903030303036,41254912.0,70537216.0,54853632.0,201347072.0,75206656.0,68521984.0,188043264.0,151945216.0,48824320.0,0.02971582326283988,0.05839369032118055,0.04541015625,0.1666836208767361,0.06225925021701389,0.056725396050347224,0.155670166015625,0.09830817503392131,0.04041883680555555,0.006546494464944666,0.011502192287374534,0.15271641791044774,0.0004152555498193118,0.001803846153846154,0.0011452380952380894,0.00013685557416713088,0.005918642241379311,0.0003794117647058809,27.644444444444442,82.82222222222222,2.8888888888888884,257.8666666666666,2.844444444444444,2.844444444444444,475.91111111111104,61.04444444444444,23.088888888888885
1.0,1.0,1.0,2.0,1.0,1.0,3.0,2.0,1.0,0.006318400000000679,0.15805279999999963,0.10347413333333387,0.17010720000000012,0.023867166666666623,0.010342533333333393,0.3149549000000007,0.12680640000000096,0.035530966666666566,0.002747130434782904,0.06871860869565202,0.04703369696969721,0.07732145454545458,0.010848712121212101,0.004701151515151542,0.14316131818181851,0.057639272727273164,0.016150439393939345,41738240.0,70782976.0,55754752.0,198598656.0,75427840.0,70123520.0,143708160.0,153481216.0,49852416.0,0.03006396336858006,0.05859714084201389,0.04615614149305555,0.16440836588541666,0.06244235568576389,0.058051215277777776,0.11896769205729167,0.0993019631953867,0.041269938151041664,0.0,0.004735069266290403,0.17996103896103896,0.000356728,0.00189,0.0011326388888888914,0.000284319196428573,0.005649963583394045,0.00017324478178368328,0.0,86.35555555555554,3.244444444444444,274.4,3.333333333333333,3.244444444444444,477.08888888888885,61.08888888888888,23.955555555555552
1.0,1.0,1.0,2.0,1.0,1.0,3.0,2.0,1.0,0.003904899999999619,0.13689206666666678,0.08964376666666661,0.15007063333333406,0.01755076666666658,0.010594300000000108,0.31162520000000027,0.1332325000000007,0.03214286666666671,0.0016977826086954867,0.05951828985507252,0.04074716666666664,0.06821392424242456,0.007977621212121174,0.004815590909090958,0.14164781818181832,0.06056022727272757,0.014610393939393956,41979904.0,70799360.0,54788096.0,199106560.0,73338880.0,70414336.0,144809984.0,153817088.0,49266688.0,0.03023803342145015,0.05861070421006945,0.045355902777777776,0.1648288302951389,0.06071302625868055,0.05829196506076389,0.11987982855902779,0.09951927154002713,0.04078504774305555,0.0,0.011087356020942456,0.1708333333333333,0.00048814382096429347,0.001937096774193525,0.001045714285714283,0.00031864988558352394,0.006018407780979861,0.00032866927592954686,0.0,85.66666666666666,2.9777777777777774,268.17777777777775,2.9555555555555553,2.9999999999999996,486.3555555555555,61.77777777777777,23.199999999999996
1.0,1.0,1.0,2.0,1.0,1.0,3.0,2.0,1.0,0.004616800000000391,0.10642516666666779,0.09522520000000062,0.15421606666666604,0.017733966666666608,0.017678133333333314,0.2976888333333325,0.09481636666666683,0.026378566666666357,0.002007304347826257,0.04627181159420339,0.043284181818182096,0.07009821212121184,0.008060893939393911,0.008035515151515142,0.1353131060606057,0.04309834848484856,0.011990257575757435,39096320.0,69931008.0,54460416.0,197898240.0,73428992.0,69844992.0,140050432.0,153018368.0,48963584.0,0.02816099414652568,0.057891845703125,0.045084635416666664,0.16382853190104169,0.06078762478298611,0.057820638020833336,0.1159396701388889,0.09900250169606513,0.040534125434027776,0.0,0.015355209953343631,0.15725384615384616,0.0004169003505257886,0.0036674603174603054,0.0010648437499999944,0.00013708588117185405,0.00593380681818181,0.00027992565055762154,0.0,86.13333333333333,2.844444444444444,268.0666666666666,2.844444444444444,2.844444444444444,488.2222222222222,62.5111111111111,23.333333333333332
1.0,1.0,1.0,2.0,1.0,1.0,3.0,1.0,1.0,0.00596556666666667,0.14373833333333247,0.13778446666666658,0.1849439666666664,0.023275999999999897,0.016764533333333276,0.42250010000000016,0.16128023333333297,0.04283970000000039,0.0025937246376811613,0.062494927536231516,0.06262930303030298,0.08406543939393928,0.010579999999999952,0.0076202424242423974,0.19204550000000004,0.07330919696969682,0.019472590909091085,40439808.0,69877760.0,54636544.0,195526656.0,75169792.0,67612672.0,143851520.0,77565952.0,49573888.0,0.029128705626888216,0.05784776475694445,0.04523044162326389,0.161865234375,0.06222873263888889,0.05597262912326389,0.11908637152777779,0.05018497710312076,0.041039360894097224,0.0,0.00971133571145456,0.20735576923076923,0.0004407693297311222,0.002227403846153825,0.0010789915966386448,0.00039474643797690444,0.014474622592399792,0.00018796169630643092,0.0,117.48888888888888,4.933333333333333,351.3555555555555,4.822222222222221,4.999999999999999,669.9333333333333,86.6,33.77777777777777
1.0,1.0,1.0,2.0,1.0,1.0,3.0,1.0,1.0,0.005269700000000436,0.1626194666666682,0.1403084666666672,0.24271953333333346,0.013417066666666718,0.015028133333333216,0.4482616333333349,0.22625376666666644,0.05126789999999962,0.002291173913043668,0.07070411594202966,0.06377657575757599,0.11032706060606066,0.00609866666666669,0.006830969696969643,0.20375528787878858,0.1028426212121211,0.023303590909090732,40841216.0,68874240.0,55566336.0,203255808.0,75083776.0,65974272.0,144863232.0,76636160.0,49369088.0,0.029417838935045317,0.057017008463541664,0.046000162760416664,0.16826375325520831,0.062157524956597224,0.054616292317708336,0.11992390950520834,0.0495834040027137,0.040869818793402776,0.0,0.012196705685618602,0.20560843373493976,0.0005174383546893504,0.002852976190476186,0.0010727848101265822,0.00036626223551434344,0.05888668708765312,0.0003000633713561494,0.0,130.88888888888886,3.5999999999999996,417.5777777777777,3.622222222222222,3.622222222222222,742.7639427813706,94.39999999999999,34.93333333333333
1.0,1.0,1.0,2.0,1.0,1.0,3.0,1.0,1.0,0.1905021999999993,0.1741861333333323,0.16110649999999965,0.12300426666666624,0.018825433333333308,0.014176366666666714,0.5418345666666682,0.2217912999999991,0.04181403333333359,0.08282704347826057,0.07573310144927492,0.07323022727272711,0.05591103030303011,0.00855701515151514,0.006443803030303051,0.24628843939394002,0.10081422727272686,0.019006378787878902,275255296.0,70688768.0,55975936.0,200753152.0,74981376.0,66293760.0,145256448.0,77316096.0,49381376.0,0.19826579021903323,0.05851915147569445,0.04633924696180555,0.1661919487847222,0.06207275390625,0.054880777994791664,0.12024943033854166,0.05002332089552239,0.04087999131944445,0.029654747774480728,0.015060632873425342,0.2604473684210526,0.0006205730129390013,0.0019369565217391303,0.0010665094339622659,0.0005104732597623083,0.04336182615963221,0.0003279642058165536,65.62222222222222,148.33333333333331,4.955555555555555,480.0444444444444,4.933333333333333,4.888888888888888,839.2666666666665,106.68888888888888,40.22222222222222
1.0,1.0,1.0,2.0,1.0,1.0,3.0,2.0,1.0,0.18657973333333283,0.23322676666666667,0.14066223333333405,0.2775261666666665,0.02654823333333335,0.015618700000000037,0.5376691666666659,0.15870996666666692,0.0499976666666664,0.08112162318840559,0.10140294202898552,0.06393737878787913,0.1261482575757575,0.012067378787878795,0.007099409090909108,0.24439507575757538,0.07214089393939406,0.022726212121211998,348868608.0,70025216.0,55033856.0,198275072.0,75030528.0,67588096.0,149266432.0,150044672.0,49750016.0,0.25128929852719034,0.05796983506944445,0.04555935329861111,0.16414048936631945,0.062113444010416664,0.05595228407118055,0.12356906467013888,0.09707852781546811,0.04118516710069445,0.004118741542625168,0.011802369347413973,0.278896694214876,0.0007440900719906262,0.002074193548387117,0.0018125954198473337,0.0007263613804512668,0.01413969019508235,0.00047427716849451635,87.3111111111111,169.9333333333333,5.7333333333333325,541.5111111111111,5.71111111111111,5.688888888888888,979.3087892377174,123.95322923801376,46.17777777777777
1.0,1.0,2.0,2.0,1.0,1.0,4.0,2.0,1.0,0.005801566666665773,0.25840466666666656,0.168113733333333,0.37093823333333187,0.025737533333333337,0.016085333333333313,0.47020889999999915,0.21152150000000047,0.05129883333333301,0.002522420289854684,0.11234985507246373,0.07641533333333317,0.1686082878787872,0.011698878787878788,0.0073115151515151435,0.21373131818181776,0.09614613636363657,0.023317651515151364,41918464.0,70225920.0,105775104.0,201318400.0,76259328.0,67719168.0,197074944.0,153550848.0,49942528.0,0.03019377832326284,0.058135986328125,0.08756510416666666,0.1666598849826389,0.06313069661458333,0.056060791015625,0.16314697265625,0.09934701492537314,0.041344536675347224,0.0,0.013196162361623572,0.29748204251857313,0.0008402220520673835,0.0028446043165467603,0.0011664000000000017,0.0005719951970478338,0.013889615784008389,0.00042842435094001604,0.0,180.03212111111108,6.074393888888888,575.1133294444444,6.141060555555555,6.1822,990.1193733333332,127.86666666666665,49.297733333333326
1.0,1.0,2.0,2.0,1.0,1.0,4.0,2.0,1.0,0.0026574999999998757,0.19968586666666777,0.24072176666666714,0.3125558666666649,0.02269999999999991,0.015156133333333344,0.666729866666667,0.3490088666666663,0.05626593333333337,0.0011554347826086416,0.08681994202898599,0.10941898484848506,0.14207084848484766,0.010318181818181777,0.006889151515151519,0.3030590303030304,0.15864039393939375,0.025575424242424257,42086400.0,70406144.0,105955328.0,204124160.0,76345344.0,67829760.0,199184384.0,154628096.0,48439296.0,0.03031474225830816,0.05828518337673611,0.08771430121527778,0.1689826117621528,0.063201904296875,0.05615234375,0.1648932562934028,0.10004399168928087,0.04010009765625,0.0,0.032692489604989675,0.18465234375,0.0008690366373683688,0.0022952380952380867,0.0010451219512195137,0.0005021151034050556,0.02748127194693722,0.0003933238636363666,0.0,169.7111111111111,5.822222222222222,469.7555555555555,5.177777777777777,4.999999999999999,828.7777777777777,106.35555555555554,42.53333333333333
1.0,1.0,2.0,2.0,1.0,1.0,4.0,2.0,1.0,0.007015633333334866,0.24180703333333325,0.16965473333333408,0.20774306666666764,0.022677933333333063,0.013852866666666823,0.6297444333333353,0.1408237666666666,0.04402359999999987,0.003050275362319507,0.10513349275362316,0.07711578787878823,0.0944286666666671,0.010308151515151392,0.0062967575757576465,0.28624746969697057,0.064010803030303,0.02001072727272721,41803776.0,71094272.0,106442752.0,207712256.0,76349440.0,66314240.0,199593984.0,154767360.0,48758784.0,0.030111168806646525,0.05885484483506945,0.08811781141493055,0.17195298936631945,0.0632052951388889,0.05489773220486111,0.16523234049479169,0.10013409514925373,0.040364583333333336,0.0,0.006204717586649432,0.14037021276595746,0.000724839298123696,0.0023065420560747767,0.0010991228070175373,0.0003929374366534585,0.00817681352069884,0.00034708029197080316,0.0,165.15555555555554,6.244444444444444,555.3333333333333,5.333333333333332,5.533333333333333,997.7777777777776,125.64444444444443,43.222222222222214
1.0,1.0,2.0,2.0,1.0,1.0,4.0,2.0,1.0,0.005191433333332422,0.29499386666666777,0.22457303333333406,0.37915279999999996,0.02555059999999969,0.01649766666666679,0.7030294333333333,0.2741742000000005,0.06311220000000001,0.002257144927535836,0.12825820289855122,0.10207865151515184,0.17234218181818178,0.01161390909090895,0.007498939393939449,0.31955883333333335,0.12462463636363656,0.028687363636363636,41828352.0,71757824.0,107986944.0,206999552.0,76390400.0,66613248.0,190435328.0,149958656.0,49250304.0,0.03012887084592145,0.05940416124131945,0.08939615885416666,0.1713629828559028,0.06323920355902778,0.055145263671875,0.1576504177517361,0.09702287567842605,0.040771484375,0.0,0.006567772567409122,0.17805072463768112,0.0007842992424242437,0.002215909090909077,0.0011242957746478847,0.0004459067442432185,0.0094815203562341,0.00048022847100175753,0.0,189.91002375203075,6.3555071626446225,590.8631320089477,6.31111111111111,6.377777777777777,1086.1499034610806,139.37692744519995,50.95531655383217
1.0,1.0,2.0,2.0,1.0,1.0,4.0,2.0,1.0,0.005320833333333515,0.10057089999999864,0.22000220000000112,0.35509566666666786,0.027301599999999836,0.019677199999999808,0.6443416999999975,0.27992953333333354,0.0520402333333332,0.0023134057971015286,0.04372647826086898,0.1000010000000005,0.16140712121212175,0.012409818181818107,0.00894418181818173,0.29288259090908975,0.12724069696969706,0.02365465151515145,38260736.0,72519680.0,103571456.0,204800000.0,79671296.0,64528384.0,192225280.0,154800128.0,48500736.0,0.027559124811178247,0.060034857855902776,0.08574083116319445,0.16954210069444445,0.06595526801215278,0.05341932508680555,0.15913221571180555,0.100155295963365,0.040150960286458336,0.0,0.023406838407494142,0.17793971631205674,0.0009542663123708301,0.002375850340136055,0.0010607382550335582,0.0005650440537415779,0.020776356830941957,0.0005057461406518009,0.0,194.48888888888888,6.466666666666666,609.8,6.488888888888888,6.444444444444444,1119.0888888888887,143.46666666666664,53.01988168952883
2.0,1.0,2.0,2.0,1.0,1.0,4.0,2.0,1.0,0.22086556666666676,0.1680304000000016,0.23985269999999964,0.24187343333333236,0.02890083333333327,0.014448833333333274,0.6983267999999996,0.29479306666666694,0.06202550000000002,0.09602850724637686,0.07305669565217461,0.10902395454545438,0.10994246969696925,0.013136742424242395,0.006567651515151487,0.3174212727272725,0.1339968484848486,0.0281934090909091,539246592.0,71356416.0,104075264.0,203948032.0,79695872.0,65630208.0,190914560.0,155717632.0,47673344.0,0.38841814577039274,0.059071858723958336,0.08615790473090278,0.16883680555555555,0.0659756130642361,0.054331461588541664,0.1580471462673611,0.10074891875848033,0.039466010199652776,0.050954820627802704,0.013476306209850146,0.16714482758620694,0.0008412709450957027,0.0033567114093959825,0.001067123287671234,0.000577480511617347,0.012405066782810682,0.000434640522875817,78.75555555555555,212.5333333333333,6.71111111111111,681.5333333333332,6.599999999999999,6.644444444444444,1207.2666666666664,153.71111111111108,56.06666666666666
2.0,1.0,2.0,3.0,1.0,1.0,5.0,2.0,1.0,0.3520273666666675,0.3051969333333337,0.21196790000000001,0.33254026666666614,0.020193233333333182,0.016328133333333265,0.7068310666666664,0.24436076666666698,0.07106503333333336,0.1530553768115946,0.1326943188405799,0.09634904545454545,0.15115466666666644,0.009178742424242355,0.007421878787878756,0.32128684848484834,0.11107307575757588,0.03230228787878789,631382016.0,72445952.0,105701376.0,264859648.0,79917056.0,66920448.0,239951872.0,157011968.0,50122752.0,0.4547830910120846,0.059973822699652776,0.08750406901041667,0.2192620171440972,0.0661587185329861,0.055399576822916664,0.1986423068576389,0.10158635091587517,0.041493733723958336,0.0023999455535390116,0.022818262969964257,0.21551960784313723,0.0012005952470428782,0.002231788079470199,0.0011003311258278121,0.0005616651113059655,0.018725232423009875,0.0005510769230769217,122.39999999999998,210.64444444444442,6.955555555555555,670.1374994444444,6.866666666666665,6.888888888888888,1176.8824427777777,152.33333333333331,57.73333333333333
2.0,1.0,2.0,3.0,1.0,1.0,5.0,2.0,1.0,0.11763346666666763,0.12334946666666724,0.19966273333333412,0.2738175999999993,0.017259833333333554,0.013782633333333412,0.4383469333333313,0.22503439999999936,0.052823166666666546,0.051144985507246804,0.05363020289855098,0.09075578787878823,0.12446254545454513,0.007845378787878887,0.006264833333333369,0.19924860606060513,0.10228836363636334,0.024010530303030245,373571584.0,72331264.0,106901504.0,281182208.0,80084992.0,68235264.0,242946048.0,157343744.0,52269056.0,0.26908279833836857,0.05987887912326389,0.0884975857204861,0.23277452256944448,0.06629774305555555,0.056488037109375,0.20112101236979166,0.10180100915875169,0.04327053493923611,0.0026557511737089084,0.022487356510331256,0.16724074074074077,0.0007464490142039402,0.0030252336448597862,0.0010281249999999967,0.00030856112946830847,0.011826182669789197,0.00040760869565217286,72.26666666666667,130.9111111111111,4.688888888888888,404.8444444444444,4.777777777777778,4.7555555555555555,729.5111111111111,93.22222222222221,36.55555555555555
2.0,1.0,2.0,3.0,1.0,1.0,5.0,2.0,1.0,0.13637979999999875,0.16159126666666643,0.16939969999999935,0.23842513333333493,0.01981530000000002,0.011651233333333504,0.44048350000000114,0.19167726666666596,0.022839533333332912,0.05929556521739076,0.07025707246376801,0.07699986363636332,0.10837506060606132,0.009006954545454552,0.005296015151515229,0.20021977272727323,0.08712603030302998,0.010381606060605869,359698432.0,77533184.0,107679744.0,271806464.0,76292096.0,72179712.0,241008640.0,155648000.0,52772864.0,0.2590899971676737,0.06418524848090278,0.089141845703125,0.2250128851996528,0.06315782335069445,0.05975341796875,0.1995171440972222,0.1007038670284939,0.04368760850694445,0.0417350169621027,0.01366296900489389,0.1289873417721519,0.0005537725295214455,0.0017367469879518028,0.001121686746987956,0.00017687332738626163,0.008025088028169118,0.00038965267727930863,30.311111111111106,106.53333333333332,3.466666666666666,349.13333333333327,3.5111111111111106,3.4222222222222216,589.0666666666666,74.66666666666666,29.02222222222222
2.0,1.0,2.0,3.0,1.0,1.0,5.0,2.0,1.0,0.09674316666666556,0.18166623333333404,0.1469994666666674,0.22389490000000065,0.021109500000000024,0.012865100000000022,0.3685226666666646,0.15147633333333343,0.03150246666666684,0.042062246376811115,0.07898531884058002,0.06681793939393973,0.10177040909090937,0.009595227272727283,0.005847772727272737,0.16751030303030207,0.06885287878787884,0.014319303030303111,362065920.0,76914688.0,107696128.0,278396928.0,76599296.0,72605696.0,240881664.0,156250112.0,53137408.0,0.2607952936178248,0.06367323133680555,0.08915540907118055,0.23046875,0.0634121365017361,0.06010606553819445,0.19941202799479169,0.10109343198778833,0.04398939344618055,0.0011519879969992485,0.0016925749023013463,0.15582738095238094,0.0005284480317190623,0.0021790123456790346,0.0010475903614457808,0.00024790147401086406,0.005948937886830004,0.00030635792778650295,59.133333333333326,101.57777777777777,3.5777777777777775,310.46666666666664,3.533333333333333,3.5777777777777775,569.1983626146811,73.22058483690338,28.111111111111107
2.0,1.0,2.0,3.0,1.0,1.0,5.0,2.0,1.0,0.10464856666666739,0.18915620000000027,0.1271368333333335,0.21707583333333483,0.020423433333333206,0.011452899999999981,0.34132463333333257,0.1335905333333334,0.0303228666666674,0.04549937681159452,0.08224182608695665,0.05778946969696977,0.09867083333333401,0.00928337878787873,0.005205863636363627,0.15514756060606028,0.06072296969696972,0.013783121212121543,79994880.0,78864384.0,112324608.0,266448896.0,73781248.0,72863744.0,237735936.0,156045312.0,53383168.0,0.057620137839879154,0.06528727213541667,0.092987060546875,0.2205776638454861,0.06107923719618055,0.06031968858506945,0.19680786132812503,0.10096092689959295,0.04419284396701389,0.01520718750000001,0.022704311175337007,0.1389142857142857,0.0008197300965018113,0.0022949275362318896,0.001077142857142865,0.00021591425924365993,0.007516240157480354,0.0004155172413793092,12.42222222222222,93.15555555555554,3.0666666666666664,295.6222222222222,3.155555555555555,3.022222222222222,530.3333333333333,68.55555555555554,25.13333333333333
2.0,1.0,2.0,3.0,1.0,1.0,5.0,2.0,1.0,0.230834899999999,0.162481466666668,0.13035110000000003,0.22679446666666803,0.02105736666666663,0.010344733333333285,0.35687963333333433,0.1366243333333339,0.030130333333333207,0.10036299999999958,0.07064411594202957,0.05925050000000001,0.10308839393939453,0.009571530303030285,0.0047021515151514925,0.1622180151515156,0.06210196969696996,0.013695606060606002,352124928.0,76574720.0,111235072.0,273522688.0,74059776.0,73146368.0,237236224.0,150933504.0,47693824.0,0.2536348187311178,0.06339179144965278,0.09208509657118055,0.2264336480034722,0.061309814453125,0.060553656684027776,0.19639417860243055,0.0976535998982361,0.039482964409722224,0.024602392739273928,0.0016455668284077476,0.1279342105263158,0.0006568833127656663,0.002000617283950586,0.0011886075949367157,0.00022553942896856778,0.005878426092160404,0.00026847484276729415,48.577777777777776,102.2222222222222,3.2888888888888883,324.0,3.3777777777777773,3.311111111111111,579.8612811547625,74.77777777777777,27.955555555555552
2.0,1.0,2.0,3.0,1.0,1.0,5.0,2.0,1.0,0.33280323333333306,0.16386699999999715,0.1659622333333348,0.2393036333333323,0.025604866666666243,0.007891033333333297,0.46798149999999905,0.16540249999999948,0.03582803333333307,0.14469705797101437,0.07124652173912921,0.07543737878787944,0.1087743787878783,0.011638575757575565,0.0035868333333333165,0.21271886363636316,0.07518295454545432,0.016285469696969576,579379200.0,76685312.0,110522368.0,269709312.0,73867264.0,68362240.0,235601920.0,150953984.0,48189440.0,0.41732557590634445,0.06348334418402778,0.0914950900607639,0.22327677408854169,0.061150444878472224,0.05659315321180555,0.1950412326388889,0.09766685040705564,0.039893256293402776,0.0016030810448760939,0.005101039584166332,0.14439285714285713,0.000511886483765419,0.003019540229885045,0.0010594117647058738,0.0001779584557280751,0.005264624183006491,0.00034531250000000057,65.44444444444444,112.51111111111109,3.755555555555555,353.88888888888886,3.8222222222222215,3.7777777777777772,639.6444444444444,81.64444444444443,31.688888888888886
2.0,1.0,2.0,2.0,1.0,1.0,4.0,2.0,1.0,0.1951169999999995,0.1868975999999975,0.16402236666666759,0.257375833333333,0.021482266666666777,0.01582893333333312,0.4423672000000034,0.16867839999999934,0.041368533333332874,0.08483347826086936,0.08125982608695544,0.07455562121212161,0.11698901515151501,0.009764666666666718,0.0071949696969696,0.20107600000000156,0.0766719999999997,0.018803878787878578,359018496.0,72728576.0,111333376.0,198557696.0,77094912.0,71290880.0,193888256.0,155262976.0,49487872.0,0.25860024074773413,0.06020779079861111,0.0921664767795139,0.1643744574652778,0.06382242838541667,0.05901760525173611,0.16050889756944445,0.10045475746268656,0.04096815321180555,0.010929245283018868,0.008691338742393395,0.1656948051948052,0.0004820882202957741,0.0029278481012658137,0.0010727848101265822,0.00026258517887563964,0.008606315789473762,0.0004366057838660556,65.44517930825018,110.06781044662236,3.3333733360001774,346.7147054248061,3.3777777777777773,3.355555555555555,622.2727381825454,80.08980006074478,28.844685942025762
2.0,1.0,1.0,2.0,1.0,1.0,3.0,2.0,1.0,0.17230806666666798,0.12008983333333466,0.0761211666666668,0.22946583333333403,0.01736943333333348,0.01935550000000011,0.35094519999999907,0.17934823333333344,0.037804799999999736,0.07491655072463826,0.052212971014493334,0.03460053030303036,0.10430265151515183,0.007895196969697035,0.008797954545454595,0.15952054545454503,0.0815219242424243,0.01718399999999988,611295232.0,75546624.0,56426496.0,201285632.0,77430784.0,71700480.0,148324352.0,153100288.0,49336320.0,0.440314624244713,0.06254069010416667,0.046712239583333336,0.1666327582465278,0.06410047743055555,0.059356689453125,0.12278917100694445,0.09905550373134328,0.040842692057291664,0.002495416397675916,0.03608490792634119,0.33139285714285716,0.0005980923192394346,0.003054455445544555,0.0011883838383838347,0.0005279505076142127,0.012674097374179431,0.00034153627311521906,66.53333333333333,113.02222222222221,4.333333333333333,355.37777777777774,4.3999999999999995,4.288888888888889,633.3333333333333,81.35555555555554,31.53333333333333
2.0,1.0,1.0,2.0,1.0,1.0,3.0,2.0,1.0,0.12871433333333138,0.18015499999999823,0.1173908666666667,0.17560856666666685,0.017634766666666715,0.013747399999999979,0.41271146666666514,0.21209163333333408,0.033424999999999726,0.05596275362318757,0.07832826086956446,0.053359484848484864,0.07982207575757583,0.008015803030303052,0.006248818181818172,0.18759612121212055,0.09640528787878822,0.015193181818181693,350695424.0,73580544.0,58822656.0,201478144.0,77803520.0,69459968.0,148418560.0,153300992.0,48660480.0,0.25260515011329304,0.0609130859375,0.048695882161458336,0.16679212782118055,0.06440904405381945,0.057501898871527776,0.1228671603732639,0.09918535871777476,0.040283203125,0.003410856519367145,0.014581344628694924,0.2044247311827957,0.0004227818160839976,0.0019236842105262778,0.0010575268817204534,0.0004119132539328719,0.00803206030150756,0.00042322147651006,76.53333333333332,122.22222222222221,4.155555555555555,382.2666666666666,4.133333333333333,4.199999999999999,691.3333333333333,88.66666666666666,33.42222222222222
2.0,1.0,1.0,2.0,1.0,1.0,3.0,2.0,1.0,0.09668130000000019,0.16207173333333078,0.12307229999999929,0.1478539666666677,0.018204366666666753,0.01422733333333331,0.42876829999999777,0.1738844333333323,0.03607253333333347,0.04203534782608705,0.07046597101449165,0.05594195454545422,0.06720634848484895,0.00827471212121216,0.006466969696969686,0.19489468181818081,0.07903837878787831,0.016396606060606122,80347136.0,72450048.0,58933248.0,197304320.0,77885440.0,69664768.0,148185088.0,153153536.0,49033216.0,0.057873867069486405,0.059977213541666664,0.048787434895833336,0.1633368598090278,0.06447686089409722,0.057671440972222224,0.12267388237847224,0.09908995505427409,0.04059176974826389,0.008386519607843135,0.012477599243856228,0.256180412371134,0.0004520032802249276,0.002877941176470545,0.001152061855670103,0.00034109815869651667,0.006133540372670867,0.0002452646239554272,34.977777777777774,119.68888888888887,4.311111111111111,379.62222222222215,4.288888888888888,4.222222222222221,672.6666666666666,85.97777777777777,32.888888888888886
2.0,1.0,1.0,2.0,1.0,1.0,3.0,2.0,1.0,0.06715799999999963,0.1543215666666659,0.1387697666666668,0.15939690000000156,0.020655499999999924,0.014426299999999987,0.442135966666668,0.1667268333333316,0.018717799999999823,0.029199130434782453,0.06709633333333301,0.06307716666666673,0.07245313636363707,0.009388863636363601,0.006557409090909084,0.2009708939393945,0.07578492424242345,0.008508090909090828,178425856.0,72105984.0,56819712.0,198377472.0,75751424.0,69812224.0,144441344.0,153657344.0,49201152.0,0.12851975547583083,0.0596923828125,0.047037760416666664,0.16422526041666669,0.0627102322048611,0.057793511284722224,0.11957465277777778,0.09941591757123473,0.040730794270833336,0.0,0.027283925653594884,0.19654605263157895,0.0005242232949622433,0.0031467532467532844,0.0010480000000000049,0.0003494378354852762,0.009578380681818254,0.0002392488954344622,0.0,109.64444444444443,3.311111111111111,364.1333333333333,3.333333333333333,3.333333333333333,613.0444444444444,78.26666666666665,29.422222222222217
2.0,1.0,1.0,2.0,1.0,1.0,3.0,2.0,1.0,0.21268193333333488,0.1591366999999991,0.11423926666666565,0.22154433333333448,0.012363099999999842,0.01290389999999988,0.3226967666666667,0.17498293333333237,0.04147579999999967,0.09247040579710215,0.06918986956521701,0.05192693939393893,0.1007019696969702,0.005619590909090837,0.005865409090909036,0.14668034848484846,0.07953769696969652,0.01885263636363621,331857920.0,73711616.0,55398400.0,201670656.0,75747328.0,69009408.0,145084416.0,151375872.0,46645248.0,0.23903653700906344,0.06102159288194445,0.045861138237847224,0.16695149739583334,0.06270684136284722,0.05712890625,0.12010701497395834,0.09793981088873813,0.038614908854166664,0.009355308560053089,0.02941293877551028,0.17177702702702707,0.0005562624750498966,0.0019217948717948903,0.0010604938271604894,0.0002840647784632653,0.007518777412280701,0.0004847893915756602,65.06666666666666,111.57777777777777,3.4666666666666663,357.04444444444437,3.5999999999999996,3.5555555555555554,639.5111111111111,81.37777777777777,29.444444444444443
2.0,1.0,1.0,2.0,1.0,1.0,3.0,2.0,1.0,0.11035540000000026,0.12906283333333401,0.11386619999999918,0.14800143333333154,0.019963333333333347,0.011735366666666636,0.37477533333333024,0.20018303333333354,0.03767149999999996,0.04798060869565229,0.05611427536231914,0.05175736363636326,0.06727337878787797,0.009074242424242429,0.005334257575757562,0.17035242424242283,0.09099228787878796,0.01712340909090907,369389568.0,73777152.0,55431168.0,203448320.0,74285056.0,69033984.0,144756736.0,153788416.0,46440448.0,0.26607050132175225,0.061075846354166664,0.045888264973958336,0.1684231228298611,0.06149631076388889,0.057149251302083336,0.11983574761284722,0.09950072082767977,0.038445366753472224,0.004545265841223592,0.034848492029297636,0.1912101449275362,0.000616675524847201,0.002357534246575372,0.0010472972972972974,0.0005521799867656796,0.010161785095320649,0.00037821138211382023,59.511111111111106,104.99415620486612,3.2888888888888883,335.3555555555555,3.355555555555555,3.266666666666666,602.4888888888888,77.15555555555555,27.288888888888884
1.0,1.0,1.0,2.0,1.0,1.0,3.0,2.0,1.0,0.005278033333333572,0.16452456666666723,0.10763153333333358,0.17895039999999843,0.025419399999999825,0.013786066666666603,0.43567706666666484,0.1557105999999995,0.023368200000000644,0.0022947971014493796,0.07153242028985532,0.04892342424242435,0.0813410909090902,0.011554272727272647,0.00626639393939391,0.19803503030302946,0.07077754545454523,0.010621909090909385,38072320.0,72769536.0,58245120.0,199380992.0,75702272.0,69144576.0,147660800.0,153100288.0,47788032.0,0.02742340917673716,0.06024169921875,0.0482177734375,0.16505601671006945,0.06266954210069445,0.057240804036458336,0.12223985460069445,0.09905550373134328,0.039560953776041664,0.0,0.023168699036323303,0.25537777777777776,0.000538661863706156,0.0019264044943820304,0.001058426966292143,0.0005476589388921357,0.011687900000000022,0.00026606182795699024,0.0,123.13333333333331,3.9999999999999996,381.5777777777777,4.0,4.022222222222222,704.1111111111111,90.39999999999999,33.15555555555555
1.0,1.0,1.0,2.0,1.0,1.0,3.0,2.0,1.0,0.14339536666666675,0.17745366666666768,0.12094753333333301,0.18669806666666772,0.019681366666666613,0.01573756666666668,0.40667093333333165,0.17282903333333383,0.03747886666666602,0.06234581159420294,0.07715376811594248,0.05497615151515137,0.08486275757575805,0.008946075757575733,0.0071534393939394,0.18485042424242348,0.07855865151515173,0.01703584848484819,243400704.0,72962048.0,58372096.0,198295552.0,75915264.0,69459968.0,146460672.0,152621056.0,47976448.0,0.17532099697885195,0.060401068793402776,0.04832288953993055,0.1641574435763889,0.06284586588541667,0.057501898871527776,0.121246337890625,0.09874544182496608,0.03971693250868055,0.050941228070175475,0.020700412031314452,0.21248192771084334,0.00045483602357161045,0.002132352941176428,0.001072023809523801,0.0003721112905593927,0.006430303915838657,0.000385277382645799,12.02222222222222,105.95555555555555,3.688888888888888,336.75555555555553,3.755555555555555,3.7111111111111104,596.2444444444444,75.99999999999999,30.511111111111106
1.0,1.0,1.0,2.0,1.0,1.0,3.0,2.0,1.0,0.15223563333333393,0.13298843333333252,0.09924669999999954,0.15244253333333213,0.020811233333333234,0.014553133333333315,0.35431723333333404,0.1385466000000008,0.0416024333333335,0.06618940579710171,0.05782105797101414,0.045112136363636146,0.06929206060606005,0.00945965151515147,0.006615060606060598,0.1610532878787882,0.06297572727272763,0.018910196969697046,318947328.0,72364032.0,57876480.0,193683456.0,75964416.0,69079040.0,144560128.0,152895488.0,46256128.0,0.2297370657099698,0.059906005859375,0.04791259765625,0.16033935546875,0.06288655598958333,0.05718655056423611,0.11967298719618055,0.0989229986431479,0.038292778862847224,0.0019270551038843722,0.028484736570247835,0.18033823529411763,0.00043525032722512914,0.0019071428571428573,0.0010340277777777626,0.00024564236737639934,0.008150640569394952,0.00026932234432233633,49.48888888888888,86.00020742123549,3.111214821728856,269.71152002726103,3.133437043951078,3.0667703772844117,486.9558607610877,62.3111111111111,24.222429643457712
1.0,1.0,1.0,2.0,1.0,1.0,3.0,2.0,1.0,0.07729606666666673,0.09433203333333419,0.05088109999999991,0.13239959999999845,0.020856233333333307,0.007306399999999987,0.2449545999999998,0.13388319999999776,0.01975396666666711,0.03360698550724641,0.04101392753623226,0.023127772727272684,0.06018163636363565,0.009480106060606048,0.003321090909090903,0.11134299999999989,0.06085599999999898,0.00897907575757596,324698112.0,72159232.0,56041472.0,202059776.0,75653120.0,69132288.0,143671296.0,152932352.0,46268416.0,0.23387934290030213,0.05973646375868055,0.046393500434027776,0.1672736273871528,0.06262885199652778,0.057230631510416664,0.11893717447916666,0.09894684955902307,0.03830295138888889,0.0010330917874396138,0.039804841498559285,0.21797169811320755,0.00046287003610107573,0.0030482142857142986,0.0011000000000000126,0.0004137883008356545,0.008869688715953299,0.00021282051282051943,46.133333333333326,77.9111111111111,2.5555555555555554,249.77777777777774,2.5555555555555554,2.622222222222222,444.08888888888885,56.8,20.799999999999997
1.0,1.0,1.0,2.0,1.0,1.0,3.0,2.0,1.0,0.015818000000000627,0.09029620000000023,0.10502629999999916,0.10870623333333165,0.01755480000000015,0.01202503333333335,0.23819736666666622,0.13057523333333165,0.028807599999999902,0.006877391304348099,0.03925921739130445,0.047739227272726885,0.04941192424242348,0.007979454545454614,0.0054659242424242496,0.1082715303030301,0.05935237878787802,0.013094363636363592,39047168.0,71421952.0,53477376.0,195837952.0,75653120.0,69267456.0,143003648.0,150675456.0,46923776.0,0.028125590067975832,0.05912611219618055,0.044270833333333336,0.16212293836805555,0.06262885199652778,0.057342529296875,0.11838446723090279,0.0974866434871099,0.03884548611111111,0.03354594594594594,0.04632625075346595,0.2298898305084746,0.0005321826923076913,0.0018666666666666664,0.0017903508771929698,0.0003731048299761741,0.009201261564339772,0.0005760439560439667,2.0666666666666664,72.93333333333332,2.6444444444444444,229.46666666666664,2.644444444444444,2.7777777777777777,406.9555555555555,52.24444444444444,19.42222222222222
1.0,1.0,1.0,2.0,1.0,1.0,3.0,2.0,1.0,0.006763200000000324,0.08857183333333296,0.10570403333333427,0.15209279999999883,0.024971800000000145,0.011812566666666649,0.3153872999999995,0.1292014999999992,0.03729906666666712,0.0029405217391305764,0.03850949275362303,0.0480472878787883,0.06913309090909037,0.011350818181818247,0.005369348484848477,0.14335786363636338,0.05872795454545418,0.016954121212121417,35401728.0,71503872.0,54538240.0,197099520.0,74567680.0,69332992.0,148180992.0,150679552.0,47550464.0,0.0254997875755287,0.059193929036458336,0.04514906141493055,0.16316731770833331,0.061730278862847224,0.057396782769097224,0.12267049153645834,0.09748929358887382,0.03936428493923611,0.0,0.03647026946107778,0.15520689655172412,0.0005549449488120616,0.0019352459016393321,0.0010819672131147542,0.0002522644074887545,0.00832557189542474,0.00019854166666665945,0.0,74.7111111111111,2.644444444444444,228.37777777777777,2.6888888888888887,2.644444444444444,422.51111111111106,54.222222222222214,21.333333333333332
1.0,1.0,1.0,2.0,1.0,1.0,3.0,2.0,1.0,0.005961566666666348,0.12116673333333286,0.09270233333333332,0.1389013666666661,0.021523100000000284,0.014226633333333419,0.261259633333331,0.10410189999999962,0.030579766666666803,0.0025919855072462383,0.0526811884057969,0.04213742424242423,0.0631369848484846,0.009783227272727402,0.006466651515151555,0.11875437878787773,0.04731904545454528,0.013899893939394,35753984.0,71004160.0,54419456.0,196210688.0,74584064.0,69292032.0,146898944.0,150798336.0,47718400.0,0.02575351680513595,0.05878024631076389,0.045050726996527776,0.16243150499131942,0.061743842230902776,0.057362874348958336,0.1216091579861111,0.09756614654002714,0.03950330946180555,0.0,0.03865824142156868,0.1928859649122807,0.00046097214326320797,0.001860344827586232,0.0024096774193548623,0.00016296373925801658,0.006285580065359658,0.00014534090909091487,0.0,74.75555555555555,2.711111111111111,237.79999999999995,2.7777777777777777,2.733333333333333,430.71111111111105,55.288888888888884,20.444444444444443
1.0,1.0,1.0,2.0,1.0,1.0,3.0,2.0,1.0,0.12464350000000006,0.09165713333333467,0.08547999999999926,0.15223210000000148,0.009077666666666553,0.014619999999999796,0.267490433333334,0.10665659999999946,0.034092099999999924,0.05419282608695655,0.03985092753623247,0.038854545454545114,0.06919640909090975,0.0041262121212120705,0.006645454545454453,0.1215865606060609,0.048480272727272476,0.015496409090909056,269291520.0,72347648.0,54571008.0,196034560.0,72568832.0,69316608.0,153698304.0,149786624.0,49278976.0,0.19397009535498488,0.05989244249131945,0.045176188151041664,0.1622856987847222,0.06007554796006945,0.057383219401041664,0.12723795572916669,0.09691157140434192,0.040795220269097224,0.015893000000000008,0.016097715736040547,0.17473387096774196,0.0005051486223020781,0.0019269230769230772,0.0009967741935484047,0.000300459074037896,0.010046905564107395,0.0005477894736842178,28.599999999999998,79.79999999999998,2.844444444444444,239.41466888888885,2.8888888888888884,2.8666666666666663,456.17411666666663,56.04078333333333,22.111111111111107
1.0,1.0,1.0,1.0,1.0,1.0,2.0,1.0,1.0,0.08769343333333286,0.16139269999999897,0.1035321999999989,0.13865506666666647,0.02225826666666677,0.011477533333333649,0.2996632333333347,0.10240876666666736,0.01659306666666585,0.03812757971014472,0.07017073913043434,0.047060090909090406,0.06302503030303021,0.010117393939393985,0.005217060606060749,0.13621056060606124,0.046549439393939705,0.007542303030302661,315465728.0,72982528.0,57491456.0,103931904.0,74764288.0,71135232.0,102506496.0,78716928.0,48947200.0,0.2272292768126888,0.060418023003472224,0.04759385850694445,0.08603922526041667,0.06189303927951389,0.058888753255208336,0.08485921223958334,0.05092965569877883,0.040520562065972224,0.0012141625615763477,0.01939532563025231,0.2069107142857143,0.000567453982733348,0.0019964285714284937,0.0010672727272727073,0.0003762059496567505,0.019051275690999195,0.00021366336633663836,53.79999999999999,86.82222222222221,2.644444444444444,282.46666666666664,2.511111111111111,2.5777777777777775,501.66666666666663,63.62222222222221,22.599999999999998
1.0,1.0,1.0,1.0,1.0,1.0,2.0,1.0,1.0,0.14052223333333322,0.16759050000000192,0.14023806666666588,0.2656836333333331,0.024915566666666677,0.015534966666666605,0.5051015666666653,0.1239123999999985,0.03722680000000006,0.06109662318840575,0.07286543478260954,0.0637445757575754,0.12076528787878776,0.011325257575757579,0.007061348484848456,0.22959162121212057,0.05632381818181749,0.016921272727272757,353021952.0,72994816.0,56401920.0,105590784.0,75321344.0,71245824.0,101875712.0,78761984.0,48865280.0,0.25428094316465255,0.06042819552951389,0.04669189453125,0.08741251627604167,0.062354193793402776,0.058980305989583336,0.08433702256944445,0.050958806818181816,0.04045274522569445,0.007017288306451619,0.01147110476190466,0.20506842105263157,0.0004479606789595868,0.0019950549450549367,0.0011166666666666417,0.0005930503636240072,0.03491177718832889,0.00024026063100137128,41.888888888888886,117.24444444444443,3.8666666666666663,360.7777777777777,3.8666666666666663,3.8666666666666663,663.4888888888888,84.77777777777777,32.355555555555554
1.0,1.0,1.0,2.0,1.0,1.0,3.0,1.0,1.0,0.005890899999999988,0.1692613999999973,0.11002276666666641,0.07084740000000049,0.020607566666666344,0.01266589999999989,0.34436496666666394,0.13063530000000015,0.046892066666667155,0.0025612608695652125,0.07359191304347709,0.050010348484848366,0.032203363636363856,0.00936707575757561,0.005757227272727222,0.15652953030302907,0.05937968181818188,0.021314575757575976,40775680.0,73650176.0,55693312.0,168067072.0,75522048.0,71626752.0,146444288.0,79388672.0,48697344.0,0.02937063349697885,0.06097073025173611,0.046105278862847224,0.1391330295138889,0.06252034505208333,0.059295654296875,0.12123277452256945,0.051364272388059705,0.040313720703125,0.0,0.014436043956043814,0.26289999999999997,0.0007052041932872749,0.001994444444444424,0.0011689393939393609,0.00045636006375093287,0.027921516192345345,0.0003010094212651408,0.0,122.51111111111109,3.1999999999999997,392.32141333333334,3.0666666666666664,3.177777777777777,702.5685249999999,91.02222222222221,32.02222222222222
1.0,1.0,1.0,2.0,1.0,1.0,3.0,1.0,1.0,0.0049965333333328015,0.14823866666666846,0.15204969999999965,0.23274873333333218,0.018446600000000046,0.018002366666666585,0.36260549999999936,0.16406346666666613,0.05313103333333326,0.002172405797101218,0.06445159420289934,0.06911349999999984,0.10579487878787826,0.008384818181818202,0.008182893939393901,0.1648206818181815,0.07457430303030278,0.02415046969696966,37740544.0,73359360.0,57319424.0,178515968.0,75599872.0,71806976.0,144326656.0,79351808.0,48701440.0,0.02718443164652568,0.06072998046875,0.04745144314236111,0.14778306749131945,0.06258477105034722,0.05944485134548611,0.1194797092013889,0.05134042147218453,0.04031711154513889,0.0,0.010919793080054339,0.25176470588235295,0.0006898409988261646,0.0020696078431372404,0.001196039603960407,0.0003550246423849033,0.0323217533989685,0.0002934052757793817,0.0,131.28888888888886,4.666666666666666,414.28888888888883,4.6,4.688888888888888,738.0888888888888,94.53333333333333,36.133333333333326
1.0,1.0,1.0,2.0,1.0,1.0,3.0,1.0,1.0,0.005715099999999514,0.20387679999999667,0.17097816666666668,0.24092943333333394,0.02363100000000031,0.009717900000000175,0.4761157000000004,0.14801556666666707,0.04532233333333409,0.0024848260869563105,0.0886420869565203,0.07771734848484849,0.10951337878787905,0.010741363636363778,0.004417227272727352,0.21641622727272747,0.0672798030303032,0.02060106060606095,37785600.0,72110080.0,56356864.0,201441280.0,74244096.0,69578752.0,143720448.0,80707584.0,46473216.0,0.027216885385196374,0.05969577365451389,0.046654595269097224,0.16676161024305555,0.06146240234375,0.05760023328993055,0.11897786458333333,0.052217605156037995,0.038472493489583336,0.0,0.007274454685100135,0.2373333333333333,0.0005824081550262472,0.002384230769230747,0.0011617424242424271,0.00029138975238503624,0.010786529680365298,0.0003947712418300649,0.0,148.2222222222222,5.622222222222222,454.3555555555555,5.799999999999999,5.5777777777777775,834.111111111111,107.15555555555554,41.75555555555555
1.0,1.0,1.0,2.0,1.0,1.0,3.0,2.0,1.0,0.006428866666666977,0.09482569999999745,0.14669170000000045,0.22585276666666754,0.023888366666666626,0.009955266666666773,0.44339619999999713,0.18696996666666643,0.021661966666666407,0.00279515942028999,0.0412285652173902,0.06667804545454566,0.10266034848484887,0.010858348484848466,0.00452512121212126,0.20154372727272596,0.08498634848484837,0.009846348484848366,36634624.0,72155136.0,56332288.0,199278592.0,74084352.0,71049216.0,145068032.0,156049408.0,47685632.0,0.02638783987915408,0.059733072916666664,0.04663425021701389,0.1649712456597222,0.061330159505208336,0.058817545572916664,0.12009345160590278,0.10096357700135686,0.03947618272569445,0.0,0.013361964694344437,0.2469736842105263,0.0004852956219312624,0.0033961904761904624,0.0017132075471698147,0.0004390809136192445,0.008731353622217794,0.0004520515826494717,0.0,132.68888888888887,4.6,426.2222222222222,4.666666666666666,4.622222222222222,722.7106588888888,91.77732555555555,36.133333333333326
1.0,1.0,1.0,2.0,1.0,1.0,3.0,2.0,1.0,0.005431799999999498,0.21621813333333648,0.14517713333333215,0.17954763333333212,0.022177800000000046,0.00826910000000017,0.4177411666666664,0.17750036666666685,0.04636336666666618,0.0023616521739128257,0.09400788405797239,0.06598960606060551,0.08161256060606006,0.010080818181818201,0.003758681818181895,0.18988234848484836,0.08068198484848493,0.02107425757575735,36765696.0,72105984.0,54738944.0,191520768.0,74100736.0,71446528.0,142028800.0,157450240.0,48435200.0,0.02648225075528701,0.0596923828125,0.04531521267361111,0.15854899088541669,0.06134372287326389,0.05914645724826389,0.11757744683159722,0.1018699118046133,0.04009670681423611,0.0,0.015324054692774968,0.2601708333333333,0.00045419933412093114,0.0019749999999999694,0.001680603448275884,0.00039204030527069037,0.007306545705098695,0.0005173349056603783,0.0,133.04444444444442,5.155555555555555,417.5333333333333,5.133333333333333,5.133333333333333,753.3999999999999,96.86666666666666,38.511111111111106
1.0,1.0,1.0,2.0,1.0,1.0,3.0,2.0,1.0,0.21160853333333307,0.22353513333333316,0.1571894000000005,0.32456116666666757,0.014171200000000302,0.015301633333333104,0.4183460000000027,0.2562430000000001,0.027058399999999476,0.09200371014492743,0.09718918840579703,0.0714497272727275,0.14752780303030344,0.006441454545454682,0.006955287878787774,0.19015727272727395,0.11647409090909094,0.012299272727272489,293871616.0,73158656.0,55410688.0,190046208.0,75227136.0,73011200.0,143478784.0,158322688.0,48095232.0,0.2116750849697885,0.06056382921006945,0.04587131076388889,0.15732828776041666,0.062276204427083336,0.06044175889756945,0.1187778049045139,0.10243438348032564,0.039815266927083336,0.020755118326912486,0.02436884825152366,0.26985922330097084,0.0007476132808557872,0.0021400900900900837,0.0012703539823008788,0.0005968905960859069,0.011501267482517626,0.00041350710900473495,72.99999999999999,140.44444444444443,5.022222222222221,445.79999999999995,4.9111111111111105,5.0,793.0444444444444,101.68888888888888,38.75555555555555
1.0,1.0,1.0,2.0,1.0,1.0,3.0,2.0,1.0,0.11314433333333322,0.08330446666666755,0.09721896666666793,0.23002953333333453,0.02243039999999989,0.014034833333333552,0.3853038333333312,0.16551103333333222,0.054359000000000414,0.049193188405797054,0.03621933333333372,0.04419043939393997,0.10455887878787931,0.010195636363636313,0.006379469696969796,0.17513810606060504,0.07523228787878738,0.02470863636363655,345833472.0,71618560.0,55230464.0,185126912.0,75333632.0,73322496.0,145686528.0,155906048.0,48447488.0,0.24910309667673716,0.059288872612847224,0.045722113715277776,0.1532558865017361,0.06236436631944445,0.060699462890625,0.12060546875,0.10087082343962009,0.040106879340277776,0.005177450980392162,0.017152361199744975,0.267864406779661,0.0005036687417083403,0.002117226890756309,0.0010900000000000091,0.0006118259874069841,0.009723414855072441,0.00034359267734553907,58.93333333333332,139.2,5.199999999999999,431.4888888888888,5.199999999999999,5.133333333333333,770.3555555555555,98.33333333333333,38.577777777777776
1.0,1.0,1.0,2.0,1.0,1.0,3.0,2.0,1.0,0.006635133333332988,0.13437413333333173,0.18889336666666545,0.26408243333333203,0.02345200000000034,0.015564399999999997,0.5246961666666694,0.21302370000000032,0.01779996666666648,0.002884840579709995,0.058423536231883365,0.08586062121212067,0.1200374696969691,0.010660000000000154,0.007074727272727271,0.23849825757575882,0.09682895454545469,0.008090893939393854,43667456.0,78123008.0,57200640.0,189444096.0,79708160.0,73740288.0,147750912.0,153194496.0,48275456.0,0.03145357345166163,0.06467352973090278,0.047353108723958336,0.156829833984375,0.06598578559027778,0.061045328776041664,0.122314453125,0.09911645607191316,0.03996446397569445,0.0,0.017081542875358385,0.258705,0.0004195400578668998,0.0020601010101009808,0.0010777777777778036,0.00046862805909552243,0.010198844957796556,0.00032392344497607893,0.0,138.9333333333333,4.555555555555555,446.04444444444437,4.466666666666666,4.533333333333333,788.2444444444444,100.24444444444444,37.55555555555555
1.0,1.0,1.0,2.0,1.0,1.0,3.0,2.0,1.0,0.0057238666666667845,0.1868283333333314,0.16651129999999814,0.25640166666666603,0.02724783333333344,0.014601933333333268,0.5868833333333342,0.2111243000000003,0.04067169999999957,0.002488637681159472,0.0812297101449267,0.0756869545454537,0.11654621212121183,0.012385378787878836,0.0066372424242423945,0.2667651515151519,0.09596559090909104,0.018487136363636164,37289984.0,76238848.0,58155008.0,189292544.0,79962112.0,73072640.0,147484672.0,152035328.0,47321088.0,0.02685989425981873,0.0631137424045139,0.04814317491319445,0.1567043728298611,0.0661960177951389,0.060492621527777776,0.12209404839409722,0.09836647727272727,0.039174397786458336,0.0,0.04028536007580555,0.24495673076923077,0.0006686149808197155,0.002335922330097073,0.0010072815533980406,0.0005861272179056023,0.012703596961572746,0.0002397093023255789,0.0,136.86666666666665,4.466666666666666,429.3333333333333,4.6,4.555555555555555,763.4222222222221,98.73333333333332,37.511111111111106
1.0,1.0,1.0,2.0,1.0,1.0,3.0,2.0,1.0,0.007197800000000143,0.035780099999999496,0.04632710000000012,0.02187213333333394,0.0182540666666668,0.006794233333333466,0.06732620000000225,0.0355715666666678,0.007059300000000234,0.0031294782608696278,0.015556565217391086,0.021057772727272783,0.009941878787879062,0.00829730303030309,0.003088287878787939,0.0306028181818192,0.016168893939394455,0.003208772727272834,37371904.0,76546048.0,56197120.0,184508416.0,80424960.0,73158656.0,146362368.0,149118976.0,51798016.0,0.02691890105740181,0.06336805555555555,0.04652235243055555,0.1527438693576389,0.06657918294270833,0.06056382921006945,0.12116495768229166,0.09647960481682497,0.04288058810763889,0.0,0.0839336000000015,0.3628333333333334,0.0004277955271565193,0.00205000000000291,0.0010499999999992724,0.00011854838709675805,0.004049999999988358,0.0002615384615384511,0.0,1.2,0.02222222222222222,6.3999999999999995,0.02222222222222222,0.02222222222222222,5.177777777777777,0.711111111111111,0.6222222222222222
1.0,1.0,1.0,2.0,1.0,1.0,3.0,2.0,1.0,0.003456500000000536,0.012288499999999657,0.007568099999999352,0.024710499999998584,0.012690400000000086,0.008836099999999665,0.023880699999998,0.028271900000000016,0.013320333333333186,0.0015028260869567548,0.005342826086956373,0.00344004545454516,0.01123204545454481,0.005768363636363675,0.004016409090908938,0.010854863636362726,0.012850863636363643,0.006054696969696902,35053568.0,72617984.0,52060160.0,171339776.0,80642048.0,73515008.0,139915264.0,146522112.0,52260864.0,0.025249008685800604,0.06011623806423611,0.043097601996527776,0.1418423122829861,0.06675889756944445,0.060858832465277776,0.11582777235243055,0.09479944029850745,0.043263753255208336,0.0,0.0,0.0,0.0,0.0,0.0,0.0,0.0,0.0,0.0,0.0,0.0,0.0,0.0,0.0,0.0,0.0,0.0
1.0,1.0,1.0,2.0,1.0,1.0,3.0,2.0,1.0,0.008883600000000531,0.01536666666666709,0.008482833333331049,0.020446366666666903,0.021044099999999826,0.010240666666666698,0.03222816666666309,0.03464003333333471,0.011135900000000257,0.003862434782608927,0.00668115942029004,0.003855833333332295,0.009293803030303138,0.00956549999999992,0.004654848484848499,0.01464916666666504,0.01574546969697032,0.0050617727272728435,35123200.0,72994816.0,52371456.0,172183552.0,76521472.0,73654272.0,143032320.0,146944000.0,52727808.0,0.025299164463746224,0.06042819552951389,0.043355305989583336,0.1425408257378472,0.06334771050347222,0.06097412109375,0.118408203125,0.09507240078018997,0.043650309244791664,0.0,0.0,0.0,0.0,0.0,0.0,0.0,0.0,0.0,0.0,0.0,0.0,0.0,0.0,0.0,0.0,0.0,0.0
1.0,1.0,1.0,2.0,1.0,1.0,3.0,2.0,1.0,0.08591633333333372,0.015830300000000838,0.006577399999999518,0.013705833333334758,0.018462799999999883,0.007318266666666299,0.03312463333333208,0.032723566666667384,0.01701503333333392,0.037354927536232055,0.006882739130435148,0.002989727272727054,0.006229924242424889,0.008392181818181764,0.003326484848484681,0.015056651515150943,0.01487434848484881,0.007734106060606326,252657664.0,74125312.0,58097664.0,173633536.0,77787136.0,70955008.0,142700544.0,149217280.0,50753536.0,0.1819887651057402,0.061364067925347224,0.048095703125,0.1437411838107639,0.0643954806857639,0.058739556206597224,0.118133544921875,0.09654320725915876,0.042015923394097224,0.0,0.0,0.0,0.0,0.0,0.0,0.0,0.0,0.0,0.0,0.0,0.0,0.0,0.0,0.0,0.0,0.0,0.0
1.0,1.0,1.0,2.0,1.0,1.0,3.0,2.0,1.0,0.06690483333333266,0.011285100000001573,0.005074733333329581,0.01897629999999661,0.018109366666666443,0.005505766666666526,0.02818946666666733,0.031188633333333843,0.008162766666666243,0.029089057971014205,0.004906565217391989,0.0023066969696952638,0.008625590909089367,0.0082315303030302,0.002502621212121148,0.012813393939394239,0.014176651515151746,0.003710348484848292,255385600.0,73367552.0,58204160.0,175284224.0,78069760.0,71127040.0,142864384.0,149491712.0,51224576.0,0.1839536914652568,0.060736762152777776,0.04818386501736111,0.1451076931423611,0.06462944878472222,0.05888197157118055,0.11826917860243055,0.09672076407734057,0.04240587022569445,0.0,0.0,0.0,0.0,0.0,0.0,0.0,0.0,0.0,0.0,0.0,0.0,0.0,0.0,0.0,0.0,0.0,0.0
1.0,1.0,1.0,2.0,1.0,1.0,3.0,2.0,1.0,0.05045343333333297,0.007244300000002112,0.0141020666666653,0.01937446666666792,0.01923973333333322,0.009676066666666826,0.029671433333337424,0.04022706666666333,0.012190833333334202,0.021936275362318684,0.003149695652174832,0.006410030303029681,0.008806575757576325,0.008745333333333282,0.004398212121212193,0.013487015151517009,0.018285030303028783,0.005541287878788273,256761856.0,73490432.0,54566912.0,175570944.0,78319616.0,71532544.0,142495744.0,149504000.0,50950144.0,0.18494500566465258,0.06083848741319445,0.045172797309027776,0.14534505208333334,0.06483629014756945,0.05921766493055555,0.11796400282118055,0.0967287143826323,0.04217868381076389,0.0,0.0,0.0,0.0,0.0,0.0,0.0,0.0,0.0,0.0,0.0,0.0,0.0,0.0,0.0,0.0,0.0,0.0
1.0,1.0,1.0,1.0,1.0,1.0,1.0,1.0,1.0,0.0492888000000003,0.0120520666666683,0.01050673333333331,0.008980033333330084,0.01615116666666694,0.00896349999999965,0.01558263333333419,0.016054999999998168,0.013009399999999498,0.021429913043478396,0.005240028985507957,0.004775787878787868,0.004081833333331856,0.007341439393939517,0.004074318181818023,0.00708301515151554,0.007297727272726439,0.005913363636363408,257622016.0,72011776.0,57561088.0,104169472.0,77393920.0,72802304.0,50585600.0,77946880.0,48738304.0,0.18556457703927492,0.05961439344618055,0.04765150282118055,0.08623589409722222,0.06406995985243055,0.06026882595486111,0.041876898871527776,0.05043143656716418,0.04034762912326389,0.0,0.0,0.0,0.0,0.0,0.0,0.0,0.0,0.0,0.0,0.0,0.0,0.0,0.0,0.0,0.0,0.0,0.0
1.0,1.0,1.0,1.0,1.0,1.0,1.0,1.0,1.0,0.04532936666666672,0.014497033333335215,0.010360166666669102,0.007726000000002386,0.013810566666666564,0.008764566666666458,0.008750166666667761,0.016396566666666484,0.012388333333332942,0.019708420289855096,0.0063030579710153115,0.004709166666667774,0.003511818181819266,0.006277530303030256,0.0039838939393938445,0.003977348484848982,0.007452984848484764,0.005631060606060428,257032192.0,72048640.0,57495552.0,103268352.0,77602816.0,72720384.0,50757632.0,78163968.0,48787456.0,0.18513972809667673,0.05964491102430555,0.047597249348958336,0.08548990885416667,0.0642428927951389,0.060201009114583336,0.04201931423611111,0.05057189196065129,0.04038831922743055,0.0,0.0,0.0,0.0,0.0,0.0,0.0,0.0,0.0,0.0,0.0,0.0,0.0,0.0,0.0,0.0,0.0,0.0
1.0,1.0,1.0,1.0,1.0,1.0,1.0,1.0,1.0,0.055282099999999446,0.013984333333333628,0.008624133333334309,0.012387733333332563,0.01840193333333294,0.01043383333333357,0.011571199999999256,0.01398503333333565,0.010067033333333105,0.024035695652173675,0.00608014492753636,0.003920060606061049,0.005630787878787528,0.008364515151514972,0.004742651515151622,0.005259636363636025,0.006356833333334385,0.004575924242424138,257351680.0,70643712.0,55377920.0,103583744.0,72454144.0,68468736.0,48119808.0,78385152.0,48996352.0,0.18536985460725075,0.058481852213541664,0.045844184027777776,0.0857510036892361,0.05998060438368055,0.056681315104166664,0.039835611979166664,0.05071499745590231,0.04056125217013889,0.0,0.0,0.0,0.0,0.0,0.0,0.0,0.0,0.0,0.0,0.0,0.0,0.0,0.0,0.0,0.0,0.0,0.0
1.0,1.0,1.0,1.0,1.0,1.0,1.0,1.0,1.0,0.05621406666666644,0.011570966666666512,0.013468299999999545,0.010024133333335308,0.014525566666666614,0.007403133333333282,0.010156833333329965,0.008453733333336306,0.012037866666667204,0.02444089855072454,0.005030855072463702,0.006121954545454338,0.004556424242425141,0.006602530303030279,0.0033650606060605824,0.004616742424240893,0.0038426060606074116,0.00547175757575782,255930368.0,70643712.0,55062528.0,103526400.0,72560640.0,68411392.0,48328704.0,75726848.0,48738304.0,0.18434608666918428,0.058481852213541664,0.045583089192708336,0.08570353190104167,0.060068766276041664,0.056633843315972224,0.040008544921875,0.048995081411126185,0.04034762912326389,0.0,0.0,0.0,0.0,0.0,0.0,0.0,0.0,0.0,0.0,0.0,0.0,0.0,0.0,0.0,0.0,0.0,0.0
1.0,1.0,1.0,1.0,1.0,1.0,1.0,1.0,1.0,0.04667123333333336,0.010945433333332252,0.01036463333333207,0.012511066666665252,0.021317700000000172,0.011572000000000079,0.01111670000000231,0.020411699999999654,0.01562556666666713,0.020291840579710157,0.004758884057970545,0.004711196969696395,0.005686848484847842,0.009689863636363713,0.0052600000000000355,0.0050530454545465045,0.009278045454545296,0.007102530303030514,256438272.0,69079040.0,51331072.0,101449728.0,73105408.0,67829760.0,48730112.0,76054528.0,46788608.0,0.1847119288141994,0.05718655056423611,0.04249403211805555,0.083984375,0.06051974826388889,0.05615234375,0.04034084743923611,0.049207089552238806,0.038733588324652776,0.0,0.0,0.0,0.0,0.0,0.0,0.0,0.0,0.0,0.0,0.0,0.0,0.0,0.0,0.0,0.0,0.0,0.0
1.0,1.0,1.0,1.0,1.0,1.0,1.0,1.0,1.0,0.050110500000000495,0.014406133333333552,0.01251633333333378,0.009493833333332683,0.01402653333333319,0.009928199999999757,0.01198460000000144,0.01810916666666647,0.01397173333333323,0.021787173913043696,0.0062635362318841535,0.005689242424242627,0.0043153787878784915,0.0063756969696969045,0.004512818181818071,0.005447545454546108,0.008231439393939305,0.006350787878787831,257216512.0,69087232.0,51810304.0,101949440.0,73326592.0,67997696.0,48513024.0,75882496.0,46604288.0,0.18527249339123866,0.05719333224826389,0.04289076063368055,0.08439805772569445,0.06070285373263889,0.05629136827256945,0.0401611328125,0.04909578527815468,0.038581000434027776,0.0,0.0,0.0,0.0,0.0,0.0,0.0,0.0,0.0,0.0,0.0,0.0,0.0,0.0,0.0,0.0,0.0,0.0
1.0,1.0,1.0,1.0,1.0,1.0,1.0,1.0,1.0,0.0739861,0.017983966666668037,0.008034400000000611,0.012466099999998429,0.011961933333333263,0.01022216666666651,0.011799933333334896,0.018352166666666864,0.01465816666666626,0.032167869565217395,0.007819115942029583,0.0036520000000002774,0.005666409090908376,0.005437242424242392,0.004646439393939323,0.00536360606060677,0.008341893939394029,0.006662803030302845,271073280.0,69070848.0,52191232.0,101683200.0,73539584.0,67981312.0,48693248.0,76263424.0,47149056.0,0.19525349320241692,0.057179768880208336,0.043206108940972224,0.08417765299479167,0.06087917751736111,0.05627780490451389,0.04031032986111111,0.0493422447421981,0.039031982421875,0.008935185185185185,0.0020023809523720825,0.0,0.0002938202247193628,0.0,0.0,4.7115384615328646e-05,0.0036,0.0003499999999997575,1.1555555555555554,1.1999999999999997,0.02222222222222222,4.933333333333333,0.0,0.02222222222222222,7.222222222222221,0.911111111111111,0.15555555555555553
1.0,1.0,1.0,1.0,1.0,1.0,1.0,1.0,1.0,0.08531416666666682,0.025516000000000833,0.02823306666666667,0.03255913333333259,0.016323266666666805,0.005593566666666542,0.05458210000000084,0.035050566666666325,0.021320833333333174,0.037093115942029055,0.011093913043478624,0.012833212121212124,0.01479960606060572,0.007419666666666729,0.002542530303030246,0.024810045454545834,0.0159320757575756,0.009691287878787806,281186304.0,71643136.0,53354496.0,102506496.0,73428992.0,68071424.0,48590848.0,77410304.0,46952448.0,0.20253788236404835,0.05930921766493055,0.044169108072916664,0.08485921223958333,0.06078762478298611,0.05635240342881945,0.04022555881076389,0.05008427323609227,0.038869222005208336,0.0026405555555555718,0.015938701298700828,0.09763636363636365,0.00033595258999125196,0.00551071428571439,0.0009882352941178183,0.00045053604436228297,0.005365266106442316,0.0002833333333333125,15.377777777777776,21.22222222222222,0.711111111111111,64.24444444444444,0.6888888888888888,0.711111111111111,131.35555555555555,16.51111111111111,5.222222222222221
1.0,1.0,1.0,1.0,1.0,1.0,1.0,1.0,1.0,0.14319336666666704,0.06712326666666589,0.07300853333333635,0.12653470000000197,0.011964366666667085,0.013442466666666538,0.29336776666666914,0.0874889000000015,0.029058433333333748,0.062257985507246545,0.02918402898550691,0.033185696969698336,0.057515772727273616,0.005438348484848674,0.006110212121212062,0.13334898484848595,0.03976768181818249,0.013208378787878975,315469824.0,69238784.0,54513664.0,108118016.0,73510912.0,68038656.0,48140288.0,76513280.0,46174208.0,0.22723222715256797,0.057318793402777776,0.045128716362847224,0.0895046657986111,0.06085544162326389,0.056325276692708336,0.03985256618923611,0.049503900949796474,0.03822496202256945,0.002023756613756611,0.011508289646134059,0.1704390243902439,0.0005245056347012421,0.0027749999999999828,0.0011651162790697759,0.0009658074465741365,0.012415198618307668,0.0001510791366906453,41.755555555555546,69.64444444444443,1.8888888888888886,219.33333333333331,1.9333333333333331,1.911111111111111,406.26666666666665,51.68888888888888,18.999999999999996
1.0,1.0,1.0,1.0,1.0,1.0,2.0,1.0,1.0,0.06229069999999979,0.10861653333333454,0.1137709333333343,0.16191703333333105,0.019582299999999955,0.013863766666666777,0.17497816666666874,0.10032110000000026,0.03442616666666728,0.027082913043478173,0.047224579710145466,0.05171406060606104,0.07359865151515046,0.008901045454545434,0.006301712121212171,0.07953553030303123,0.04560050000000011,0.015648257575757853,314478592.0,70152192.0,55500800.0,99569664.0,74604544.0,68935680.0,94629888.0,77463552.0,47448064.0,0.2265182449018127,0.058074951171875,0.04594590928819445,0.082427978515625,0.061760796440972224,0.05706787109375,0.078338623046875,0.05011872455902307,0.03927951388888889,0.001266133720930227,0.014923310423826091,0.15612903225806452,0.0005055049283987287,0.001985483870967777,0.0010976190476190706,0.0002567808144706255,0.01067056110684082,0.0002742584745762766,45.62222222222222,78.57777777777777,2.822222222222222,242.88888888888886,2.7333333333333334,2.7555555555555555,418.23110499999996,57.64444444444444,22.088888888888885
1.0,1.0,1.0,1.0,1.0,1.0,2.0,1.0,1.0,0.19650596666666614,0.11716303333333068,0.10653736666666494,0.14800349999999676,0.020689500000000294,0.014099333333333183,0.23774016666666745,0.12006516666666585,0.02209893333333355,0.08543737681159398,0.05094044927536117,0.04842607575757497,0.0672743181818167,0.009404318181818316,0.00640878787878781,0.10806371212121248,0.05457507575757538,0.010044969696969795,235171840.0,70651904.0,58392576.0,100904960.0,75661312.0,69349376.0,96997376.0,80367616.0,49143808.0,0.16939376416163143,0.05848863389756945,0.04833984375,0.08353339301215278,0.06263563368055555,0.057410346137152776,0.08029852973090278,0.05199764670963365,0.04068332248263889,0.019441120218579248,0.009885788433020173,0.15990243902439025,0.0005796088489900665,0.002505625000000009,0.000996250000000009,0.00038163605258418877,0.012097373949580027,0.0003478647686832756,15.355555555555554,89.59999999999998,3.5111111111111106,277.1333333333333,3.4444444444444438,3.533333333333333,498.37777777777774,63.95555555555555,25.15555555555555
1.0,1.0,1.0,1.0,1.0,1.0,2.0,1.0,1.0,0.08057466666666642,0.14957790000000082,0.09840449999999995,0.1880911666666672,0.01082369999999931,0.012392166666666544,0.33320923333333613,0.06727763333333314,0.030822333333333063,0.035032463768115835,0.06503386956521777,0.044729318181818155,0.08549598484848508,0.004919863636363322,0.005632803030302974,0.15145874242424368,0.030580742424242333,0.01401015151515139,288333824.0,71278592.0,56262656.0,104816640.0,76705792.0,69681152.0,98082816.0,79048704.0,49528832.0,0.2076862254531722,0.05900743272569445,0.046576605902777776,0.08677164713541667,0.06350029839409722,0.057685004340277776,0.08119710286458334,0.05114431394165536,0.04100206163194445,0.0032657307692307786,0.004145845070422532,0.17044520547945202,0.00039259033389236526,0.003076027397260264,0.0010743243243243243,0.0003236813911323558,0.009094270166453264,0.0004067340067340058,57.755555555555546,95.77777777777777,3.244444444444444,299.08888888888885,3.2888888888888888,3.244444444444444,540.8444444444444,69.5111111111111,25.866666666666664
1.0,1.0,1.0,1.0,1.0,1.0,2.0,1.0,1.0,0.14702959999999998,0.16147653333333287,0.09141943333333226,0.16302153333333536,0.02324773333333307,0.01223173333333373,0.3569298999999981,0.14147159999999986,0.03625396666666632,0.06392591304347826,0.0702071884057969,0.041554287878787385,0.07410069696969789,0.010567151515151394,0.0055598787878789685,0.16224086363636275,0.06430527272727266,0.0164790757575756,342540288.0,71139328.0,57937920.0,102297600.0,76746752.0,69795840.0,97722368.0,79069184.0,49119232.0,0.24673102341389727,0.058892144097222224,0.047963460286458336,0.084686279296875,0.0635342068142361,0.057779947916666664,0.0808987087673611,0.051157564450474896,0.04066297743055555,0.0027933494141971064,0.004129860818220317,0.17090123456790124,0.0003473680555555539,0.002368674698795207,0.0010716867469879386,0.0004532255683495728,0.013394281609195563,0.00037219662058372046,64.33333333333333,106.73333333333332,3.622222222222222,329.66666666666663,3.5999999999999996,3.5999999999999996,598.2888888888888,77.55555555555554,29.488888888888884
1.0,1.0,1.0,1.0,1.0,1.0,2.0,1.0,1.0,0.16926760000000057,0.17803583333333486,0.08401550000000195,0.19798169999999876,0.0223243000000006,0.0135887333333334,0.2858015333333353,0.07890306666666523,0.03694110000000042,0.07359460869565243,0.07740688405797169,0.03818886363636452,0.08999168181818125,0.010147409090909363,0.0061766969696969995,0.12990978787878876,0.03586503030302965,0.01679140909090928,254001152.0,72175616.0,56885248.0,107249664.0,76783616.0,69890048.0,94855168.0,79085568.0,48594944.0,0.18295647658610273,0.05975002712673611,0.04709201388888889,0.08878580729166667,0.0635647243923611,0.05785793728298611,0.0785251193576389,0.05116816485753053,0.040228949652777776,0.05297913793103448,0.018054088050314467,0.2271510416666667,0.0005737409170633985,0.00196919191919189,0.0010783505154639023,0.0006103391377615508,0.01969327292696331,0.0005242403314917104,18.4,113.1111111111111,4.488888888888889,355.1555555555555,4.3999999999999995,4.466666666666667,631.5333333333333,80.88888888888889,32.48888888888889
1.0,1.0,1.0,2.0,1.0,1.0,3.0,1.0,1.0,0.14569496666666737,0.10626030000000052,0.17953999999999723,0.10622520000000198,0.020660833333333056,0.016882000000000136,0.24319849999999998,0.1579714000000005,0.03662093333333303,0.06334563768115974,0.046200130434782834,0.08160909090908965,0.04828418181818271,0.009391287878787753,0.007673636363636425,0.1105447727272727,0.07180518181818205,0.016645878787878647,342048768.0,72441856.0,58265600.0,169340928.0,76890112.0,71139328.0,141713408.0,78086144.0,50028544.0,0.2463769826283988,0.05997043185763889,0.04823472764756945,0.14018758138020831,0.06365288628472222,0.058892144097222224,0.11731635199652778,0.05052154002713704,0.04141574435763889,0.0038298788265306123,0.004775557994877288,0.18803763440860216,0.0009801571486696334,0.0019236842105263162,0.0010910526315789436,0.00028033290961881674,0.024080980192991458,0.0004055481283422489,68.82222222222222,122.04444444444444,4.111111111111111,375.91321666666664,4.133333333333333,4.133333333333333,661.6349811111111,87.75555555555555,33.86666666666666
1.0,1.0,1.0,2.0,1.0,1.0,3.0,1.0,1.0,0.1080663999999994,0.17823456666666668,0.14970609999999926,0.27286846666666753,0.02807636666666724,0.013147966666666377,0.44640403333333306,0.1533658333333354,0.046358133333332795,0.04698539130434757,0.07749328985507248,0.06804822727272693,0.12403112121212159,0.012761984848485109,0.005976348484848353,0.20291092424242413,0.06971174242424336,0.021071878787878542,200732672.0,72544256.0,57896960.0,176525312.0,76029952.0,71176192.0,143740928.0,78622720.0,50401280.0,0.14458730645770393,0.06005520290798611,0.04792955186631945,0.14613511827256945,0.06294080946180555,0.058922661675347224,0.11899481879340278,0.05086870335820896,0.041724310980902776,0.10411111111111111,0.021231111111111298,0.27180808080808083,0.0005248032345013404,0.0036935000000000214,0.0011465346534653394,0.00041127652092368946,0.02513612244897976,0.0003229328165374593,2.4,132.84444444444443,4.666666666666666,424.71111111111105,4.511111111111111,4.71111111111111,768.5777777777777,98.48888888888888,35.822222222222216
1.0,1.0,1.0,2.0,1.0,1.0,3.0,2.0,1.0,0.2595549333333338,0.10865779999999935,0.1695945333333346,0.23446883333333446,0.02150666666666723,0.01716916666666653,0.4744833333333322,0.16234719999999925,0.05006056666666628,0.11284997101449296,0.047242521739130156,0.07708842424242482,0.10657674242424293,0.00977575757575783,0.007804166666666604,0.21567424242424188,0.07379418181818147,0.02275480303030285,304508928.0,72638464.0,59076608.0,192778240.0,76029952.0,71208960.0,144470016.0,152023040.0,50003968.0,0.21933711763595165,0.06013319227430555,0.04890611436631945,0.15958997938368055,0.06294080946180555,0.058949788411458336,0.119598388671875,0.09835852696743555,0.04139539930555555,0.003942993302421435,0.018254192355117375,0.2918940677966102,0.0008600639139697654,0.0029486842105262965,0.0011399999999999939,0.0004318338732805767,0.009047418373376834,0.0003662131519274366,86.28888888888888,147.2,5.222222222222221,451.8444444444444,5.288888888888888,5.355555555555555,836.4060333333332,104.5838111111111,40.71111111111111
1.0,1.0,1.0,2.0,1.0,1.0,3.0,2.0,1.0,0.11312806666666687,0.22921616666666675,0.1797477666666661,0.29376953333333455,0.0284482333333339,0.011782033333333193,0.42357516666666606,0.18748383333333363,0.05019969999999982,0.04918611594202908,0.09965920289855076,0.08170353030303003,0.13353160606060663,0.012931015151515407,0.005355469696969633,0.1925341666666664,0.08521992424242436,0.022818045454545372,40738816.0,72159232.0,57298944.0,192954368.0,76042240.0,68947968.0,145752064.0,154116096.0,50610176.0,0.029344080438066467,0.05973646375868055,0.047434488932291664,0.1597357855902778,0.06295098198784722,0.057078043619791664,0.12065972222222224,0.09971272896879241,0.04189724392361111,0.0065154985192497576,0.012620174121885316,0.25036290322580645,0.0005018026565464953,0.002432661290322622,0.0010625984251968561,0.0005116811989100828,0.009908223823654052,0.0004562906724511959,44.888888888888886,146.5111111111111,5.422222222222222,441.59999999999997,5.511111111111111,5.422222222222222,815.0666666666666,105.15555555555554,40.46666666666666
1.0,1.0,1.0,2.0,1.0,1.0,3.0,2.0,1.0,0.13329053333333338,0.2063081666666676,0.13561239999999847,0.3034384333333333,0.015882566666666282,0.012441800000000095,0.3569329333333336,0.2341187333333325,0.05202746666666656,0.057952405797101474,0.08969920289855114,0.0616419999999993,0.13792656060606057,0.0072193484848483095,0.005655363636363679,0.1622422424242425,0.10641760606060569,0.023648848484848432,240857088.0,71450624.0,57286656.0,187760640.0,76042240.0,70389760.0,140029952.0,158244864.0,49332224.0,0.17348883591389727,0.059149848090277776,0.04742431640625,0.15543619791666669,0.06295098198784722,0.05827162000868055,0.11592271592881945,0.10238403154681139,0.040839301215277776,0.0,0.010502999702999642,0.2305046296296296,0.0004859105028149896,0.0019826923076923146,0.0010795000000000073,0.0005038519402365637,0.007958363636363524,0.0003866052060737495,0.0,149.04444444444442,4.422222222222222,455.0666666666666,4.511111111111111,4.422222222222222,857.8222222222221,109.79999999999998,40.199999999999996
1.0,1.0,1.0,2.0,1.0,1.0,4.0,2.0,1.0,0.18240776666666722,0.20586210000000163,0.18707466666666808,0.16989023333333314,0.01146153333333378,0.023084966666666654,0.5251249333333329,0.24967683333333474,0.03872116666666727,0.0793077246376814,0.08950526086956595,0.08503393939394004,0.07722283333333324,0.005209787878788082,0.010493166666666661,0.2386931515151513,0.11348946969697032,0.017600530303030576,295624704.0,71905280.0,57282560.0,185745408.0,75726848.0,70651904.0,187420672.0,158429184.0,49397760.0,0.21293783043806647,0.05952623155381945,0.04742092556423611,0.15376790364583331,0.06268988715277778,0.05848863389756945,0.15515475802951387,0.10250328612618724,0.0408935546875,0.007121507707129081,0.013107495667244307,0.24070796460176994,0.0005950240188525277,0.0035133928571428573,0.0010651376146789023,0.0004075393996882271,0.008400319361277374,0.00033657407407407084,88.88888888888887,154.66666666666666,4.822222222222222,493.0666666666666,4.977777777777777,4.777777777777777,852.2125744444444,111.79999999999998,42.44444444444444
1.0,1.0,1.0,2.0,1.0,1.0,4.0,2.0,1.0,0.1407632666666681,0.18895410000000085,0.2079813333333315,0.22650719999999847,0.022557566666666654,0.00913643333333359,0.618504599999997,0.16112500000000018,0.049859766666667346,0.0612014202898557,0.0821539565217395,0.09453696969696886,0.10295781818181747,0.010253439393939388,0.004152924242424358,0.28113845454545316,0.07323863636363644,0.02266353030303061,40366080.0,75399168.0,59191296.0,183914496.0,78602240.0,70782976.0,191250432.0,156049408.0,48734208.0,0.029075599509063445,0.062418619791666664,0.049001057942708336,0.152252197265625,0.06507025824652778,0.05859714084201389,0.1583251953125,0.10096357700135686,0.04034423828125,0.009556098901098882,0.009118131868131764,0.2413373015873016,0.0005236428571428593,0.002330384615384621,0.0010561538461538406,0.00043916377668148384,0.010393398717465141,0.00045595000000000254,39.199999999999996,161.86666666666665,5.666666666666666,498.311111111111,5.777777777777777,5.71111111111111,912.2666666666665,117.15555555555554,44.93333333333333
1.0,1.0,1.0,2.0,1.0,1.0,4.0,2.0,1.0,0.00469126666666663,0.28647073333333234,0.182342566666667,0.22921413333333052,0.014890733333333135,0.012190766666666282,0.5379192333333348,0.2196926333333311,0.0537368666666661,0.002039681159420274,0.12455249275362276,0.082882984848485,0.10418824242424113,0.006768515151515061,0.0055412575757574,0.24450874242424306,0.09986028787878687,0.024425848484848224,40620032.0,75202560.0,59498496.0,185987072.0,78929920.0,69607424.0,194158592.0,153501696.0,48861184.0,0.029258520581570996,0.062255859375,0.04925537109375,0.1539679633246528,0.0653415256076389,0.057623969184027776,0.1607326931423611,0.09931521370420623,0.04044935438368055,0.0,0.0019395142022830827,0.27221774193548387,0.00048741682306774266,0.0019961538461538463,0.0010949612403100774,0.000319757153614457,0.005408263100036748,0.0003419146825396813,0.0,167.42222222222222,5.777777777777777,525.0666666666666,5.7333333333333325,5.755555555555555,945.5555555555554,121.55555555555554,45.288888888888884
1.0,1.0,2.0,2.0,1.0,1.0,4.0,2.0,1.0,0.14984256666666623,0.15993709999999814,0.10980596666666619,0.3406208666666676,0.02438793333333251,0.00721399999999998,0.5692354999999983,0.21458230000000023,0.0437106,0.06514894202898533,0.06953786956521658,0.049911803030302807,0.15482766666666709,0.011085424242423867,0.0032790909090909,0.2587434090909083,0.09753740909090919,0.019868454545454543,295055360.0,75661312.0,106958848.0,188555264.0,78905344.0,70221824.0,195657728.0,153829376.0,47857664.0,0.21252773319486404,0.06263563368055555,0.08854505750868055,0.1560940212673611,0.06532118055555555,0.05813259548611111,0.16197374131944445,0.09952722184531887,0.039618598090277776,0.04223265832106039,0.005698963041744114,0.1723990961497477,0.0006086859305125593,0.0025451999999999827,0.0011507874015748002,0.0004012231404958679,0.008334347345132711,0.00047659045725646207,48.75555555555555,166.34773925925924,5.529425185185185,513.5776466666666,5.596091851851852,5.618314074074074,935.5371103703702,120.46666666666665,44.23662814814814
1.0,1.0,2.0,2.0,1.0,1.0,4.0,2.0,1.0,0.1694160666666676,0.1952365666666689,0.20689050000000145,0.28819816666666703,0.023997900000000526,0.014588366666666748,0.6840107666666657,0.3227544666666688,0.06252519999999985,0.07365915942029026,0.08488546376811693,0.09404113636363702,0.13099916666666683,0.010908136363636602,0.006631075757575794,0.3109139848484843,0.14670657575757673,0.028420545454545386,338780160.0,75636736.0,111493120.0,186580992.0,79077376.0,71159808.0,194998272.0,153538560.0,48631808.0,0.24402261140483383,0.06261528862847222,0.09229871961805555,0.15445963541666669,0.0654635959201389,0.058909098307291664,0.16142781575520834,0.09933906462008141,0.040259467230902776,0.004513488260661251,0.019038355988715092,0.20148226950354609,0.0006943643140750352,0.0027230496453900504,0.0010465277777777701,0.0003887338009196898,0.018309558555271856,0.0003498161764705919,92.75555555555555,172.37777777777777,6.31111111111111,540.4666666666666,6.3999999999999995,6.333333333333332,952.4888888888888,121.4222222222222,47.71111111111111
1.0,1.0,2.0,2.0,1.0,1.0,4.0,2.0,1.0,0.004250099999999672,0.26199380000000094,0.22292666666666427,0.325999533333336,0.0353904,0.022377066666666678,0.7239821666666644,0.2773870666666672,0.03152206666666662,0.0018478695652172487,0.11391034782608737,0.10133030303030194,0.14818160606060726,0.016086545454545454,0.010171393939393944,0.3290828030303019,0.12608503030303053,0.0143282121212121,41558016.0,76046336.0,108167168.0,199073792.0,73740288.0,71458816.0,192430080.0,153812992.0,48021504.0,0.02993414841389728,0.0629543728298611,0.08954535590277778,0.1648017035590278,0.061045328776041664,0.05915662977430555,0.1593017578125,0.09951662143826323,0.039754231770833336,0.0,0.0056651554071408755,0.1783978102189781,0.000601373603640875,0.002195918367346934,0.001129452054794518,0.0003607475994513042,0.007152449414270495,0.0006150045330915655,0.0,172.8222222222222,5.977777777777777,536.8888888888888,5.977777777777777,6.022222222222222,974.5777777777777,125.39999999999998,48.57777777777777
1.0,1.0,2.0,2.0,1.0,1.0,4.0,2.0,1.0,0.005085433333332882,0.1091545999999994,0.17234363333333189,0.2916200666666654,0.01657806666666583,0.014102666666666626,0.5227648666666658,0.24548796666666797,0.037573033333333686,0.0022110579710142965,0.04745852173913018,0.07833801515151448,0.13255457575757518,0.007535484848484467,0.006410303030303011,0.23762039393939355,0.11158543939393999,0.017078651515151675,38494208.0,75501568.0,104890368.0,205783040.0,73773056.0,69578752.0,190595072.0,152100864.0,48648192.0,0.02772729418429003,0.0625033908420139,0.08683268229166666,0.1703559027777778,0.061072455512152776,0.05760023328993055,0.1577826605902778,0.09840887890094979,0.040273030598958336,0.0,0.020649931693988967,0.17762698412698413,0.0005398600174978179,0.002603937007873993,0.0011076335877862622,0.0005185265149677358,0.021199680930931112,0.00048026838966202915,0.0,161.2222222222222,5.644444444444444,505.28888888888883,5.688888888888888,5.644444444444444,909.8888888888888,117.26666666666665,43.68888888888888
1.0,1.0,2.0,2.0,1.0,1.0,4.0,2.0,1.0,0.006487766666667009,0.23296306666666547,0.1867470333333358,0.31908563333333007,0.02084576666666654,0.01308080000000018,0.6423132000000014,0.25303559999999786,0.05387393333333345,0.002820768115942178,0.10128828985507195,0.08488501515151628,0.14503892424242276,0.009475348484848427,0.005945818181818263,0.2919605454545461,0.11501618181818084,0.024488151515151567,38494208.0,71168000.0,104542208.0,192438272.0,74100736.0,69758976.0,182390784.0,149766144.0,52973568.0,0.02772729418429003,0.05891587999131945,0.0865444607204861,0.1593085394965278,0.06134372287326389,0.057749430338541664,0.15099080403645834,0.09689832089552239,0.043853759765625,0.0,0.0018146572419312343,0.14792910447761193,0.0005805772164773752,0.0019702898550725007,0.0010616788321167936,0.0003330989620701199,0.005962472035794142,0.00042776190476190534,0.0,165.79999999999998,5.977777777777777,522.0666666666666,6.044444444444444,5.9111111111111105,930.2444444444443,118.86666666666665,46.199999999999996
1.0,1.0,2.0,2.0,1.0,1.0,4.0,2.0,1.0,0.22829169999999976,0.21378840000000232,0.17144329999999808,0.30721373333333635,0.03299753333333323,0.01775796666666641,0.461319766666665,0.16881233333333512,0.02339453333333381,0.09925726086956513,0.0929514782608706,0.07792877272727183,0.1396426060606074,0.01499887878787874,0.008071803030302914,0.20969080303030227,0.0767328787878796,0.010633878787879004,299507712.0,71151616.0,105873408.0,196378624.0,74518528.0,74199040.0,185405440.0,148856832.0,53792768.0,0.21573475264350453,0.05890231662326389,0.087646484375,0.1625705295138889,0.06168958875868055,0.061425103081597224,0.15348646375868058,0.09630999830393487,0.044531928168402776,0.02857528768699655,0.0186481502890174,0.1850932938509275,0.0006281574354734902,0.0019762295081967095,0.0010650862068965455,0.00038794491814443476,0.012784610778443188,0.00042103049421661747,67.17777777777778,152.88899358490005,4.888941236894479,479.7113076630566,5.044496792450034,4.9556079035611456,867.8668108706065,110.99999999999999,41.40010469601118
1.0,1.0,2.0,2.0,1.0,1.0,4.0,2.0,1.0,0.1881987,0.12260336666666945,0.264777266666668,0.23377156666666726,0.01996493333333357,0.012421766666666657,0.4543853000000027,0.16228083333333293,0.040163166666667395,0.08182552173913044,0.05330581159420411,0.12035330303030364,0.1062598030303033,0.009074969696969803,0.005646257575757571,0.20653877272727392,0.07376401515151496,0.018255984848485177,39645184.0,70815744.0,109088768.0,194379776.0,75685888.0,73285632.0,187146240.0,149245952.0,53481472.0,0.028556339690332326,0.058624267578125,0.09030829535590279,0.1609157986111111,0.0626559787326389,0.0606689453125,0.15492757161458334,0.0965617579715061,0.044274224175347224,0.007746636993076151,0.021124104372355387,0.17864598540145984,0.0005442831133363735,0.002078368794326236,0.001066666666666669,0.00045860728172499087,0.012897940368772048,0.0004219095477386908,45.08888888888888,156.55555555555554,6.088888888888889,485.99999999999994,6.244444444444444,6.066666666666666,873.511111111111,111.99999999999999,43.822222222222216
1.0,1.0,2.0,2.0,1.0,1.0,4.0,2.0,1.0,0.0060258000000014056,0.27429140000000035,0.22026150000000086,0.24337383333333568,0.023818566666666166,0.014731466666666885,0.565149866666664,0.274930399999999,0.05302276666666709,0.002619913043478872,0.11925713043478277,0.10011886363636402,0.11062446969697076,0.010826621212120984,0.006696121212121311,0.2568863030303018,0.1249683636363632,0.024101257575757765,40103936.0,69914624.0,110927872.0,204443648.0,75710464.0,73584640.0,188387328.0,150810624.0,54173696.0,0.028886777756797582,0.05787828233506945,0.0918307834201389,0.1692470974392361,0.06267632378472222,0.06091647677951389,0.15595499674479166,0.09757409684531887,0.04484727647569445,0.0,0.01840104408352652,0.19087132352941175,0.0005562853310338194,0.0028838345864661327,0.0010522388059701494,0.00037527217377844114,0.014274337881219937,0.00062796019900497,0.0,152.2,5.955555555555555,463.9777777777777,5.9111111111111105,5.866666666666666,848.7777777777777,109.26666666666665,43.8
1.0,1.0,2.0,2.0,1.0,1.0,4.0,2.0,1.0,0.006935533333332463,0.11725653333333336,0.1809794333333341,0.2718578333333345,0.016791366666666363,0.011995866666666662,0.4696476333333365,0.15060276666666492,0.043055700000000266,0.0030154492753619406,0.050981101449275375,0.08226337878787912,0.12357174242424296,0.007632439393939255,0.005452666666666664,0.21347619696969838,0.06845580303030223,0.019570772727272846,40456192.0,70098944.0,108355584.0,201457664.0,75776000.0,72491008.0,189792256.0,152141824.0,49831936.0,0.029140506986404833,0.05803087022569445,0.08970133463541666,0.1667751736111111,0.06273057725694445,0.06001112196180555,0.15711805555555555,0.09843537991858888,0.041252983940972224,0.0,0.04433055309734546,0.14883246753246754,0.0006553634305834955,0.0018860655737704798,0.0011212121212120937,0.00038775708623139645,0.018877299880525812,0.00029753199268738246,0.0,100.99999999999999,3.9111111111111105,353.5333333333333,2.9555555555555553,2.9111111111111105,604.8444444444443,74.19999999999999,24.999999999999996
1.0,1.0,2.0,2.0,1.0,1.0,4.0,2.0,1.0,0.006869766666666995,0.17018686666666175,0.14255226666666895,0.2638200333333344,0.024917133333333178,0.013590700000000311,0.48568973333333265,0.15013976666666906,0.040105733333333164,0.0029868550724639112,0.07399428985507032,0.06479648484848588,0.11991819696969747,0.011325969696969626,0.00617759090909105,0.22076806060606027,0.06824534848484956,0.018229878787878708,38703104.0,73973760.0,112222208.0,201322496.0,75788288.0,72695808.0,190070784.0,153513984.0,51834880.0,0.02787776151812689,0.061238606770833336,0.09290228949652778,0.1666632758246528,0.0627407497829861,0.0601806640625,0.1573486328125,0.09932316400949796,0.04291110568576389,0.0,0.016375468164794137,0.1533564356435643,0.0004896221248630819,0.002968571428571366,0.0010564356435643456,0.0002710642679750432,0.009518474088291692,0.0002799247176913407,0.0,128.9333333333333,4.466666666666666,402.17777777777775,4.555555555555555,4.555555555555555,731.6222222222221,93.17777777777776,35.48888888888889
1.0,1.0,2.0,2.0,1.0,1.0,4.0,2.0,1.0,0.004275666666666211,0.1397391333333341,0.1933646666666668,0.24730193333333356,0.02231273333333282,0.013303766666666661,0.43873573333333504,0.17116529999999888,0.048851833333333164,0.0018589855072461787,0.060756144927536566,0.08789303030303036,0.1124099696969698,0.010142151515151281,0.006047166666666663,0.19942533333333412,0.07780240909090858,0.022205378787878708,38707200.0,74768384.0,109629440.0,199168000.0,75812864.0,73605120.0,189919232.0,154169344.0,52142080.0,0.027880711858006044,0.061896430121527776,0.0907558865017361,0.1648796929253472,0.06276109483506945,0.060933430989583336,0.1572231716579861,0.09974718029172319,0.04316541883680555,0.0,0.019589809274495214,0.1610483870967742,0.0004800531257721812,0.002205376344086045,0.0010573684210526393,0.00030656068217874117,0.008077439339184547,0.0003814765100671102,0.0,117.82222222222221,4.111111111111111,356.42222222222216,4.199999999999999,4.044444444444444,669.2666666666667,85.84444444444443,32.77777777777777
1.0,1.0,2.0,2.0,1.0,1.0,4.0,2.0,1.0,0.07691329999999917,0.14888930000000375,0.13004636666666727,0.19129026666666582,0.020582900000000372,0.015106433333333768,0.2799566999999968,0.17320376666666656,0.037796499999999844,0.033440565217390944,0.0647344782608712,0.059111984848485115,0.08695012121212081,0.009355863636363804,0.006866560606060804,0.12725304545454397,0.0787289848484848,0.017180227272727205,156327936.0,74633216.0,109563904.0,197459968.0,75833344.0,73949184.0,187842560.0,151068672.0,46182400.0,0.11260267182779456,0.06178453233506945,0.0907016330295139,0.16346571180555555,0.0627780490451389,0.06121826171875,0.15550401475694445,0.09774105325644505,0.038231743706597224,0.0,0.012741616526273347,0.12995121951219513,0.00044881238155400485,0.002348369565217383,0.0010252747252747372,0.0003754570383912261,0.007248293891029118,0.0002865660919540267,0.0,110.15555555555554,3.9111111111111105,348.71111111111105,3.9777777777777774,3.8666666666666663,626.3555555555555,79.79999999999998,30.71111111111111
1.0,1.0,2.0,2.0,1.0,1.0,4.0,2.0,1.0,0.16113886666666608,0.154720999999995,0.16172693333333257,0.18237203333333413,0.0218686999999998,0.012140100000000112,0.4265548333333337,0.1182765666666673,0.047038600000000014,0.07006037681159395,0.06726999999999783,0.07351224242424206,0.08289637878787914,0.00994031818181809,0.005518227272727324,0.1938885606060608,0.05376207575757604,0.021381181818181823,287346688.0,74756096.0,107212800.0,197742592.0,74498048.0,74518528.0,185233408.0,151310336.0,47550464.0,0.20697519354229607,0.06188625759548611,0.08875528971354166,0.1636996799045139,0.06167263454861111,0.06168958875868055,0.1533440483940972,0.0978974092605156,0.03936428493923611,0.020938397790055255,0.012036632390745738,0.14482467532467533,0.0004467323306269201,0.0019794117647058823,0.00296470588235292,0.00028372003687768905,0.006779753888422542,0.0002699697428139194,42.822222222222216,101.79999999999998,3.5111111111111106,327.13333333333327,3.5555555555555554,3.4444444444444438,573.9547457150052,73.35474571500525,28.555555555555554
1.0,1.0,2.0,2.0,1.0,1.0,4.0,2.0,1.0,0.09537479999999997,0.16659230000000208,0.0750870333333348,0.1813537666666671,0.020258633333332908,0.017754166666667005,0.46295186666666505,0.20159566666666914,0.03667013333333292,0.04146730434782608,0.0724314347826096,0.03413046969697037,0.0824335303030305,0.009208469696969503,0.008070075757575911,0.2104326666666659,0.09163439393939506,0.016668242424242235,322592768.0,72265728.0,107909120.0,198324224.0,74498048.0,74248192.0,185573376.0,151478272.0,47439872.0,0.23236286820241692,0.059824625651041664,0.08933173285590278,0.1641811794704861,0.06167263454861111,0.06146579318576389,0.15362548828125,0.09800606343283583,0.03927273220486111,0.0025584712371946278,0.0015914410480348555,0.13537654320987652,0.00037440435201762783,0.002703571428571498,0.0010487951807228828,0.00032048555530147203,0.0047120215311006524,0.0002795208655332281,56.822222222222216,101.39999999999999,3.4666666666666663,317.5555555555555,3.5777777777777775,3.4666666666666663,575.711111111111,73.62222222222222,28.84444444444444
1.0,1.0,2.0,2.0,1.0,1.0,3.0,2.0,1.0,0.04067176666666607,0.10998493333333197,0.1196191999999982,0.17595033333333182,0.010498499999999921,0.011542100000000251,0.24243673333333504,0.12469440000000276,0.02773803333333452,0.017683376811593945,0.04781953623188347,0.05437236363636282,0.07997742424242354,0.004772045454545419,0.005246409090909204,0.11019851515151591,0.05667927272727398,0.012608196969697507,40701952.0,73928704.0,110911488.0,198877184.0,76595200.0,72708096.0,143511552.0,153075712.0,49643520.0,0.02931752737915408,0.06120130750868055,0.09181722005208333,0.1646389431423611,0.06340874565972222,0.060190836588541664,0.118804931640625,0.09903960312075985,0.041097005208333336,0.020325450450450484,0.02697016171100649,0.15788461538461537,0.0005616379310344734,0.001979824561403547,0.001011206896551749,0.00044631440731685056,0.007565890308039164,0.0004068862275449144,10.266666666666666,84.93333333333332,2.4,263.9333333333333,2.5111111111111106,2.4666666666666663,489.28888888888883,62.33333333333332,21.488888888888887
1.0,1.0,2.0,2.0,1.0,1.0,3.0,2.0,1.0,0.004703733333332139,0.1617977666666699,0.08675016666666788,0.1527021999999969,0.023845799999999903,0.01155539999999983,0.2841644000000002,0.08388156666666285,0.035000499999999116,0.002045101449274843,0.07034685507246519,0.03943189393939449,0.0694100909090895,0.010838999999999955,0.005252454545454468,0.12916563636363645,0.038127984848483114,0.015909318181817778,40906752.0,73912320.0,110723072.0,203694080.0,76955648.0,72806400.0,147054592.0,153604096.0,49815552.0,0.029465044373111784,0.061187744140625,0.09166124131944445,0.16862657335069442,0.06370713975694445,0.060272216796875,0.1217380099826389,0.09938146624830393,0.041239420572916664,0.0,0.01288091206990737,0.13783834586466165,0.00028287894375856725,0.0026931818181818185,0.0011155737704917914,0.0003226436892269139,0.00561793806646523,0.0003100389863547815,0.0,81.46666666666665,2.8,256.4222222222222,2.7555555555555555,2.7777777777777777,465.1111111111111,59.17777777777777,22.71111111111111
1.0,1.0,1.0,2.0,1.0,1.0,3.0,2.0,1.0,0.0050759333333322346,0.14207746666666785,0.09264673333333348,0.17541523333333184,0.012686466666666736,0.013677733333333227,0.2985037666666661,0.18343843333333326,0.0314455999999988,0.002206927536231407,0.06177281159420341,0.04211215151515158,0.07973419696969627,0.005766575757575789,0.006217151515151466,0.13568353030303004,0.08338110606060603,0.014293454545454,37150720.0,72572928.0,56233984.0,198664192.0,77094912.0,72036352.0,148905984.0,151314432.0,49090560.0,0.026759582703927493,0.060078938802083336,0.04655287000868055,0.1644626193576389,0.06382242838541667,0.05963473849826389,0.12327067057291666,0.09790005936227951,0.040639241536458336,0.0,0.009799012279764784,0.1645,0.0004650985962566931,0.002661206896551762,0.001049137931034489,0.00023232844297207218,0.005947224278312154,0.0002956751054852352,0.0,83.31068447288699,2.5555377789628837,265.90979268048795,2.5777777777777775,2.511111111111111,472.0422742187557,60.77744150389973,21.444362968394696
1.0,1.0,1.0,2.0,1.0,1.0,3.0,2.0,1.0,0.008062633333332769,0.15101176666667016,0.1304807333333353,0.19924856666666435,0.019878033333333177,0.011600766666666592,0.33353569999999877,0.12932749999999943,0.03119630000000105,0.0035054927536229434,0.06565728985507399,0.05930942424242513,0.09056753030302923,0.009035469696969625,0.005273075757575723,0.15160713636363576,0.058785227272727,0.01418013636363684,37150720.0,72839168.0,56786944.0,202403840.0,74629120.0,72331264.0,148193280.0,149647360.0,49152000.0,0.026759582703927493,0.06029934353298611,0.04701063368055555,0.16755845811631942,0.06178114149305555,0.05987887912326389,0.1226806640625,0.09682146794436908,0.040690104166666664,0.0,0.010291489912053808,0.14996376811594203,0.00036563444108761526,0.0019617647058823746,0.0011375000000000053,0.0002827001726801784,0.006109256611865268,0.0002236413043478142,0.0,86.08888888888887,3.0666666666666664,266.9111111111111,3.133333333333333,3.133333333333333,492.19999999999993,64.15555555555555,24.93333333333333
1.0,1.0,1.0,2.0,1.0,1.0,3.0,1.0,1.0,0.006475700000000491,0.10302416666666735,0.06543830000000146,0.13340283333333122,0.023751166666666754,0.011247966666666779,0.32088629999999796,0.1222911999999989,0.038185866666666846,0.0028155217391306483,0.04479311594202928,0.02974468181818248,0.060637651515150555,0.010795984848484886,0.0051127121212121715,0.14585740909090816,0.05558690909090859,0.017357212121212204,38592512.0,72200192.0,55947264.0,200318976.0,76214272.0,74981376.0,148877312.0,78753792.0,48914432.0,0.027798102341389727,0.05977037217881945,0.046315511067708336,0.16583251953125,0.06309339735243055,0.06207275390625,0.12324693467881945,0.050953506614654004,0.04049343532986111,0.0,0.009180754352030942,0.1712530864197531,0.000566293684855923,0.0019088235294117649,0.0010247126436781359,0.00022464806227227228,0.014171145087833322,0.00035766062602965166,0.0,94.93333333333332,3.733333333333333,293.1111111111111,3.7555555555555555,3.733333333333333,542.8444444444443,69.82222222222221,27.555555555555554
1.0,1.0,1.0,2.0,1.0,1.0,2.0,1.0,1.0,0.126725833333334,0.09957566666666935,0.10541606666666514,0.2268866666666677,0.022998966666666357,0.008494599999999745,0.4103767666666679,0.1556463000000008,0.045005166666667644,0.0550981884057974,0.0432937681159432,0.04791639393939325,0.10313030303030349,0.010454075757575615,0.0038611818181817016,0.18653489393939449,0.07074831818181854,0.020456893939394382,232579072.0,71700480.0,56725504.0,201089024.0,76324864.0,75227136.0,98119680.0,83652608.0,49356800.0,0.16752619901812688,0.059356689453125,0.046959771050347224,0.1664699978298611,0.06318495008680555,0.062276204427083336,0.08122762044270834,0.054123028324287656,0.04085964626736111,0.0,0.017283133802817034,0.26904090909090905,0.0004960748516659,0.001935964912280676,0.002724561403508743,0.0007526895998023713,0.039216858789625365,0.0002347117794486207,0.0,129.46666666666664,5.066666666666666,396.3111111111111,5.044444444444444,4.955555555555556,724.5999999999999,93.42222222222222,35.577777777777776
1.0,1.0,1.0,2.0,1.0,1.0,3.0,1.0,1.0,0.21222510000000055,0.25819626666666406,0.1056271666666665,0.28987493333333325,0.029810800000000387,0.015517699999999952,0.4577690999999987,0.24042393333333317,0.05547929999999989,0.0922717826086959,0.11225924637681046,0.04801234848484841,0.13176133333333329,0.013550363636363813,0.007053499999999977,0.20807686363636305,0.10928360606060598,0.025217863636363583,328175616.0,72208384.0,56922112.0,205434880.0,76529664.0,74735616.0,143200256.0,78737408.0,49086464.0,0.23638418145770393,0.059777153862847224,0.04712253146701389,0.1700676812065972,0.0633544921875,0.061869303385416664,0.11854722764756945,0.05094290620759837,0.04063585069444445,0.004665656565656566,0.005902804842042777,0.21338524590163935,0.0005752135521643195,0.0020031250000000114,0.0010949218750000115,0.0006131758037761908,0.020922453889334627,0.00037071651090342486,87.46666666666665,153.8222222222222,5.777777777777777,472.11111111111103,5.71111111111111,5.822222222222221,842.9841027777777,111.51111111111109,43.8
1.0,1.0,1.0,2.0,1.0,1.0,3.0,2.0,1.0,0.044539866666665755,0.191889199999999,0.10150586666666944,0.1420048666666645,0.012942200000000525,0.014887200000000196,0.5500409999999976,0.11226949999999836,0.04048216666666538,0.01936515942028946,0.08343008695652132,0.04613903030303156,0.06454766666666568,0.00588281818181842,0.006766909090909179,0.25001863636363525,0.051031590909090166,0.018400984848484264,40812544.0,71929856.0,60096512.0,202891264.0,76226560.0,75190272.0,145707008.0,152465408.0,49197056.0,0.029397186555891238,0.059546576605902776,0.049750434027777776,0.1679619683159722,0.06310356987847222,0.062245686848958336,0.12062242296006945,0.09864473795793759,0.04072740342881945,0.019901090342679124,0.016460888452914803,0.24252000000000004,0.0006369837296620761,0.002041935483871003,0.0011275999999999769,0.0005509287695660792,0.012091837891884394,0.00032372116349046597,14.288888888888888,158.73333333333332,5.466666666666666,498.68888888888887,5.533333333333333,5.622222222222222,898.6495188888888,111.60507444444443,43.73333333333333
1.0,1.0,2.0,2.0,1.0,1.0,4.0,2.0,1.0,0.006461199999999205,0.29037153333332905,0.1737478666666675,0.24903083333333126,0.030654133333333295,0.017688200000000147,0.5645311666666676,0.2175019666666657,0.056382600000000595,0.0028092173913040024,0.12624849275362132,0.0789763030303034,0.11319583333333237,0.013933696969696952,0.008040090909090976,0.2566050757575762,0.09886453030302986,0.025628454545454815,38883328.0,71946240.0,109637632.0,207429632.0,76337152.0,72646656.0,193277952.0,152920064.0,49840128.0,0.02800757647280967,0.059560139973958336,0.0907626681857639,0.1717190212673611,0.06319512261284722,0.060139973958333336,0.160003662109375,0.09893889925373134,0.041259765625,0.0,0.0065483245572045415,0.18796799358918448,0.0006853065062053369,0.002371103896103859,0.0011094936708860713,0.0005275490092525991,0.009997240581626033,0.0005544650751547355,0.0,186.56690555555554,6.5501194444444435,591.9525977777777,6.7278972222222215,6.683452777777777,1031.9357746296296,134.66666666666666,51.12246111111111
1.0,1.0,2.0,2.0,1.0,1.0,4.0,2.0,1.0,0.005287566666667468,0.3156304999999975,0.151547600000002,0.33060713333333547,0.023536466666665964,0.008681666666666388,0.6040510333333339,0.2543853999999972,0.05248156666666546,0.002298942028985856,0.13723065217391195,0.06888527272727363,0.15027596969697066,0.010698393939393619,0.003946212121211995,0.27456865151515175,0.11562972727272598,0.023855257575757027,38895616.0,71909376.0,113713152.0,203165696.0,76328960.0,71696384.0,195104768.0,153309184.0,49709056.0,0.028016427492447128,0.059529622395833336,0.09413655598958334,0.1681891547309028,0.06318834092881945,0.05935329861111111,0.16151597764756945,0.09919065892130258,0.04115125868055555,0.0,0.009398640632723627,0.17616228070175438,0.0007045084558242472,0.001989655172413818,0.0010641592920353662,0.0005021035314761994,0.01046960217613063,0.00044930037313432126,0.0,178.02222222222218,4.999999999999999,562.0444444444444,5.022222222222222,4.955555555555556,1011.3999999999999,129.15555555555554,47.37777777777777
1.0,1.0,2.0,2.0,1.0,1.0,4.0,2.0,1.0,0.0059035666666659384,0.22137983333333675,0.22915043333333324,0.4230475333333307,0.023717266666667076,0.012536733333333435,0.5907759666666639,0.19633700000000118,0.05525649999999965,0.0025667681159417125,0.09625210144927686,0.10415928787878782,0.19229433333333212,0.010780575757575944,0.0056985151515151974,0.26853453030302904,0.08924409090909144,0.02511659090909075,38907904.0,71282688.0,110714880.0,209498112.0,76365824.0,71782400.0,191401984.0,152227840.0,47558656.0,0.02802527851208459,0.059010823567708336,0.09165445963541666,0.173431396484375,0.06321885850694445,0.059424506293402776,0.1584506564670139,0.09849103205563094,0.03937106662326389,0.0,0.022588687436159147,0.20208955223880595,0.0007200866937087377,0.00215077519379854,0.0018216535433071036,0.000454112157878287,0.015655810123505715,0.0004007115749525637,0.0,176.46666666666664,6.022222222222221,564.0888888888888,5.933333333333333,6.0666666666666655,995.5534134761385,126.82008014280528,47.62222222222221
1.0,1.0,2.0,2.0,1.0,1.0,4.0,2.0,1.0,0.005235366666666626,0.17059900000000047,0.228153933333333,0.36448190000000313,0.020560733333333775,0.015182066666667045,0.6698087000000049,0.2725834000000016,0.05856673333333333,0.0022762463768115767,0.07417347826086977,0.10370633333333318,0.16567359090909234,0.00934578787878808,0.006900939393939566,0.3044585000000022,0.12390154545454615,0.02662124242424242,38907904.0,71266304.0,113020928.0,213114880.0,72826880.0,70615040.0,196386816.0,156950528.0,47005696.0,0.02802527851208459,0.058997260199652776,0.0935635036892361,0.1764255099826389,0.06028917100694445,0.05845811631944445,0.16257731119791666,0.10154659938941656,0.03891330295138889,0.0,0.010484776536312763,0.20341721854304637,0.0007443898695318509,0.002010526315789464,0.001191666666666676,0.00045546681013077043,0.008459904306220246,0.0004430684699915497,0.0,189.46666666666664,6.599999999999999,569.7777777777777,6.7333333333333325,6.688888888888888,1074.1777777777777,139.04444444444442,52.39999999999999
1.0,1.0,2.0,2.0,1.0,1.0,4.0,2.0,1.0,0.006270433333332903,0.2565419666666609,0.22860256666666778,0.3257464333333322,0.027577499999999113,0.013446833333333075,0.6638147333333324,0.22807896666666871,0.04812720000000089,0.002726275362318654,0.11153998550724388,0.10391025757575807,0.14806656060606005,0.012535227272726868,0.006112196969696852,0.3017339696969693,0.10367225757575849,0.021876000000000402,41086976.0,72650752.0,106917888.0,215150592.0,73007104.0,71114752.0,189706240.0,153591808.0,46018560.0,0.029594859327794563,0.060143364800347224,0.08851114908854166,0.17811075846354169,0.06043836805555555,0.05887179904513889,0.1570468478732639,0.09937351594301222,0.038096110026041664,0.0,0.022280090068736668,0.202825,0.0006646233766233747,0.002147902097902057,0.0010531914893617022,0.0005041574671943334,0.015923401826484045,0.0004629841549295749,0.0,189.66666666666666,5.999999999999999,603.5333333333333,6.155555555555555,6.199999999999999,1068.6666666666665,136.7111111111111,50.133333333333326
1.0,1.0,2.0,2.0,1.0,1.0,4.0,2.0,1.0,0.3050972999999999,0.2704378333333352,0.220428333333336,0.3862046000000011,0.03208513333333372,0.01769723333333341,0.7508033666666702,0.3049053333333364,0.05049850000000144,0.13265099999999996,0.11758166666666749,0.10019469696969818,0.17554754545454598,0.014584151515151689,0.008044196969697003,0.3412742575757592,0.13859333333333473,0.02295386363636429,317980672.0,76050432.0,107737088.0,217944064.0,74457088.0,69951488.0,195424256.0,155631616.0,47452160.0,0.2290407854984894,0.062957763671875,0.08918931749131945,0.1804233127170139,0.061638726128472224,0.05790879991319445,0.16178046332465276,0.10069326662143827,0.039282904730902776,0.00817548767022451,0.01387482781604076,0.1918653846153846,0.0006454468145418405,0.002204838709677419,0.0010967948717948625,0.0006550646594080411,0.016696613788895726,0.0005037037037037037,116.1111111111111,200.06666666666663,6.7333333333333325,628.6666666666666,6.777777777777777,6.777777777777777,1127.7777777777776,144.57777777777775,53.75555555555555
1.0,1.0,2.0,2.0,1.0,1.0,5.0,2.0,1.0,0.031198466666666036,0.2567690333333303,0.2305121333333356,0.3370998333333318,0.026322700000000053,0.01619763333333329,0.684896200000001,0.3151029333333348,0.04620186666666655,0.013564550724637407,0.11163871014492623,0.10477824242424344,0.15322719696969628,0.011964863636363659,0.007362560606060586,0.311316454545455,0.14322860606060672,0.02100084848484843,41467904.0,76492800.0,111173632.0,207695872.0,74526720.0,71376896.0,241942528.0,156471296.0,48308224.0,0.02986924093655589,0.063323974609375,0.09203423394097222,0.1719394259982639,0.061696370442708336,0.059088812934027776,0.20029025607638887,0.10123653748303935,0.03999159071180555,0.0,0.021133714511041155,0.20510614525139664,0.0012139952377968506,0.002271038251366112,0.001105405405405386,0.0005693420467177203,0.023929736408566746,0.0005543523676880319,0.0,225.51238524181318,8.066720002370475,714.8264999432073,8.133333333333333,8.044444444444444,1235.7814762165724,160.9787575744107,63.57806223486475
1.0,2.0,2.0,3.0,1.0,1.0,5.0,2.0,1.0,0.005464833333333748,0.2567954000000024,0.29214586666666587,0.22143539999999953,0.031616999999999965,0.014692033333333162,0.6958740666666705,0.2817514666666677,0.06361223333333328,0.002376014492753804,0.11165017391304453,0.1327935757575754,0.10065245454545432,0.01437136363636362,0.006678196969696891,0.31630639393939564,0.12806884848484895,0.02891465151515149,44011520.0,136970240.0,112238592.0,272121856.0,78880768.0,72663040.0,239697920.0,152469504.0,49479680.0,0.03170140200151057,0.11338975694444445,0.09291585286458334,0.2252739800347222,0.06530083550347222,0.06015353732638889,0.19843207465277776,0.0986473880597015,0.040961371527777776,0.0,0.0052529407164731735,0.17257094594594594,0.0010369489924562736,0.002389102564102592,0.0011183006535947617,0.00036626608564075465,0.006146161971830917,0.0006345175438596463,0.0,172.25580888888888,6.533333333333332,537.9515099999999,6.7333333333333325,6.577777777777777,919.3999999999999,120.33333333333331,48.511111111111106
1.0,2.0,2.0,3.0,1.0,1.0,5.0,2.0,1.0,0.006243933333333492,0.18005200000000607,0.18574830000000042,0.17299719999999727,0.022494066666666868,0.01252759999999995,0.39986430000000434,0.18129226666666654,0.037388299999999694,0.002714753623188475,0.0782834782608722,0.08443104545454565,0.07863509090908967,0.010224575757575849,0.005694363636363613,0.18175650000000193,0.08240557575757569,0.016994681818181676,44208128.0,143372288.0,108969984.0,275173376.0,79360000.0,73080832.0,240570368.0,153845760.0,49565696.0,0.03184301831570997,0.11868964301215279,0.0902099609375,0.22780015733506945,0.06569756401909722,0.06049940321180555,0.1991543240017361,0.09953782225237448,0.04103257921006945,0.0,0.025561501120238916,0.2310898876404494,0.00045403715395823344,0.002981770833333334,0.001116000000000022,0.00024621913580246687,0.005004997437211506,0.00029160206718345397,0.0,116.82222222222221,3.9777777777777774,359.4888888888888,4.199999999999999,3.9111111111111105,659.5777777777777,85.15555555555554,32.888888888888886
1.0,2.0,2.0,3.0,1.0,1.0,5.0,2.0,1.0,0.007240866666666079,0.16996993333333243,0.15517176666666754,0.21749450000000084,0.025444399999999708,0.01601153333333324,0.41442313333332725,0.15718086666666647,0.057749066666665766,0.0031482028985504694,0.07389997101449237,0.07053262121212162,0.09886113636363673,0.01156563636363623,0.007277969696969654,0.18837415151514872,0.07144584848484839,0.026249575757575347,40525824.0,140238848.0,110014464.0,282218496.0,79855616.0,73261056.0,231346176.0,154324992.0,49565696.0,0.029190662764350454,0.11609564887152778,0.09107462565104166,0.23363240559895831,0.06610785590277778,0.060648600260416664,0.19151814778645831,0.09984788415875169,0.04103257921006945,0.0,0.005618663594470193,0.15233333333333332,0.0004554206241519612,0.002025609756097632,0.0010708333333333852,0.00015433085783570798,0.004809982486864825,0.00025937007874015863,0.0,105.39999999999999,3.711111111111111,326.42222222222216,3.666666666666666,3.688888888888888,587.8444444444444,76.17777777777776,27.911111111111108
1.0,2.0,2.0,3.0,1.0,1.0,5.0,2.0,1.0,0.005305133333333364,0.21190289999999917,0.13727963333333382,0.21761943333333472,0.024339266666666505,0.012858666666666352,0.47632263333332836,0.1789700333333305,0.030367433333333336,0.0023065797101449407,0.09213169565217355,0.06239983333333356,0.09891792424242486,0.011063303030302956,0.005844848484848341,0.2165102878787856,0.08135001515151385,0.01380337878787879,40685568.0,140955648.0,110424064.0,275918848.0,79929344.0,71143424.0,231698432.0,154873856.0,49692672.0,0.029305726019637462,0.11668904622395833,0.09141370985243055,0.2284172905815972,0.06616889105902778,0.05889553493923611,0.1918097601996528,0.10020299779511532,0.0411376953125,0.0,0.014422084805653464,0.18733124999999998,0.0004231733994458149,0.0024213414634145815,0.0011512820512820418,0.00019723513011152334,0.00519778708133979,0.00026990740740739846,0.0,100.46666666666665,3.444444444444444,304.5333333333333,3.4888888888888885,3.4222222222222216,575.5111111111111,73.53333333333333,29.24444444444444
1.0,2.0,2.0,3.0,1.0,1.0,5.0,2.0,1.0,0.1270278,0.1545123666666664,0.13541900000000123,0.15428356666666843,0.024202700000000733,0.007813666666666563,0.4302317333333316,0.11084519999999713,0.03544536666666621,0.05522947826086957,0.06717928985507235,0.06155409090909146,0.07012889393939473,0.011001227272727605,0.0035516666666666192,0.19555987878787798,0.05038418181818051,0.016111530303030093,234524672.0,135270400.0,104972288.0,266608640.0,75821056.0,71409664.0,227250176.0,147763200.0,46395392.0,0.16892761046072508,0.11198255750868055,0.08690049913194445,0.2207099066840278,0.06276787651909722,0.05911593967013889,0.18812730577256945,0.09560242113297152,0.03840806749131945,0.060667689530685964,0.009130093002657361,0.14202597402597403,0.0006041138328530197,0.0018789473684210911,0.0010968749999999998,0.00018592503678463822,0.00468781362007156,0.00026492890995261634,7.088888888888889,100.93333333333332,3.4444444444444438,312.2,3.4222222222222216,3.3777777777777773,577.311111111111,74.15555555555554,28.755555555555553
1.0,2.0,2.0,3.0,1.0,1.0,5.0,2.0,1.0,0.161881866666666,0.15453069999999797,0.09165173333333125,0.17286530000000272,0.0107356999999998,0.01684963333333324,0.4246720999999959,0.16067810000000216,0.03555039999999963,0.0703834202898548,0.06718726086956435,0.041659878787877844,0.0785751363636376,0.004879863636363545,0.007658924242424199,0.19303277272727085,0.07303550000000097,0.016159272727272557,307798016.0,141176832.0,108990464.0,280199168.0,77180928.0,72253440.0,234074112.0,151957504.0,52023296.0,0.2217062405589124,0.11687215169270833,0.09022691514756945,0.2319607204861111,0.06389363606770833,0.059814453125,0.19377644856770834,0.09831612533921302,0.043067084418402776,0.0024690675017397276,0.012998747947454987,0.16942073170731706,0.000513155094440024,0.0024579268292682396,0.0010688235294117477,0.00019381376634574065,0.005857231990924702,0.00036373626373625633,63.93333333333332,108.59999999999998,3.6888888888888887,335.3333333333333,3.688888888888888,3.5777777777777775,620.7555555555555,79.13333333333333,29.266666666666662
1.0,2.0,2.0,2.0,1.0,1.0,4.0,2.0,1.0,0.11133836666666638,0.21097633333333454,0.13250666666666386,0.22353239999999913,0.02484893333333294,0.007184966666666526,0.38846779999999936,0.1880106000000012,0.04000360000000001,0.04840798550724626,0.09172884057971067,0.060230303030301746,0.10160563636363597,0.011294969696969517,0.003265893939393875,0.17657627272727244,0.08545936363636418,0.018183454545454548,336322560.0,141643776.0,111419392.0,206565376.0,78430208.0,74166272.0,193400832.0,153776128.0,52580352.0,0.2422524074773414,0.11725870768229166,0.09223768446180555,0.17100355360243055,0.06492784288194445,0.06139797634548611,0.16010538736979169,0.09949277052238806,0.043528238932291664,0.0046310121765601175,0.0054931082330552244,0.1525952380952381,0.00045234578627280575,0.002026744186046461,0.0010691011235955219,0.0002860094030488645,0.005424164810690318,0.0003358955223880532,58.37777777777777,107.64128444444444,4.044444444444444,354.3555555555555,3.9333333333333327,4.111111111111111,616.7333333333332,79.84444444444443,30.22222222222222
1.0,1.0,1.0,2.0,1.0,1.0,3.0,2.0,1.0,0.0050013666666662475,0.1458357000000054,0.15844070000000177,0.1972171666666649,0.02073506666666655,0.01603763333333319,0.3470656333333333,0.18761696666666455,0.04095459999999965,0.0021745072463766296,0.06340682608695887,0.07201850000000079,0.08964416666666586,0.009425030303030248,0.007289833333333268,0.15775710606060603,0.08528043939393842,0.01861572727272711,41066496.0,73945088.0,61112320.0,209534976.0,78766080.0,74637312.0,147787776.0,156876800.0,52899840.0,0.029580107628398793,0.06121487087673611,0.050591362847222224,0.1734619140625,0.06520589192708333,0.061787923177083336,0.122344970703125,0.10149889755766622,0.043792724609375,0.0,0.01596750197316487,0.18150632911392403,0.0004876957218591983,0.0019054216867470054,0.001541071428571394,0.0003597900424018594,0.0063938720173534296,0.0003083090379008587,0.0,114.75555555555555,3.622222222222222,362.2222222222222,3.622222222222222,3.733333333333333,653.1111111111111,83.22222222222221,30.511111111111106
1.0,1.0,1.0,2.0,1.0,1.0,3.0,2.0,1.0,0.004774333333333895,0.18872140000000096,0.09928376666666736,0.19780710000000187,0.02487323333333412,0.014369066666666678,0.3500587333333357,0.17645560000000082,0.047055933333335055,0.0020757971014495197,0.08205278260869607,0.04512898484848516,0.08991231818181902,0.011306015151515508,0.0065313939393939445,0.1591176060606071,0.08020709090909128,0.021389060606061387,41279488.0,73859072.0,62271488.0,213118976.0,79036416.0,75071488.0,149344256.0,157089792.0,49111040.0,0.029733525302114802,0.06114366319444445,0.051550971137152776,0.1764289008246528,0.0654296875,0.06214735243055555,0.12363349066840279,0.10163670284938942,0.040656195746527776,0.0,0.00897067723342947,0.2372525773195876,0.0005542420749279618,0.002878865979381368,0.0010357894736842258,0.00039903286978508457,0.006082569033530749,0.0003099867724867705,0.0,124.13333333333331,4.31111111111111,386.88888888888886,4.31111111111111,4.288888888888888,702.2222222222222,90.93333333333332,33.68888888888888
1.0,1.0,1.0,2.0,1.0,1.0,3.0,2.0,1.0,0.006526166666666692,0.20132539999999607,0.1682346999999974,0.21231653333333422,0.024634666666667235,0.008931233333333448,0.472486933333333,0.15998266666666627,0.04468373333333299,0.0028374637681159534,0.08753278260869395,0.076470318181817,0.09650751515151554,0.011197575757576015,0.004059651515151567,0.21476678787878775,0.07271939393939375,0.02031078787878772,39428096.0,74108928.0,62681088.0,206786560.0,76935168.0,75177984.0,145182720.0,148574208.0,48910336.0,0.02839997167673716,0.061350504557291664,0.051890055338541664,0.17118665907118055,0.063690185546875,0.062235514322916664,0.12018839518229166,0.09612714128222524,0.040490044487847224,0.0,0.02695238557020953,0.17317553191489363,0.00045171699951290187,0.001975531914893586,0.0010792553191489827,0.0004935103244837776,0.008147279094827794,0.0003061345646437985,0.0,113.84444444444443,4.066666666666666,362.13333333333327,4.066666666666666,4.111111111111111,635.2888888888888,82.33333333333333,32.95555555555555
1.0,1.0,1.0,2.0,1.0,1.0,3.0,2.0,1.0,0.006611366666665693,0.17926236666666379,0.09021910000000162,0.22372959999999958,0.018643966666667212,0.013247766666666412,0.4304853666666616,0.1937536999999987,0.05081856666666719,0.0028745072463763886,0.0779401594202886,0.041008681818182555,0.10169527272727252,0.008474530303030551,0.006021712121212005,0.1956751666666644,0.08806986363636304,0.02309934848484872,39452672.0,70373376.0,55402496.0,206196736.0,77058048.0,69976064.0,140083200.0,148914176.0,49790976.0,0.028417673716012084,0.058258056640625,0.04586452907986111,0.17069837782118055,0.06379191080729167,0.057929144965277776,0.115966796875,0.09634709972862958,0.041219075520833336,0.0,0.0018190387481368225,0.18343548387096775,0.0004790379256028056,0.0032639784946236873,0.0010458823529411508,0.00024982453817122427,0.005021247464503055,0.0003867137355584222,0.0,119.86666666666665,3.9999999999999996,369.3111111111111,4.022222222222222,3.977777777777777,674.0444444444444,87.22222222222221,34.33333333333333
1.0,1.0,1.0,2.0,1.0,1.0,3.0,2.0,1.0,0.007903900000000401,0.147798400000003,0.12163780000000012,0.21668566666666605,0.02733310000000036,0.010342233333333202,0.4202707999999973,0.18355186666666534,0.040481266666667653,0.0034364782608697396,0.0642601739130448,0.05528990909090914,0.09849348484848457,0.012424136363636528,0.0047010151515150915,0.19103218181818055,0.08343266666666607,0.018400575757576206,36040704.0,70504448.0,57704448.0,206295040.0,73773056.0,70545408.0,137838592.0,148496384.0,47112192.0,0.025960040596676736,0.05836656358506945,0.047770182291666664,0.1707797580295139,0.061072455512152776,0.058400472005208336,0.1141086154513889,0.096076789348711,0.03900146484375,0.0,0.025710337301587293,0.30339285714285713,0.0005458438925494107,0.0022255681818183306,0.0010808988764045024,0.0004925665758020579,0.008194453596924754,0.00040410764872521657,0.0,111.68888888888887,4.088888888888889,350.1555555555555,3.9999999999999996,4.155555555555555,635.3555555555555,81.46666666666665,30.911111111111108
1.0,1.0,1.0,2.0,1.0,1.0,3.0,2.0,1.0,0.17670793333333373,0.15875696666666955,0.13849343333333006,0.16034546666666832,0.021237966666667298,0.012956966666666857,0.47116616666666766,0.21430133333333382,0.03703143333333401,0.07682953623188424,0.06902476811594328,0.06295156060605911,0.07288430303030378,0.009653621212121499,0.0058895303030303894,0.21416643939393984,0.09740969696969717,0.016832469696970002,299683840.0,71974912.0,56217600.0,208297984.0,75272192.0,71426048.0,140251136.0,151629824.0,48115712.0,0.21586161725830816,0.05958387586805555,0.046539306640625,0.17243787977430558,0.06231350368923611,0.05912950303819445,0.11610582139756943,0.09810411719810042,0.039832221137152776,0.03343703703703704,0.027767871567043648,0.2241768292682927,0.0004652840982967199,0.0028306250000000545,0.0010717948717948532,0.000448239280978343,0.010113082537900006,0.0003016153846153863,38.46666666666666,108.82222222222221,3.5999999999999996,342.3555555555555,3.5777777777777775,3.622222222222222,603.2666666666667,78.28888888888888,28.93333333333333
1.0,1.0,1.0,2.0,1.0,1.0,3.0,2.0,1.0,0.14008153333333362,0.17486176666666325,0.11134789999999839,0.1991655666666664,0.014070566666667143,0.012840633333333547,0.47656866666666814,0.15294046666666644,0.03717856666666724,0.06090501449275376,0.07602685507246229,0.050612681818181085,0.09052980303030292,0.0063957121212123375,0.0058366515151516115,0.21662212121212188,0.06951839393939384,0.016899348484848743,327569408.0,72331264.0,55099392.0,206598144.0,75325440.0,71548928.0,141107200.0,151588864.0,47980544.0,0.2359475311555891,0.05987887912326389,0.045613606770833336,0.17103068033854169,0.062357584635416664,0.05923122829861111,0.11681450737847222,0.09807761618046133,0.03972032335069445,0.0013364769820971866,0.01051254382547699,0.20391463414634145,0.00038791884976240097,0.0025614457831326003,0.0011296511627906722,0.0004883867470695831,0.006300965147453045,0.0003249640287769763,69.42222222222222,115.46666666666665,3.755555555555555,365.8222222222222,3.688888888888888,3.711111111111111,658.7777777777777,83.9111111111111,30.599999999999994
1.0,1.0,1.0,2.0,1.0,1.0,3.0,2.0,1.0,0.004552933333332021,0.12393823333333481,0.12697176666666793,0.21918996666666618,0.025597966666667086,0.013140333333333842,0.44055396666666036,0.2211086333333327,0.039297966666665234,0.0019795362318834877,0.05388618840579775,0.05771443939393996,0.0996318030303028,0.011635439393939583,0.005972878787879019,0.2002518030303001,0.10050392424242395,0.017862712121211467,39796736.0,72331264.0,56848384.0,205746176.0,74977280.0,71344128.0,143216640.0,153018368.0,48406528.0,0.028665502265861027,0.05987887912326389,0.04706149631076389,0.1703253851996528,0.06206936306423611,0.059061686197916664,0.118560791015625,0.09900250169606513,0.04007297092013889,0.0,0.004070728008088853,0.21185046728971965,0.00044015357804161,0.0019547619047618355,0.0010380952380952381,0.0003269448026033055,0.005246431969552862,0.0003691350710900423,0.02222222222222222,128.28888888888886,4.688888888888888,393.3333333333333,4.71111111111111,4.6,716.911111111111,92.44444444444443,36.71111111111111
1.0,1.0,1.0,2.0,1.0,1.0,3.0,2.0,1.0,0.005913533333333968,0.14056959999999585,0.12101246666666536,0.1348315333333346,0.02000690000000039,0.015989700000000086,0.39505963333332944,0.1597912333333369,0.045277466666666065,0.0025711014492756385,0.06111721739130256,0.05500566666666607,0.061287060606061185,0.00909404545454563,0.007268045454545493,0.1795725606060588,0.0726323787878804,0.020580666666666393,37974016.0,71479296.0,56295424.0,207659008.0,75030528.0,71593984.0,143130624.0,152707072.0,48054272.0,0.027352601019637462,0.059173583984375,0.04660373263888889,0.1719089084201389,0.062113444010416664,0.05926852756076389,0.11848958333333334,0.09880109396200815,0.03978135850694445,0.0,0.01701238938053088,0.21297435897435898,0.00043970230862698057,0.0019952054794520747,0.0010479729729729631,0.0003592790716813435,0.00678131377551019,0.0002930578512396712,0.0,94.68888888888888,3.3999999999999995,289.4444444444444,3.3777777777777773,3.355555555555555,537.3555555555555,69.04444444444444,26.577777777777776
1.0,1.0,1.0,2.0,1.0,1.0,3.0,2.0,1.0,0.006112166666666022,0.13071673333333061,0.062088133333334856,0.17497176666666595,0.0228335666666671,0.0072059666666660855,0.2975546666666635,0.07625913333333093,0.016152466666665078,0.002657463768115662,0.056833362318839405,0.02822187878787948,0.07953262121212087,0.010378893939394136,0.00327543939393913,0.1352521212121198,0.034663242424241326,0.00734203030302958,38326272.0,71872512.0,55701504.0,208273408.0,75128832.0,72073216.0,144826368.0,152469504.0,47910912.0,0.027606330249244714,0.059499104817708336,0.046112060546875,0.1724175347222222,0.06219482421875,0.05966525607638889,0.11989339192708334,0.0986473880597015,0.039662679036458336,0.0,0.007063983698420475,0.16186231884057972,0.0003401497504159721,0.002034615384615497,0.0010789855072463345,0.0002907447006322088,0.004860678571428497,0.0003425824175824129,0.0,85.48888888888888,3.0444444444444443,266.88888888888886,3.0444444444444443,3.0444444444444443,478.91111111111104,61.62222222222221,23.999999999999996
1.0,1.0,1.0,2.0,1.0,1.0,3.0,2.0,1.0,0.006070933333332581,0.10562816666667156,0.14483803333333375,0.16215949999999946,0.01587816666666697,0.011517999999999992,0.31253660000000044,0.10378870000000025,0.035746533333334204,0.002639536231883731,0.045925289855074596,0.06583546969696988,0.07370886363636338,0.007217348484848622,0.005235454545454541,0.14206209090909108,0.04717668181818192,0.016248424242424637,36335616.0,71671808.0,54157312.0,201076736.0,73154560.0,71753728.0,139206656.0,149643264.0,46563328.0,0.026172465067975832,0.059332953559027776,0.04483371310763889,0.16645982530381945,0.06056043836805555,0.05940077039930555,0.11524115668402776,0.09681881784260515,0.03854709201388889,0.0,0.02498166760247051,0.17565384615384616,0.0003472810800674966,0.001880769230769231,0.0010338235294117541,0.0004775875835911781,0.0068171516079634335,0.000268537074148282,0.0,78.17777777777776,2.9555555555555553,233.79999999999995,3.0444444444444443,3.0666666666666664,447.17777777777775,57.86666666666666,22.02222222222222
1.0,1.0,1.0,2.0,1.0,1.0,3.0,2.0,1.0,0.005295933333333854,0.07403639999999996,0.10168956666666797,0.15544076666666912,0.01936076666666698,0.017646899999999733,0.2764759999999967,0.13943856666666837,0.027488966666667617,0.002302579710145154,0.03218973913043477,0.04622253030303089,0.07065489393939504,0.008800348484848626,0.00802131818181806,0.12567090909090758,0.06338116666666743,0.01249498484848528,36425728.0,71757824.0,53366784.0,200933376.0,73383936.0,70549504.0,138792960.0,149114880.0,46358528.0,0.02623737254531722,0.05940416124131945,0.044179280598958336,0.16634114583333331,0.060750325520833336,0.058403862847222224,0.11489868164062501,0.09647695471506106,0.03837754991319445,0.0,0.019541592920353987,0.17791538461538464,0.0003655092592592565,0.0019439393939393278,0.0010460937500000114,0.00043696672994305387,0.006112151702786575,0.00015898203592814658,0.0,80.06666666666666,2.8888888888888884,244.28888888888886,2.8666666666666663,2.8888888888888884,447.6222222222222,57.68888888888888,22.377777777777776
1.0,1.0,1.0,2.0,1.0,1.0,3.0,2.0,1.0,0.13541406666666755,0.14155610000000252,0.09349383333333587,0.1100715999999996,0.02204866666666684,0.013386166666666099,0.26536523333332884,0.14162063333333302,0.03556239999999965,0.05887568115942068,0.06154613043478371,0.04249719696969812,0.050032545454545274,0.010022121212121291,0.006084621212120954,0.12062056060605855,0.064373015151515,0.016164727272727112,231374848.0,70541312.0,53567488.0,201203712.0,73478144.0,70836224.0,137736192.0,149467136.0,46342144.0,0.16665879909365558,0.05839708116319445,0.04434543185763889,0.16656494140625,0.060828314887152776,0.05864122178819445,0.11402384440104166,0.09670486346675713,0.03836398654513889,0.0,0.0015169719519171532,0.166044776119403,0.0003142002701138302,0.0031301470588236155,0.0010638461538461763,0.0002805398166271768,0.004874052132701366,0.00020848861283644796,0.0,77.24444444444444,2.9999999999999996,229.28888888888886,2.9111111111111105,2.9777777777777774,430.4888888888888,55.77777777777777,22.04444444444444
1.0,1.0,1.0,2.0,1.0,1.0,3.0,2.0,1.0,0.18841293333333245,0.1275364333333376,0.10352473333333591,0.1579700333333335,0.021940699999999917,0.007506366666667456,0.2432187666666626,0.145110866666667,0.03045093333333284,0.08191866666666629,0.05545062318840766,0.04705669696969814,0.07180456060606069,0.009973045454545417,0.003411984848485207,0.110553984848483,0.06595948484848499,0.013841333333333108,282107904.0,71958528.0,54743040.0,208146432.0,74633216.0,72224768.0,141987840.0,150728704.0,47616000.0,0.203201708836858,0.0595703125,0.045318603515625,0.17231241861979169,0.06178453233506945,0.059790717230902776,0.11754353841145834,0.0975210948100407,0.039418538411458336,0.00243005752636624,0.001546067755596006,0.1645714285714286,0.0003272702456779063,0.0021499999999998543,0.0012090000000000874,0.00024030365414307774,0.004672794117647202,0.0006259569377990291,45.86666666666666,74.99999999999999,2.222222222222222,246.06666666666663,2.222222222222222,2.222222222222222,437.68888888888887,55.73333333333333,19.31111111111111
1.0,1.0,1.0,2.0,1.0,1.0,3.0,1.0,1.0,0.12943909999999997,0.060133633333331694,0.08805510000000065,0.15654710000000022,0.020613599999999604,0.016229100000000093,0.31232566666667105,0.15865356666666533,0.029628333333333028,0.05627786956521738,0.026145057971013783,0.040025045454545743,0.07115777272727283,0.009369818181818,0.007376863636363678,0.14196621212121407,0.07211525757575696,0.013467424242424102,312401920.0,72966144.0,55996416.0,207216640.0,75739136.0,73457664.0,144134144.0,78901248.0,47607808.0,0.22502242258308158,0.060404459635416664,0.046356201171875,0.1715426974826389,0.06270005967881945,0.060811360677083336,0.1193203396267361,0.05104891027815468,0.03941175672743055,0.001182252085264101,0.023657889182057936,0.17688059701492534,0.0003409713894123837,0.0020192307692306574,0.0011242424242424351,0.0002198572508980895,0.02199784671532867,0.00033958724202627665,47.977777777777774,84.44444444444443,3.0222222222222217,260.79999999999995,2.9777777777777774,3.0222222222222217,468.2222222222222,60.7111111111111,24.15555555555555
1.0,1.0,1.0,1.0,1.0,1.0,2.0,1.0,1.0,0.09974906666666736,0.12223546666666607,0.09557993333333267,0.09897286666666408,0.015782799999999497,0.011695499999999963,0.3028769999999952,0.1683069666666673,0.020886666666668437,0.04336915942029016,0.05314585507246351,0.04344542424242394,0.04498766666666549,0.007173999999999771,0.005316136363636347,0.13767136363636143,0.07650316666666696,0.009493939393940198,354123776.0,74342400.0,57397248.0,103571456.0,76181504.0,73953280.0,98385920.0,79257600.0,48742400.0,0.255074584592145,0.061543782552083336,0.047515869140625,0.08574083116319445,0.06306627061631945,0.06122165256076389,0.0814480251736111,0.05127946913161465,0.040351019965277776,0.004862885906040315,0.012464522908785513,0.22333139534883722,0.0006046413502109654,0.0019904761904762426,0.0011006493506493034,0.00045922232182877827,0.0218578809106829,0.00021793400286944777,33.93333333333333,106.79999999999998,3.733333333333333,333.19999999999993,3.622222222222222,3.5999999999999996,606.1111111111111,77.26666666666667,30.955555555555552
1.0,1.0,1.0,1.0,1.0,1.0,3.0,1.0,1.0,0.005890066666669706,0.1615195999999969,0.1442816333333326,0.14699340000000424,0.016596266666667248,0.012200833333332639,0.37295956666666635,0.14722153333333382,0.0409119999999992,0.002560898550725959,0.07022591304347692,0.06558256060606027,0.06681518181818374,0.007543757575757839,0.0055458333333330175,0.16952707575757558,0.066918878787879,0.018596363636363272,40407040.0,74674176.0,58593280.0,107536384.0,76271616.0,74121216.0,143355904.0,79781888.0,49385472.0,0.029105102907854986,0.061818440755208336,0.04850599500868055,0.0890231662326389,0.063140869140625,0.061360677083333336,0.11867607964409721,0.051618682157394846,0.040883382161458336,0.0,0.004558569962367575,0.22368269230769233,0.00043549124567859025,0.002150480769230783,0.0011052380952381229,0.0005283736069654291,0.011110721017907721,0.000509853121175023,0.0,129.9333333333333,4.644444444444444,404.5333333333333,4.6,4.7333333333333325,726.2941933333333,95.06666666666665,36.77777777777777
1.0,1.0,1.0,2.0,1.0,1.0,3.0,1.0,1.0,0.008870866666666189,0.15282310000000052,0.18179753333333412,0.24564294737666803,0.02533369999999972,0.015408866666666654,0.3332175999999973,0.18374700000000152,0.046882133333332375,0.00385689855072443,0.06644482608695675,0.08263524242424278,0.1118524696969703,0.011515318181818054,0.007004030303030297,0.1514625454545442,0.08352136363636432,0.02131006060606017,40439808.0,73957376.0,55541760.0,168800256.0,74731520.0,73322496.0,144642048.0,80285696.0,49414144.0,0.029128705626888216,0.061225043402777776,0.045979817708333336,0.139739990234375,0.061865912543402776,0.060699462890625,0.11974080403645834,0.05194464467435549,0.04090711805555555,0.0,0.023370497427101178,0.2639320388349515,0.0016118370277673144,0.0020115384615385034,0.001056862745098032,0.000328458619000982,0.03983079439252354,0.00025850801479654703,0.0,127.93333333333331,4.444444444444444,369.20426222222216,4.622222222222222,4.466666666666666,721.6888888888888,93.08888888888887,35.577777777777776
1.0,1.0,1.0,2.0,1.0,1.0,3.0,1.0,1.0,0.006227033333330686,0.221271966666662,0.16933226666666693,0.18893193333333286,0.026300233333333266,0.010781099999999811,0.39421223333333755,0.18778029999999718,0.04276426666666756,0.0027074057971002985,0.0962052028985487,0.07696921212121223,0.08587815151515131,0.011954651515151484,0.004900499999999914,0.1791873787878807,0.08535468181818053,0.019438303030303434,39706624.0,74379264.0,55681024.0,175099904.0,74735616.0,73695232.0,144510976.0,79028224.0,49397760.0,0.02860059478851964,0.061574300130208336,0.04609510633680555,0.1449551052517361,0.061869303385416664,0.06100802951388889,0.1196322970920139,0.05113106343283582,0.0408935546875,0.0,0.0019786203522503035,0.2044554455445545,0.00043540346430080966,0.002697448979591822,0.0012320652173912884,0.00043090676588165925,0.015538856632425189,0.00040665445665445573,0.0,135.33333333333331,4.133333333333333,419.5333333333333,4.222222222222221,4.066666666666666,767.5032781420157,98.95555555555555,36.04444444444444
1.0,1.0,1.0,2.0,1.0,1.0,3.0,2.0,1.0,0.0027497999999998987,0.08205546666667184,0.19798759999999901,0.2982925000000017,0.023202499999999304,0.012710933333334158,0.5795914666666706,0.12634916666666338,0.04320169999999924,0.0011955652173912604,0.03567628985507471,0.08999436363636318,0.13558750000000075,0.010546590909090593,0.005777696969697344,0.26345066666666844,0.0574314393939379,0.019637136363636017,39710720.0,72568832.0,59023360.0,193228800.0,75816960.0,73400320.0,145924096.0,154402816.0,49831936.0,0.028603545128398793,0.06007554796006945,0.04886203342013889,0.15996297200520831,0.06276448567708333,0.06076388888888889,0.12080213758680555,0.09989823609226595,0.041252983940972224,0.0,0.024325239463601465,0.2541939655172414,0.0007966449348044033,0.0025225225225225223,0.0012551724137930909,0.000584817963935176,0.01638119382514392,0.0003615795724465545,0.0,139.06666666666666,5.066666666666666,444.11111111111103,5.088888888888889,5.044444444444444,776.7106133333332,98.02172444444443,37.64444444444444
1.0,1.0,1.0,2.0,1.0,1.0,3.0,2.0,1.0,0.003734666666669758,0.16665740000000065,0.1171825333333345,0.2787947999999981,0.022114799999999945,0.014309033333333332,0.574850333333336,0.17807430000000174,0.04612930000000119,0.001623768115943373,0.07245973913043507,0.053264787878788404,0.12672490909090822,0.010052181818181792,0.006504106060606059,0.26129560606060726,0.08094286363636444,0.020967863636364176,38965248.0,75497472.0,58695680.0,201043968.0,75816960.0,73883648.0,140804096.0,156299264.0,48087040.0,0.02806658327039275,0.0625,0.048590766059027776,0.16643269856770831,0.06276448567708333,0.061164008246527776,0.11656358506944445,0.10112523320895522,0.03980848524305555,0.0,0.022755189340813456,0.2431666666666667,0.0004152262468347519,0.005279797979798024,0.0011274999999999636,0.00047319855009062266,0.008592216748768656,0.0005463527851458847,0.0,126.46666666666665,4.466666666666666,397.7333333333333,4.444444444444445,4.3999999999999995,710.7333333333332,91.71111111111111,33.64444444444444
1.0,1.0,1.0,2.0,1.0,1.0,3.0,2.0,1.0,0.2276597666666665,0.1490635999999995,0.14838026666666715,0.24618726666666185,0.02544680000000028,0.01811236666666692,0.3362868666666633,0.21851946666666594,0.02288336666666737,0.09898250724637675,0.064810260869565,0.06744557575757598,0.11190330303030083,0.011566727272727399,0.008232893939394054,0.15285766666666514,0.09932703030302997,0.010401530303030622,313905152.0,76255232.0,57548800.0,194985984.0,75915264.0,73777152.0,144003072.0,156987392.0,48054272.0,0.2261051973187311,0.06312730577256945,0.04764133029513889,0.16141764322916666,0.06284586588541667,0.061075846354166664,0.11921183268229166,0.10157045030529172,0.03978135850694445,0.012177515813685999,0.025569522849462546,0.24684803921568624,0.0004272481442205728,0.0021547619047618356,0.0010668269230768952,0.00048080795972188647,0.011804806786050984,0.00029957160342717037,71.15555555555555,131.66666666666666,4.644444444444444,420.4888888888888,4.644444444444444,4.688888888888888,737.1555555555555,94.68888888888888,36.33333333333333
1.0,1.0,1.0,2.0,1.0,1.0,3.0,2.0,1.0,0.07817270000000083,0.21204360000000028,0.12280903333333223,0.10514323333332834,0.020479333333333707,0.009759133333333617,0.20503330000000472,0.056172299999999946,0.024450899999999366,0.03398813043478297,0.09219286956521752,0.055822287878787374,0.047792378787876524,0.009308787878788048,0.004435969696969825,0.09319695454545668,0.02553286363636361,0.011114045454545165,330620928.0,77803520.0,58658816.0,197554176.0,80306176.0,74178560.0,145580032.0,156721152.0,49197056.0,0.2381455343655589,0.06440904405381945,0.048560248480902776,0.163543701171875,0.06648084852430555,0.061408148871527776,0.1205173068576389,0.10139819369063773,0.04072740342881945,0.0031736153846153824,0.03206423747889659,0.13994000000000004,0.0005392212648350041,0.002299137931034583,0.0010303278688524947,0.00045208013717173664,0.013582207792207469,0.00044688195991091236,52.977777777777774,79.33333333333333,5.244444444444444,284.5777777777777,2.7555555555555555,2.822222222222222,511.8666666666666,56.42222222222222,20.93333333333333
1.0,1.0,1.0,2.0,1.0,1.0,3.0,2.0,1.0,0.005900133333329905,0.17742206666666788,0.1435621666666672,0.27427156666666264,0.021872333333333435,0.015377200000000356,0.5105349333333387,0.21363553333333546,0.04662513333333322,0.00256527536231735,0.07714002898550777,0.06525553030303055,0.1246688939393921,0.009941969696969742,0.006989636363636526,0.23206133333333573,0.09710706060606156,0.02119324242424237,40587264.0,77070336.0,60600320.0,218058752.0,80478208.0,70942720.0,146509824.0,156336128.0,49643520.0,0.029234917862537766,0.06380208333333333,0.05016750759548611,0.1805182562934028,0.0666232638888889,0.05872938368055555,0.12128702799479166,0.1011490841248304,0.041097005208333336,0.0,0.012469029728847015,0.28215789473684216,0.0006591194644696237,0.0020500000000000596,0.0020625,0.0005747716297201386,0.00741568315932823,0.0003490384615384567,0.0,136.04444444444442,4.488888888888888,430.19999999999993,4.31111111111111,4.622222222222222,762.2666666666665,98.46666666666665,36.37777777777777
1.0,1.0,1.0,2.0,1.0,1.0,3.0,2.0,1.0,0.0063616333333319135,0.20089980000000196,0.17717746666667153,0.28529909999999914,0.03152773333333319,0.01447153333333328,0.6259754000000044,0.15202799999999914,0.034336600000000314,0.002765927536231267,0.08734773913043564,0.08053521212121433,0.1296814090909087,0.014330787878787813,0.0065779696969696716,0.28453427272727466,0.06910363636363596,0.015607545454545596,43085824.0,75927552.0,59592704.0,200101888.0,81068032.0,71327744.0,151363584.0,154923008.0,48766976.0,0.031034625188821753,0.06285603841145833,0.04933336046006945,0.1656528049045139,0.0671115451388889,0.05904812282986111,0.12530517578125,0.10023479901628222,0.04037136501736111,0.0,0.013775703905540476,0.24987037037037038,0.0008816681402888262,0.0028614678899082703,0.0010679611650485437,0.0005428367745683045,0.007805839567747373,0.00043411697247706547,0.0,148.55555555555554,4.8,459.0666666666666,4.688888888888888,4.777777777777777,842.0888888888888,107.95555555555555,39.13333333333333
1.0,1.0,1.0,2.0,1.0,1.0,3.0,2.0,1.0,0.0030339666666653405,0.17658573333333152,0.09755826666666963,0.16783076666666805,0.01998076666666672,0.011076833333333033,0.33688313333333325,0.17693510000000193,0.019695833333332757,0.001319115942028409,0.07677640579710067,0.04434466666666801,0.07628671212121274,0.00908216666666669,0.005034924242424106,0.15312869696969694,0.08042504545454633,0.008952651515151252,43098112.0,75264000.0,59043840.0,189542400.0,81084416.0,69906432.0,150388736.0,150106112.0,49135616.0,0.031043476208459216,0.062306722005208336,0.048878987630208336,0.15691121419270831,0.06712510850694445,0.057871500651041664,0.12449815538194445,0.09711827934192674,0.04067654079861111,0.0,0.03717491803278677,0.24059803921568623,0.0005469031407862781,0.002005555555555556,0.0009988372093023424,0.0006046952971419929,0.011899421193232156,0.0003175824175824136,0.0,55.444444444444436,1.9555555555555553,171.79999999999998,2.0444444444444443,1.9333333333333331,274.68888888888887,38.577777777777776,16.599999999999998
1.0,1.0,1.0,2.0,1.0,1.0,3.0,2.0,1.0,0.006855333333332206,0.014138933333333626,0.011893066666668043,0.015255433333337245,0.01670596666666692,0.011567433333332626,0.03323996666666365,0.02654359999999916,0.016311566666666978,0.0029805797101444377,0.006147362318840707,0.005405939393940019,0.006934287878789656,0.007593621212121326,0.00525792424242392,0.015109075757574385,0.012065272727272348,0.007414348484848626,40153088.0,71364608.0,55463936.0,190042112.0,77139968.0,70373376.0,144515072.0,148340736.0,51814400.0,0.028922181835347432,0.05907864040798611,0.04591539171006945,0.1573248969184028,0.06385972764756945,0.058258056640625,0.11963568793402779,0.09597608548168249,0.04289415147569445,0.0,0.0,0.0,0.0,0.0,0.0,0.0,0.0,0.0,0.0,0.0,0.0,0.0,0.0,0.0,0.0,0.0,0.0
1.0,1.0,1.0,2.0,1.0,1.0,3.0,2.0,1.0,0.006072066666664947,0.014665366666667979,0.01585376666666889,0.020533399999999348,0.017596933333333217,0.01072303333333385,0.030407166666661566,0.03786296666666829,0.013445100000001275,0.002640028985506499,0.006376246376812165,0.0072062575757585855,0.00933336363636334,0.007998606060606006,0.004874106060606295,0.013821439393937074,0.01721043939394013,0.0061114090909096695,40321024.0,71462912.0,53698560.0,185454592.0,77144064.0,69832704.0,145969152.0,147677184.0,52428800.0,0.02904314577039275,0.05916002061631945,0.044453938802083336,0.1535271538628472,0.06386311848958333,0.057810465494791664,0.12083943684895833,0.09554676899592945,0.043402777777777776,0.0,0.0,0.0,0.0,0.0,0.0,0.0,0.0,0.0,0.0,0.0,0.0,0.0,0.0,0.0,0.0,0.0,0.0
1.0,1.0,1.0,2.0,1.0,1.0,3.0,2.0,1.0,0.1362437666666665,0.008625800000004347,0.008452500000006087,0.019779666666669728,0.019938033333333275,0.007832866666667352,0.03397370000000231,0.020322866666666307,0.011746400000000297,0.059236420289855,0.003750347826088847,0.003842045454548221,0.008990757575758967,0.009062742424242397,0.003560393939394251,0.015442590909091964,0.009237666666666504,0.005339272727272862,239534080.0,70627328.0,54059008.0,185663488.0,75333632.0,70098944.0,138358784.0,147845120.0,53403648.0,0.1725358761329305,0.05846828884548611,0.04475233289930555,0.15370008680555555,0.06236436631944445,0.05803087022569445,0.11453925238715279,0.09565542316824965,0.044209798177083336,0.0,0.0,0.0,0.0,0.0,0.0,0.0,0.0,0.0,0.0,0.0,0.0,0.0,0.0,0.0,0.0,0.0,0.0
1.0,1.0,1.0,2.0,1.0,1.0,3.0,2.0,1.0,0.07950673333333119,0.007930900000004234,0.005428199999998166,0.012645099999998875,0.021339400000000334,0.010177033333333915,0.02800026666666895,0.029765899999999824,0.010128499999999955,0.0345681449275353,0.003448217391306189,0.0024673636363628025,0.005747772727272216,0.009699727272727424,0.004625924242424506,0.012727393939394975,0.013529954545454467,0.004603863636363616,258707456.0,71671808.0,54636544.0,187109376.0,74887168.0,74280960.0,142262272.0,149463040.0,52764672.0,0.18634641710725075,0.059332953559027776,0.04523044162326389,0.15489705403645831,0.06199476453993055,0.061492919921875,0.11777072482638888,0.09670221336499321,0.043680826822916664,0.0,0.0,0.0,0.0,0.0,0.0,0.0,0.0,0.0,0.0,0.0,0.0,0.0,0.0,0.0,0.0,0.0,0.0
1.0,1.0,1.0,2.0,1.0,1.0,3.0,2.0,1.0,0.05713533333333392,0.004929366666662342,0.009081233333336058,0.015402633333332952,0.013344733333333162,0.006985300000000431,0.03147413333333257,0.03586216666666952,0.011828433333334942,0.024841449275362575,0.0021432028985488446,0.004127833333334572,0.007001196969696796,0.006065787878787801,0.003175136363636559,0.014306424242423895,0.016300984848486147,0.005376560606061337,260403200.0,71811072.0,53948416.0,187392000.0,74891264.0,74502144.0,142417920.0,149684224.0,48435200.0,0.18756785781722055,0.0594482421875,0.04466078016493055,0.15513102213541669,0.06199815538194445,0.061676025390625,0.11789957682291667,0.09684531886024422,0.04009670681423611,0.0,0.0,0.0,0.0,0.0,0.0,0.0,0.0,0.0,0.0,0.0,0.0,0.0,0.0,0.0,0.0,0.0,0.0
1.0,1.0,1.0,1.0,1.0,1.0,2.0,1.0,1.0,0.05547639999999774,0.015367899999993521,0.012677433333336315,0.011708833333333737,0.015914500000000466,0.008755533333334143,0.020785233333333507,0.018597599999998236,0.013780599999999291,0.024120173913042497,0.006681695652171096,0.005762469696971052,0.005322196969697154,0.007233863636363848,0.003979787878788246,0.009447833333333412,0.008453454545453744,0.006263909090908768,261169152.0,72962048.0,58241024.0,107151360.0,77160448.0,75550720.0,101580800.0,78913536.0,50462720.0,0.18811957137462235,0.060401068793402776,0.04821438259548611,0.08870442708333333,0.0638766818576389,0.06254408094618055,0.08409288194444445,0.051056860583446405,0.04177517361111111,0.0,0.0,0.0,0.0,0.0,0.0,0.0,0.0,0.0,0.0,0.0,0.0,0.0,0.0,0.0,0.0,0.0,0.0
1.0,1.0,1.0,1.0,1.0,1.0,1.0,1.0,1.0,0.05443796666666382,0.012369033333334301,0.01157703333333302,0.011459366666667848,0.01009526666666621,0.010863766666667137,0.010477499999994203,0.016588833333332786,0.010226400000000998,0.023668681159419055,0.005377840579710566,0.005262287878787736,0.005208803030303567,0.004588757575757368,0.004938075757575971,0.004762499999997364,0.007540378787878538,0.004648363636364089,261492736.0,73371648.0,58712064.0,107290624.0,77320192.0,75739136.0,50196480.0,79048704.0,51245056.0,0.18835264822507553,0.060740152994791664,0.048604329427083336,0.08881971571180555,0.06400892469618055,0.06270005967881945,0.041554768880208336,0.05114431394165536,0.04242282443576389,0.0,0.0,0.0,0.0,0.0,0.0,0.0,0.0,0.0,0.0,0.0,0.0,0.0,0.0,0.0,0.0,0.0,0.0
1.0,1.0,1.0,1.0,1.0,1.0,1.0,1.0,1.0,0.049588300000001105,0.011453599999996792,0.013050999999995838,0.013568199999993643,0.018540766666667232,0.009602399999999988,0.011879100000002533,0.012596933333334922,0.015324466666667529,0.021560130434783092,0.004979826086955128,0.005932272727270835,0.006167363636360747,0.008427621212121468,0.0043647272727272675,0.0053995909090920596,0.005725878787879509,0.006965666666667058,262090752.0,73867264.0,58920960.0,106827776.0,76775424.0,71335936.0,50421760.0,78934016.0,50692096.0,0.18878339784743203,0.061150444878472224,0.048777262369791664,0.0884365505642361,0.06355794270833333,0.05905490451388889,0.041741265190972224,0.051070111092265946,0.04196506076388889,0.0,0.0,0.0,0.0,0.0,0.0,0.0,0.0,0.0,0.0,0.0,0.0,0.0,0.0,0.0,0.0,0.0,0.0
1.0,1.0,1.0,1.0,1.0,1.0,1.0,1.0,1.0,0.05116436666666383,0.01935959999999947,0.012646966666670778,0.00993386666667296,0.013581166666666415,0.005534300000000296,0.008856399999998151,0.012552899999999074,0.008169933333332817,0.02224537681159297,0.008417217391304119,0.005748621212123081,0.004515393939396799,0.006173257575757461,0.002515590909091043,0.004025636363635523,0.005705863636363215,0.0037136060606058254,263028736.0,71213056.0,54587392.0,106913792.0,76939264.0,71544832.0,46583808.0,79233024.0,50171904.0,0.1894590256797583,0.058953179253472224,0.045189751519097224,0.08850775824652778,0.0636935763888889,0.059227837456597224,0.038564046223958336,0.05126356852103121,0.041534423828125,0.0,0.0,0.0,0.0,0.0,0.0,0.0,0.0,0.0,0.0,0.0,0.0,0.0,0.0,0.0,0.0,0.0,0.0
1.0,1.0,1.0,1.0,1.0,1.0,1.0,1.0,1.0,0.04957143333333155,0.012148033333331417,0.009712533333330005,0.009120333333332079,0.018087333333333313,0.012553933333333588,0.010678700000001602,0.017291366666669698,0.014227833333332758,0.0215527971014485,0.005281753623187573,0.004414787878786366,0.004145606060605491,0.008221515151515141,0.0057063333333334494,0.0048539545454552736,0.007859712121213499,0.006467196969696707,258523136.0,71503872.0,55136256.0,105283584.0,75493376.0,67809280.0,46780416.0,77361152.0,46288896.0,0.1862136518126888,0.059193929036458336,0.045644124348958336,0.087158203125,0.06249660915798611,0.05613538953993055,0.038726806640625,0.050052472014925374,0.038319905598958336,0.0,0.0,0.0,0.0,0.0,0.0,0.0,0.0,0.0,0.0,0.0,0.0,0.0,0.0,0.0,0.0,0.0,0.0
1.0,1.0,1.0,1.0,1.0,1.0,1.0,1.0,1.0,0.03725473333333108,0.013451133333326955,0.010507199999998799,0.010390700000001137,0.023399333333334008,0.006121233333333483,0.010245000000001406,0.014953266666672486,0.01286483333333308,0.016197710144926557,0.005848318840576938,0.004775999999999453,0.004723045454545971,0.010636060606060913,0.0027823787878788558,0.004656818181818821,0.006796939393942039,0.0058476515151513996,259112960.0,71086080.0,53387264.0,105713664.0,75829248.0,68259840.0,47247360.0,77520896.0,46845952.0,0.186638500755287,0.058848063151041664,0.044196234809027776,0.08751424153645833,0.062774658203125,0.056508382161458336,0.039113362630208336,0.050155825983717775,0.038781060112847224,0.0,0.0,0.0,0.0,0.0,0.0,0.0,0.0,0.0,0.0,0.0,0.0,0.0,0.0,0.0,0.0,0.0,0.0
1.0,1.0,1.0,1.0,1.0,1.0,1.0,1.0,1.0,0.07294943333333398,0.00961333333333035,0.005524566666667852,0.007639366666671776,0.01660636666666638,0.009501033333333454,0.010628600000003038,0.015044600000002599,0.012085199999999456,0.031717144927536516,0.004179710144926239,0.0025111666666672054,0.0034724393939417164,0.007548348484848353,0.00431865151515157,0.004831181818183199,0.0068384545454557265,0.00549327272727248,260046848.0,71303168.0,53993472.0,103555072.0,74338304.0,68067328.0,47050752.0,76963840.0,47452160.0,0.18731117824773413,0.059027777777777776,0.044698079427083336,0.0857272677951389,0.06154039171006945,0.05634901258680555,0.038950602213541664,0.04979541214382632,0.039282904730902776,0.0,0.0,0.0,0.0,0.0,0.0,0.0,0.0,0.0,0.1333333333333333,0.08888888888888888,0.0,0.15555555555555553,0.0,0.0,0.911111111111111,0.06666666666666665,0.02222222222222222
1.0,1.0,1.0,1.0,1.0,1.0,1.0,1.0,1.0,0.07817536666666834,0.01928936666666535,0.019709166666666535,0.013010233333329778,0.017979466666667082,0.010585066666666875,0.024350200000003496,0.025911966666672014,0.015124533333333072,0.03398928985507319,0.008386681159419719,0.00895871212121206,0.005913742424240809,0.008172484848485038,0.004811393939394034,0.011068272727274316,0.011778166666669096,0.00687478787878776,278740992.0,71094272.0,53989376.0,103604224.0,74661888.0,68456448.0,47321088.0,77201408.0,47202304.0,0.20077652945619334,0.05885484483506945,0.04469468858506945,0.08576795789930555,0.061808268229166664,0.056671142578125,0.039174397786458336,0.04994911804613297,0.03907606336805555,0.003622868217054083,0.01863098159508974,0.219,0.00036639344262300364,0.0020499999999992725,0.0014944444444445254,0.00016145393068468144,0.010522764227644548,0.000491176470588114,6.111111111111111,8.733333333333333,0.3777777777777777,24.199999999999996,0.37777777777777777,0.39999999999999997,55.7111111111111,6.799999999999999,2.4666666666666663
1.0,1.0,1.0,1.0,1.0,1.0,1.0,1.0,1.0,0.064223366666666,0.07736186666666829,0.04884049999999812,0.0913298333333311,0.013934800000000299,0.013498966666666471,0.12999616666666042,0.06581479999999829,0.025696099999998976,0.02792320289855044,0.03363559420289926,0.02220022727272642,0.04151356060605959,0.0063340000000001355,0.00613589393939385,0.05908916666666382,0.0299158181818174,0.01168004545454499,290979840.0,71405568.0,54800384.0,104251392.0,74313728.0,68018176.0,47067136.0,76632064.0,47136768.0,0.20959214501510573,0.059112548828125,0.04536607530381945,0.0863037109375,0.06152004665798611,0.05630832248263889,0.038964165581597224,0.0495807539009498,0.039021809895833336,0.0026815303430078852,0.001467883211679512,0.14012121212121212,0.00021431378476420047,0.0031545454545454103,0.0012264705882354225,0.0007336862299275207,0.005931757575757802,0.00035833333333333583,34.77777777777777,52.977777777777774,1.622222222222222,161.28888888888886,1.4888888888888887,1.5555555555555554,318.97777777777776,40.511111111111106,13.822222222222221
1.0,1.0,1.0,1.0,1.0,1.0,1.0,1.0,1.0,0.04591033333333219,0.0985747999999982,0.07523086666665979,0.11355493333333773,0.01852860000000002,0.012794833333333599,0.2762934666666676,0.09025639999999839,0.01772686666666535,0.01996101449275313,0.0428586086956514,0.034195848484845366,0.05161587878788078,0.008422090909090917,0.005815833333333453,0.1255879393939398,0.041025636363635626,0.008057666666666068,313458688.0,71294976.0,55480320.0,102940672.0,74674176.0,68096000.0,47321088.0,76652544.0,47030272.0,0.22578361027190333,0.05902099609375,0.045928955078125,0.08521864149305555,0.061818440755208336,0.056372748480902776,0.039174397786458336,0.049594004409769334,0.038933648003472224,0.0013133333333333332,0.020223744575325244,0.17431372549019608,0.00042034386801828805,0.00191,0.0010049019607842424,0.0011472287609672574,0.02272753988245172,0.00041525612472161327,43.62222222222222,72.53333333333333,2.2888888888888888,226.59999999999997,2.2666666666666666,2.2444444444444445,416.17599419297966,53.50932752631306,19.93333333333333
1.0,1.0,1.0,1.0,1.0,1.0,2.0,1.0,1.0,0.06841626666666419,0.13382403333333362,0.08962429999999888,0.16163976666666713,0.015284666666666643,0.01089836666666694,0.13614623333333686,0.11997516666666191,0.03291653333333215,0.029746202898549647,0.05818436231884071,0.040738318181817675,0.07347262121212142,0.006947575757575746,0.004953803030303154,0.06188465151515311,0.0545341666666645,0.014962060606060068,343293952.0,72593408.0,56074240.0,104579072.0,76140544.0,68976640.0,94199808.0,78213120.0,48119808.0,0.24727388595166164,0.060095893012152776,0.04642062717013889,0.0865749782986111,0.06303236219618055,0.05710177951388889,0.07798258463541666,0.050603693181818184,0.039835611979166664,0.006585617283950642,0.0016903630539240866,0.14573636363636364,0.00022082837217213817,0.0020500000000000275,0.001083636363636337,0.0003457222912589222,0.007502934782608897,0.0003484909456740384,31.111111111111107,83.6,2.4666666666666663,264.7333333333333,2.422222222222222,2.488888888888889,477.2854894444444,62.444444444444436,22.155555555555555
1.0,1.0,1.0,1.0,1.0,1.0,2.0,1.0,1.0,0.20465229999999793,0.17239756666666228,0.1199431666666669,0.15848436666666052,0.023738866666666542,0.011912899999999619,0.31357413333333495,0.12143603333333128,0.03446303333333276,0.08897926086956433,0.07495546376811404,0.05451962121212132,0.07203834848484568,0.010790393939393883,0.005414954545454371,0.1425336969696977,0.05519819696969603,0.015665015151514892,279891968.0,72998912.0,56352768.0,102834176.0,76218368.0,69005312.0,96407552.0,79429632.0,49319936.0,0.20160557496223566,0.060431586371527776,0.046651204427083336,0.08513047960069445,0.06309678819444445,0.05712551540798611,0.07981024848090278,0.05139077340569878,0.04082912868923611,0.013231010928961768,0.017365628166160083,0.19625757575757574,0.0004528291361173192,0.0019423076923076926,0.001110769230769186,0.000501819328109517,0.012791971830985654,0.00023747680890538368,49.599999999999994,88.26666666666665,2.933333333333333,282.75555555555553,2.9111111111111105,2.9111111111111105,495.75555555555553,63.377777777777766,24.42222222222222
1.0,1.0,1.0,1.0,1.0,1.0,2.0,1.0,1.0,0.15574680000000096,0.20569306666666307,0.1137956000000031,0.16239346666667037,0.02237863333333318,0.012719633333333983,0.4283065000000005,0.13267503333333175,0.03552379999999857,0.06771600000000043,0.08943176811594047,0.05172527272727413,0.0738152121212138,0.01017210606060599,0.00578165151515181,0.19468477272727297,0.06030683333333262,0.01614718181818117,304357376.0,73048064.0,57094144.0,104181760.0,76357632.0,68980736.0,96399360.0,79523840.0,49221632.0,0.21922795506042297,0.06047227647569445,0.047264946831597224,0.0862460666232639,0.06321207682291667,0.057105170355902776,0.079803466796875,0.051451725746268655,0.040747748480902776,0.0015655198776758055,0.005877545575811384,0.20434328358208956,0.000509148446490229,0.0019630434782608275,0.0010301470588235725,0.0005274032507739892,0.013107350272232136,0.00030541401273885235,57.39999999999999,99.28888888888888,2.8888888888888884,304.91111111111104,3.022222222222222,2.844444444444444,567.4444444444443,72.95555555555555,27.444444444444443
1.0,1.0,1.0,1.0,1.0,1.0,3.0,1.0,1.0,0.09386486666666845,0.11935836666667304,0.14653006666666593,0.20938566666667005,0.020776400000000687,0.013284133333332684,0.30190120000000475,0.13086463333333237,0.03541113333333404,0.040810811594203675,0.05189494202898828,0.06660457575757542,0.09517530303030457,0.009443818181818494,0.006038242424242129,0.13722781818182034,0.0594839242424238,0.016095969696970015,348684288.0,74878976.0,57851904.0,108036096.0,76353536.0,70066176.0,141393920.0,79536128.0,49868800.0,0.2511565332326284,0.061987982855902776,0.047892252604166664,0.08943684895833333,0.06320868598090278,0.058003743489583336,0.11705186631944445,0.05145967605156038,0.041283501519097224,0.003480883919062805,0.035251729106628854,0.21475,0.0008168397626112637,0.0029654761904761733,0.0011178160919539813,0.0002824344961114811,0.03843772437753313,0.000313984962406003,37.42222222222222,106.75555555555555,3.822222222222222,331.3111111111111,3.844444444444444,3.9111111111111105,600.564574074074,77.64444444444443,29.73333333333333
1.0,1.0,1.0,1.0,1.0,1.0,3.0,1.0,1.0,0.0818965333333343,0.11410300000000007,0.1521025333333379,0.0986696666666603,0.024579100000000645,0.016214866666666695,0.3854358666666682,0.13261569999999664,0.029324233333333418,0.035607188405797525,0.04961000000000003,0.06913751515151724,0.044849848484845585,0.011172318181818474,0.007370393939393952,0.17519812121212192,0.060279863636362105,0.013329196969697006,284811264.0,74604544.0,58118144.0,106864640.0,76509184.0,70221824.0,143720448.0,79253504.0,49803264.0,0.2051489331570997,0.061760796440972224,0.04811265733506945,0.0884670681423611,0.06333753797743055,0.05813259548611111,0.11897786458333334,0.05127681902985075,0.041229248046875,0.039602840909090956,0.027552891225232808,0.19461250000000002,0.0008119989722507586,0.0020246835443038526,0.0010481012658227758,0.0004077708006279454,0.030544776536312532,0.00037609970674487336,40.55555555555555,110.02222222222221,3.444444444444444,350.46666666666664,3.4888888888888885,3.4444444444444438,623.311111111111,80.02222222222221,30.04444444444444
1.0,1.0,1.0,2.0,1.0,1.0,3.0,1.0,1.0,0.07480930000000019,0.12969923333333402,0.12873963333333147,0.09902550000000095,0.012202899999999772,0.012500399999999938,0.39897016666667073,0.16457589999999983,0.03386126666666769,0.03252578260869574,0.05639097101449306,0.0585180151515143,0.045011590909091334,0.005546772727272623,0.005681999999999971,0.18135007575757758,0.07480722727272719,0.015391484848485312,327368704.0,77475840.0,58261504.0,169271296.0,76595200.0,70279168.0,144683008.0,79515648.0,49455104.0,0.2358029645015106,0.06413777669270833,0.04823133680555555,0.1401299370659722,0.06340874565972222,0.05818006727430555,0.11977471245659721,0.05144642554274084,0.04094102647569445,0.001817549476135034,0.01655908448214891,0.2252741935483871,0.0009565751662767061,0.002564795918367332,0.00113676470588236,0.0004048753379393253,0.025311339198435975,0.0004973111395646579,76.46666666666665,127.93333333333331,4.3999999999999995,396.53424888888884,4.333333333333333,4.488888888888889,740.9333333333333,94.19999999999999,34.93333333333333
1.0,1.0,1.0,2.0,1.0,1.0,3.0,1.0,1.0,0.11616699999999962,0.18032676666666703,0.07836396666666587,0.1775471333333387,0.03301936666666734,0.012661166666667138,0.4433322000000012,0.17846150000000308,0.039114533333334596,0.050507391304347664,0.07840294202898566,0.035619984848484484,0.08070324242424487,0.015008803030303336,0.005755075757575972,0.20151463636363692,0.08111886363636503,0.017779333333333907,228704256.0,74678272.0,57348096.0,175579136.0,76656640.0,70352896.0,145993728.0,82472960.0,49430528.0,0.16473517749244712,0.061821831597222224,0.047475179036458336,0.1453518337673611,0.06345960828993055,0.05824110243055555,0.12085978190104167,0.053359799016282225,0.04092068142361111,0.0,0.03539918006430891,0.23667142857142856,0.0006620126344882135,0.0019191588785046597,0.0010551401869159016,0.0004496255106672694,0.04567019793072451,0.0004807027649769586,2.2888888888888888,138.15555555555554,4.71111111111111,446.88888888888886,4.71111111111111,4.688888888888888,781.5111111111111,99.6222222222222,38.666666666666664
1.0,1.0,1.0,2.0,1.0,1.0,3.0,2.0,1.0,0.2042028666666662,0.09857983333333019,0.11088113333333544,0.25349036666666014,0.015716233333333208,0.01589116666666636,0.39467280000000093,0.16963373333333795,0.02632436666666725,0.08878385507246359,0.04286079710144791,0.050400515151516105,0.11522289393939097,0.007143742424242367,0.007223257575757435,0.1793967272727277,0.07710624242424452,0.011965621212121478,306040832.0,59154432.0,56528896.0,190382080.0,77697024.0,71553024.0,142598144.0,154509312.0,50728960.0,0.22044054475075528,0.048970540364583336,0.04679701063368055,0.15760633680555555,0.06432088216145833,0.059234619140625,0.11804877387152778,0.09996713873812754,0.04199557834201389,0.006834528907922924,0.04703581283743276,0.09203265306122449,0.0015596769109535102,0.0020763157894735313,0.001025581395348888,0.0006435764389353317,0.04988400029466929,0.0003319248826290901,40.888888888888886,71.08888888888889,4.533333333333333,268.46666666666664,1.7777777777777777,1.7555555555555553,447.82922222222214,49.25144444444444,17.911111111111108
1.0,1.0,1.0,2.0,1.0,1.0,3.0,2.0,1.0,0.16527486666666769,0.19431669999999787,0.10571250000000418,0.29059026666666504,0.02037456666666628,0.016319366666667178,0.5009923333333326,0.16960943333333375,0.04890176666666737,0.07185863768115988,0.08448552173912952,0.04805113636363826,0.13208648484848412,0.00926116666666649,0.007417893939394171,0.22772378787878753,0.07709519696969716,0.022228075757576078,345358336.0,73379840.0,58413056.0,198606848.0,77742080.0,71913472.0,143769600.0,156569600.0,50393088.0,0.24876085725075528,0.06074693467881945,0.04835679796006945,0.16441514756944445,0.0643581814236111,0.059533013237847224,0.1190185546875,0.10130013992537314,0.041717529296875,0.005216268917345726,0.008051166666667225,0.18175409836065573,0.0005668619287374129,0.0020810077519379617,0.0011043999999999943,0.0005835828476714965,0.007804130344541381,0.0005833512352309271,68.33333333333333,147.79999999999998,5.444444444444444,461.13333333333327,5.488888888888888,5.533333333333333,831.1777777777777,107.24444444444444,41.06666666666666
1.0,1.0,1.0,2.0,1.0,1.0,3.0,2.0,1.0,0.036374899999998433,0.29334440000000084,0.1731816333333351,0.2672689333333301,0.02441099999999968,0.016459399999999392,0.42536076666666606,0.23004743333333083,0.05351446666666485,0.0158151739130428,0.12754104347826126,0.07871892424242505,0.12148587878787732,0.011095909090908945,0.007481545454545178,0.19334580303030272,0.10456701515151401,0.02432475757575675,87527424.0,77537280.0,58658816.0,208211968.0,77762560.0,70914048.0,143269888.0,158445568.0,49426432.0,0.0630458128776435,0.06418863932291667,0.048560248480902776,0.1723666720920139,0.06437513563368055,0.058705647786458336,0.11860487196180555,0.10251388653324288,0.040917290581597224,0.0,0.0019162177328842919,0.2478861788617886,0.0005355591896066183,0.00278099173553713,0.0010558333333333394,0.0005841064695376066,0.005684000770119082,0.000309939759036138,0.0,159.44444444444443,5.422222222222222,494.04444444444437,5.399999999999999,5.31111111111111,899.2222222222222,115.66666666666666,45.04444444444444
1.0,1.0,2.0,2.0,1.0,1.0,4.0,2.0,1.0,0.27386333333333446,0.13090756666666342,0.12337603333333694,0.27253873333333917,0.025447533333334604,0.012023133333333172,0.4273062999999989,0.21842116666666672,0.04620730000000132,0.11907101449275412,0.056916333333331924,0.05608001515151678,0.12388124242424509,0.011567060606061183,0.005465060606060533,0.19423013636363584,0.09928234848484851,0.02100331818181878,308871168.0,79495168.0,107851776.0,195719168.0,76599296.0,71118848.0,189366272.0,155570176.0,49610752.0,0.22247922960725075,0.06580946180555555,0.08928426106770834,0.1620246039496528,0.0634121365017361,0.058875189887152776,0.1567654079861111,0.10065351509497965,0.041069878472222224,0.024529702729044842,0.023115244085054845,0.17935109335659485,0.0007015324945605861,0.002010396039603845,0.0011866336633663582,0.0005273608697474238,0.017621698889346102,0.0004728571428571449,83.46666666666665,148.03517777777776,4.428699999999999,470.36476666666664,4.428699999999999,4.4953666666666665,829.23164,108.28888888888888,38.368511111111104
1.0,1.0,2.0,2.0,1.0,1.0,4.0,2.0,1.0,0.1759334000000005,0.1490278333333284,0.20879539999999985,0.23816799999999697,0.025034599999999803,0.015435533333333258,0.4456184666666692,0.20924886666666181,0.052814499999999494,0.07649278260869587,0.0647947101449254,0.09490699999999994,0.10825818181818044,0.011379363636363545,0.0070161515151514805,0.2025538484848496,0.095113121212119,0.02400659090909068,346726400.0,78327808.0,108961792.0,191533056.0,79859712.0,69718016.0,191340544.0,153939968.0,50548736.0,0.24974627077039274,0.06484307183159722,0.09020317925347222,0.15855916341145834,0.06611124674479167,0.057715521918402776,0.15839979383680558,0.09959877459294436,0.041846381293402776,0.005749071300179781,0.0018903337783713603,0.18015298507462688,0.0005655066574442359,0.0030044117647059256,0.0010605072463768536,0.0004691155904904272,0.007841767600302871,0.00041789667896680136,66.33333333333333,163.79999999999998,5.799999999999999,508.311111111111,5.955555555555555,5.866666666666665,917.9777777777776,117.93333333333332,47.26666666666666
1.0,1.0,2.0,2.0,1.0,1.0,4.0,2.0,1.0,0.003304833333334045,0.21002756666666755,0.1968110999999974,0.29415770000000185,0.015716299999998757,0.012993400000000103,0.585347566666666,0.22836416666666193,0.05247363333333321,0.0014368840579713242,0.09131633333333372,0.08945959090908973,0.1337080454545463,0.007143772727272161,0.005906090909090955,0.2660670757575754,0.10380189393939177,0.023851651515151454,41492480.0,75988992.0,107819008.0,192274432.0,80228352.0,70045696.0,188833792.0,152973312.0,49848320.0,0.029886942975830815,0.06290690104166667,0.08925713433159722,0.1591729058159722,0.06641642252604167,0.05798678927951389,0.15632459852430555,0.09897335057666215,0.041266547309027776,0.0,0.01841461310326244,0.18468799999999996,0.0006033148932492101,0.0019484375000000682,0.0010228346456693028,0.0005298896810868096,0.014028079119433363,0.00040797101449274666,0.0,163.7111111111111,5.7333333333333325,503.2444444444444,5.777777777777777,5.7333333333333325,922.420901787081,118.8431249969137,45.288888888888884
1.0,1.0,2.0,2.0,1.0,1.0,4.0,2.0,1.0,0.1407742333333355,0.08841696666666697,0.10560650000000488,0.24893103333333166,0.024833833333334117,0.013281699999999811,0.5625046999999944,0.24787916666667276,0.06007693333333274,0.061206188405798057,0.038442159420289994,0.048002954545456764,0.11315046969696893,0.011288106060606417,0.006037136363636278,0.255683954545452,0.11267234848485125,0.027307696969696697,240508928.0,76296192.0,105517056.0,195637248.0,80130048.0,70647808.0,188252160.0,151834624.0,48484352.0,0.1732380570241692,0.06316121419270833,0.08735148111979166,0.161956787109375,0.06633504231770833,0.05848524305555555,0.15584309895833331,0.09823662228629579,0.040137396918402776,0.08646670702179177,0.025567342458678078,0.19772901739397275,0.0008245320912742578,0.002717518248175151,0.0014571428571428515,0.0004944885867817929,0.014146216509775654,0.0004050311665182517,16.288888888888888,170.88888888888889,6.088888888888889,519.4666666666666,6.066666666666666,6.066666666666666,964.511111111111,123.4222222222222,49.39999999999999
1.0,1.0,2.0,2.0,1.0,1.0,4.0,2.0,1.0,0.16175246666666301,0.1906133666666695,0.19592049999999805,0.30400329999999753,0.017971866666666378,0.016978899999999915,0.7087164999999993,0.21364846666666631,0.06044326666666582,0.07032715942028828,0.08287537681159544,0.08905477272727184,0.13818331818181703,0.008169030303030171,0.007717681818181779,0.3221438636363634,0.09711293939393922,0.027474212121211736,314421248.0,75456512.0,108732416.0,197132288.0,80130048.0,71348224.0,189050880.0,152125440.0,53166080.0,0.22647694014350453,0.06246609157986111,0.09001329210069445,0.16319444444444445,0.06633504231770833,0.05906507703993055,0.15650431315104169,0.09842477951153325,0.044013129340277776,0.0023318726937269375,0.025634755931278876,0.19365000000000002,0.0007060070052539365,0.002158467741935437,0.0017881147540983727,0.00046229140542104654,0.016639132882883025,0.0004444280078895388,95.46666666666665,162.17777777777775,5.555555555555555,504.6444444444444,5.533333333333333,5.5777777777777775,914.5111111111111,117.77777777777776,44.911111111111104
1.0,1.0,2.0,2.0,1.0,1.0,4.0,2.0,1.0,0.03480486666666896,0.24828266666666726,0.19463419999999504,0.32282080000000046,0.02559030000000083,0.02018566666666667,0.5783645999999998,0.23142396666667198,0.041604266666666945,0.015132550724638679,0.10794898550724664,0.08847009090908865,0.14673672727272746,0.01163195454545492,0.009175303030303032,0.2628929999999999,0.10519271212121455,0.01891103030303043,43618304.0,73023488.0,106860544.0,205438976.0,77139968.0,71176192.0,193196032.0,152899584.0,54145024.0,0.03141816937311178,0.06045193142361111,0.08846367730034722,0.1700710720486111,0.06385972764756945,0.058922661675347224,0.1599358452690972,0.0989256487449118,0.044823540581597224,0.0,0.02159597887896009,0.18611194029850744,0.0005969653555613347,0.0020282608695651756,0.0014914179104477503,0.0005091893180734382,0.02170624065769805,0.0004168381665107666,0.02222222222222222,164.68661259860014,6.0221209989013555,509.1261143823525,6.022222222222221,6.111111111111111,927.5437618042439,119.53153847103407,47.08836795911565
1.0,1.0,2.0,2.0,1.0,1.0,4.0,2.0,1.0,0.008557733333331423,0.1746751333333274,0.16557649999999596,0.25167739999999794,0.025926333333332725,0.016309099999999906,0.7532822666666723,0.19368046666666766,0.04405806666666573,0.0037207536231875756,0.07594571014492497,0.07526204545454362,0.11439881818181721,0.011784696969696692,0.007413227272727229,0.3424010303030328,0.0880365757575762,0.020026393939393514,44216320.0,72884224.0,105267200.0,205139968.0,77398016.0,71380992.0,192712704.0,152997888.0,53850112.0,0.03184891899546828,0.06033664279513889,0.08714463975694445,0.1698235405815972,0.06407335069444445,0.059092203776041664,0.15953572591145834,0.09898925118724558,0.044579399956597224,0.0,0.029450392441860575,0.1912,0.0006682401847575007,0.002093478260869628,0.0011267857142857208,0.0004951916746847587,0.019235313990460978,0.000677272727272725,0.0,153.17777777777775,4.933333333333333,476.0222222222222,4.888888888888888,4.844444444444444,874.1333333333332,111.99999999999999,41.888888888888886
1.0,1.0,2.0,2.0,1.0,1.0,4.0,2.0,1.0,0.005878199999998893,0.24016990000000077,0.19921680000000397,0.29085090000000235,0.027394500000000713,0.014650166666666563,0.5098413999999946,0.26034983333333817,0.04631946666666522,0.002555739130434302,0.10442169565217425,0.09055309090909269,0.1322049545454556,0.012452045454545778,0.00665916666666662,0.23174609090908843,0.11834083333333553,0.02105430303030237,44421120.0,72413184.0,106737664.0,205078528.0,73793536.0,73916416.0,190451712.0,150573056.0,54104064.0,0.03199643598942598,0.059946695963541664,0.08836195203993055,0.1697726779513889,0.061089409722222224,0.06119113498263889,0.15766398111979169,0.09742039094301222,0.044789632161458336,0.0,0.022023327615780772,0.1666455223880597,0.0005319344380403613,0.002285600000000035,0.0010788000000000175,0.0004324610332064866,0.016522779136104317,0.00043038537549407033,0.0,152.7111111111111,5.3999999999999995,477.82222222222214,5.444444444444444,5.333333333333332,849.1999999999999,108.9111111111111,44.08888888888888
1.0,1.0,2.0,2.0,1.0,1.0,4.0,2.0,1.0,0.09770190000000033,0.19651493333333292,0.14861850000000343,0.28899473333333725,0.024348933333332448,0.014012933333333422,0.5440845333333352,0.19599080000000174,0.029225833333333638,0.04247908695652188,0.08544127536231867,0.0675538636363652,0.13136124242424418,0.011067696969696566,0.006369515151515191,0.24731115151515234,0.08908672727272807,0.013284469696969834,287305728.0,71376896.0,111005696.0,205398016.0,76263424.0,74227712.0,191717376.0,151576576.0,54632448.0,0.20694569014350453,0.059088812934027776,0.09189520941840278,0.1700371636284722,0.06313408745659722,0.06144883897569445,0.15871175130208334,0.0980696658751696,0.04522705078125,0.034618485780169114,0.03582186374549751,0.19302868852459015,0.0008514841156946322,0.0019282608695652805,0.001018965517241354,0.0005226303254829329,0.014692384519351292,0.0005151746724890825,55.04444444444444,149.0,5.088888888888888,473.1555555555555,5.133333333333333,5.177777777777777,839.1999999999999,107.57777777777777,40.666666666666664
1.0,1.0,2.0,2.0,1.0,1.0,4.0,2.0,1.0,0.15692633333333106,0.3091940666666687,0.2157429333333307,0.24855900000000444,0.024576500000000577,0.009007200000000163,0.4562048333333327,0.25743159999999343,0.0613521999999989,0.06822884057970915,0.13443220289855162,0.09806496969696848,0.11298136363636566,0.011171136363636624,0.004094181818181892,0.20736583333333303,0.11701436363636064,0.027887363636363134,338350080.0,71630848.0,111321088.0,205197312.0,76402688.0,74829824.0,186802176.0,151609344.0,50331648.0,0.24371282571752265,0.05929904513888889,0.09215630425347221,0.16987101236979166,0.06324937608506945,0.06194729275173611,0.15464274088541669,0.09809086668928088,0.041666666666666664,0.0019321857068335942,0.011531860330338596,0.17987313432835822,0.0005800314610900506,0.0021810077519379733,0.001199253731343289,0.0004350794310040496,0.012138095238095375,0.0005472582253240366,84.04444444444444,150.6222222222222,5.888888888888888,467.6444444444444,5.933333333333333,5.888888888888888,849.9333333333333,108.93333333333332,44.288888888888884
1.0,1.0,2.0,2.0,1.0,1.0,4.0,2.0,1.0,0.006059066666667452,0.184647966666671,0.17304026666666605,0.24114013333332734,0.018754566666666507,0.016250133333333375,0.5730923000000019,0.18865836666666383,0.04831349999999854,0.002634376811594545,0.08028172463768304,0.07865466666666639,0.10960915151514877,0.008524803030302957,0.00738642424242426,0.2604965000000008,0.08575380303030172,0.02196068181818115,43016192.0,72667136.0,108949504.0,200540160.0,76660736.0,75059200.0,189820928.0,151814144.0,51011584.0,0.030984469410876132,0.060156928168402776,0.09019300672743055,0.166015625,0.06346299913194445,0.06213717990451389,0.1571417914496528,0.09822337177747625,0.042229546440972224,0.0,0.02015366386030536,0.17408878504672898,0.0005467643938663293,0.0022651376146787788,0.001105140186915854,0.00040451458472500536,0.01342604803493433,0.0003880978865405902,0.0,142.64444444444445,4.866666666666666,462.13333333333327,4.822222222222221,4.888888888888888,799.5555555555554,102.68888888888888,39.31111111111111
1.0,1.0,2.0,2.0,1.0,1.0,4.0,2.0,1.0,0.006149033333334349,0.18377666666666148,0.1871311666666602,0.2817356000000032,0.025505399999999175,0.011647533333333134,0.4095240666666716,0.22003990000000279,0.04406906666666638,0.00267349275362363,0.07990289855072238,0.08505962121211827,0.12806163636363782,0.011593363636363261,0.005294333333333242,0.18614730303030527,0.10001813636363763,0.02003139393939381,43032576.0,73175040.0,109711360.0,199208960.0,77033472.0,72482816.0,193540096.0,151183360.0,48123904.0,0.03099627077039275,0.060577392578125,0.0908237033420139,0.1649136013454861,0.06377156575520833,0.060004340277777776,0.16022067599826387,0.09781525610583447,0.03983900282118055,0.0,0.015809136378792804,0.16752970297029704,0.000564158176662096,0.0018432989690721198,0.0010666666666666596,0.0003551776378326993,0.010622005507113449,0.00042413381123058324,0.0,133.04444444444442,4.466666666666666,423.62222222222215,4.444444444444444,4.488888888888889,748.8444444444443,96.42222222222222,37.06666666666666
1.0,1.0,2.0,2.0,1.0,1.0,4.0,2.0,1.0,0.0048910333333310515,0.15592853333333398,0.20171939999999988,0.13771923333333308,0.021983933333333046,0.021352733333333162,0.5160284999999931,0.22548603333333356,0.03962040000000115,0.002126536231883066,0.06779501449275391,0.0916906363636363,0.0625996515151514,0.009992696969696839,0.0097057878787878,0.23455840909090592,0.10249365151515161,0.01800927272727325,36130816.0,72704000.0,104857600.0,198316032.0,73830400.0,72626176.0,188481536.0,150163456.0,48148480.0,0.026024948074018128,0.060187445746527776,0.08680555555555555,0.16417439778645831,0.061119927300347224,0.06012301974826389,0.1560329861111111,0.09715538076662145,0.03985934787326389,0.0,0.009246045600284867,0.14683173076923078,0.0004200675211719104,0.001975925925925939,0.0011022522522522063,0.0003232456140350887,0.006487104743083273,0.00032556962025315163,0.0,124.13333333333333,4.71111111111111,380.33333333333326,4.822222222222222,4.71111111111111,701.5777777777777,90.6222222222222,34.8
1.0,1.0,2.0,2.0,1.0,1.0,4.0,2.0,1.0,0.00542083333333494,0.20310879999999543,0.16391496666666305,0.23688150000000213,0.02529456666666571,0.01772163333333386,0.4251702333333308,0.1617410666666686,0.03977176666666651,0.0023568840579717134,0.0883081739130415,0.07450680303030138,0.10767340909091005,0.011497530303029867,0.008055287878788118,0.1932591969696958,0.07351866666666754,0.018078075757575682,36311040.0,72478720.0,106524672.0,193847296.0,73854976.0,70291456.0,180686848.0,148496384.0,46665728.0,0.026154763028700907,0.06000094943576389,0.08818562825520833,0.16047498914930555,0.06114027235243055,0.058190239800347224,0.14958021375868058,0.096076789348711,0.03863186306423611,0.0,0.01895944579288085,0.15624305555555557,0.0004982638888888893,0.00306267605633809,0.0010767605633803946,0.00039712477012307366,0.008210227904390913,0.0004674698795180799,0.0,109.57777777777777,3.0888888888888886,349.08888888888885,3.1111111111111107,3.0666666666666664,625.8444444444443,79.84444444444443,29.46666666666666
1.0,1.0,2.0,2.0,1.0,1.0,4.0,2.0,1.0,0.005955899999999777,0.07572923333333013,0.1929225333333292,0.20258289999999401,0.02775640000000029,0.013179599999999899,0.4577380666666637,0.14806689999999822,0.059392166666666905,0.002589521739130338,0.03292575362318702,0.08769206060605873,0.09208313636363363,0.012616545454545585,0.005990727272727227,0.2080627575757562,0.06730313636363555,0.0269964393939395,36765696.0,71839744.0,105295872.0,198688768.0,74096640.0,70553600.0,181645312.0,148353024.0,47063040.0,0.02648225075528701,0.059471978081597224,0.08716837565104167,0.1644829644097222,0.06134033203125,0.05840725368923611,0.15037367078993058,0.09598403578697423,0.038960774739583336,0.0,0.0192308865979383,0.17773295454545454,0.0004490900637619797,0.0021309782608695963,0.0010357142857142455,0.00039607024029574423,0.008006674272675521,0.00036838340486409154,0.0,107.62274966479245,4.022244445926024,330.0016238119578,4.022222222222222,3.9999999999999996,602.2027172181848,77.2670829907179,30.80013334222281
1.0,1.0,2.0,2.0,1.0,1.0,4.0,2.0,1.0,0.1469853333333352,0.15491056666666433,0.11675156666666264,0.19235599999999617,0.019138666666666873,0.012612199999999992,0.22890566666666814,0.1627314666666616,0.0386193333333343,0.06390666666666747,0.06735242028985407,0.0530688939393921,0.08743454545454371,0.008699393939394033,0.0057328181818181775,0.10404803030303097,0.07396884848484618,0.017554242424242864,255893504.0,71512064.0,104878080.0,198320128.0,74223616.0,71102464.0,181698560.0,148459520.0,47345664.0,0.1843195336102719,0.05920071072048611,0.086822509765625,0.1641777886284722,0.06144544813368055,0.058861626519097224,0.1504177517361111,0.09605293843283583,0.039194742838541664,0.03879406392694048,0.011287207165824183,0.1454920634920635,0.00040025216138327217,0.0021953846153845704,0.0010954545454545345,0.0003616858707199511,0.00628685044359877,0.00040420962199313033,19.4,95.48888888888888,2.933333333333333,303.46666666666664,2.9111111111111105,2.8666666666666663,541.9333333333333,69.8,25.53333333333333
1.0,1.0,2.0,2.0,1.0,1.0,4.0,2.0,1.0,0.17133719999999736,0.08337989999999991,0.1319695666666713,0.15801683333333377,0.020089166666665884,0.01290809999999946,0.36242446666666317,0.15467906666666664,0.040733899999999795,0.07449443478260755,0.03625213043478257,0.05998616666666877,0.07182583333333353,0.009131439393939038,0.0058673181818179355,0.16473839393939232,0.07030866666666666,0.018515409090908996,311566336.0,74022912.0,109576192.0,195579904.0,76242944.0,72581120.0,185614336.0,150700032.0,47923200.0,0.22442055324773413,0.061279296875,0.09071180555555555,0.16190931532118058,0.06311713324652778,0.06008572048611111,0.1536593967013889,0.09750254409769335,0.0396728515625,0.0021852188274153494,0.0037174022988505904,0.16817763157894736,0.0003446463286974862,0.003084523809523879,0.0015841176470588407,0.00031716394529112367,0.005578245501285348,0.00041013931888545007,53.46666666666666,95.71111111111111,3.5555555555555554,290.3333333333333,3.5999999999999996,3.5777777777777775,528.5541377777777,68.73333333333332,27.977777777777774
1.0,1.0,2.0,2.0,1.0,1.0,3.0,2.0,1.0,0.13684503333333092,0.1225089999999985,0.10341376666667088,0.19628290000000562,0.022143766666666426,0.01345040000000021,0.3107286666666662,0.14575220000000066,0.030601366666667216,0.0594978405797091,0.053264782608695,0.04700625757575949,0.08921950000000255,0.010065348484848377,0.0061138181818182775,0.14124030303030283,0.06625100000000031,0.013909712121212371,342589440.0,75137024.0,109408256.0,198975488.0,76562432.0,72826880.0,145285120.0,153849856.0,50421760.0,0.24676642749244712,0.062201605902777776,0.0905727810329861,0.16472032335069445,0.0633816189236111,0.06028917100694445,0.1202731662326389,0.0995404723541384,0.041741265190972224,0.004176315789473749,0.014566576381365505,0.13886885245901637,0.00038097390414464056,0.0021651785714284417,0.0010491525423729062,0.00035200555236454285,0.008835569715142707,0.00023276836158190795,44.06666666666666,81.08888888888887,2.6666666666666665,255.97777777777773,2.644444444444444,2.6666666666666665,461.4,58.73333333333333,23.13333333333333
1.0,1.0,2.0,2.0,1.0,1.0,3.0,2.0,1.0,0.008427866666666735,0.12723040000000008,0.1336010666666643,0.17314236666666433,0.019067300000000387,0.012160300000000271,0.32129386666666543,0.17865463333333004,0.03162459999999972,0.0036642898550724935,0.05531756521739134,0.06072775757575649,0.07870107575757468,0.00866695454545472,0.005527409090909214,0.1460426666666661,0.08120665151515002,0.014374818181818053,40411136.0,73805824.0,109182976.0,201306112.0,76890112.0,74002432.0,148815872.0,154951680.0,50327552.0,0.02910805324773414,0.06109958224826389,0.09038628472222222,0.1666497124565972,0.06365288628472222,0.06126234266493055,0.12319607204861112,0.10025334972862959,0.041663275824652776,0.0,0.012379601063829395,0.15221039682121995,0.0004975488515598247,0.0020733870967742404,0.0010491935483870852,0.0003011764158839436,0.008571125730993888,0.0002626746506986144,0.0,84.46679999999999,2.644511111111111,264.29621111111106,2.644511111111111,2.622288888888889,477.8294777777777,61.24444444444444,22.333466666666663
1.0,1.0,1.0,2.0,1.0,1.0,3.0,2.0,1.0,0.004524566666668761,0.08667709999999715,0.1284435333333325,0.13993173333333286,0.021634933333333113,0.013456033333333532,0.2362115333333359,0.10842356666666907,0.036501266666666275,0.0019672028985516354,0.037685695652172675,0.05838342424242386,0.06360533333333313,0.009834060606060506,0.006116378787878878,0.10736887878787993,0.04928343939394048,0.016591484848484668,39628800.0,74121216.0,58335232.0,203210752.0,76992512.0,74166272.0,149848064.0,155136000.0,50307072.0,0.02854453833081571,0.061360677083333336,0.04829237196180555,0.16822645399305555,0.06373765733506945,0.06139797634548611,0.1240505642361111,0.10037260430800543,0.041646321614583336,0.0,0.0037036971830983925,0.16856626506024097,0.0003341857779244479,0.0019088235294117649,0.0010470588235294547,0.0003160157309465698,0.005241684064021855,0.00029084628670121777,0.0,88.04444444444444,3.644444444444444,266.2,3.7777777777777777,3.6888888888888887,491.91111111111104,63.68888888888888,25.33333333333333
1.0,1.0,1.0,2.0,1.0,1.0,3.0,2.0,1.0,0.006224166666667467,0.12373026666666646,0.12173890000000635,0.20228480000000293,0.02262290000000083,0.015566499999999905,0.39698290000000236,0.15300449999999916,0.03577146666666711,0.002706159420290203,0.053795768115941944,0.05533586363636652,0.0919476363636377,0.01028313636363674,0.007075681818181774,0.18044677272727377,0.06954749999999962,0.016259757575757778,39895040.0,72695808.0,58998784.0,215252992.0,76709888.0,74301440.0,149614592.0,152379392.0,50192384.0,0.028736310422960726,0.0601806640625,0.04884168836805555,0.1781955295138889,0.0635036892361111,0.06150987413194445,0.12385728624131945,0.09858908582089553,0.04155137803819445,0.0,0.005445210166177549,0.18976973684210527,0.0003055046596114296,0.0020931250000000546,0.0010737500000000183,0.00024198153899240897,0.005797041778273786,0.0003824394463667744,0.0,91.37777777777777,3.555555555555555,281.6222222222222,3.4888888888888885,3.5111111111111106,517.0133705555555,65.30225944444445,26.31111111111111
1.0,1.0,1.0,2.0,1.0,1.0,3.0,1.0,1.0,0.0057281666666654015,0.17409853333333558,0.05899269999999888,0.13411850000000053,0.018804199999999584,0.01591946666666691,0.39225853333333494,0.15748076666667052,0.03671683333333249,0.0024905072463762617,0.0756950144927546,0.026814863636363123,0.060962954545454785,0.008547363636363447,0.007236121212121324,0.17829933333333403,0.07158216666666842,0.016689469696969314,41865216.0,73273344.0,58228736.0,220041216.0,76746752.0,73433088.0,149942272.0,78893056.0,50352128.0,0.030155423904833837,0.060658772786458336,0.04820421006944445,0.182159423828125,0.0635342068142361,0.060791015625,0.12412855360243055,0.05104361007462686,0.04168362087673611,0.0,0.022766368236667393,0.20269767441860465,0.00044241379310346187,0.0027888297872339803,0.001035164835164843,0.00034681097270437605,0.040496871657754216,0.0003995185694635398,0.0,116.44444444444443,4.111111111111111,352.8444444444444,4.111111111111111,4.133333333333333,662.8,85.15555555555555,33.02222222222222
1.0,1.0,1.0,2.0,1.0,1.0,3.0,1.0,1.0,0.005330266666669558,0.13515026666666471,0.1542429000000008,0.27333763333332683,0.021415900000001403,0.009924433333333127,0.27426266666666094,0.13229570000000118,0.046025533333335034,0.002317507246378069,0.05876098550724553,0.07011040909090945,0.12424437878787584,0.009734500000000638,0.004511106060605966,0.12466484848484588,0.06013440909090962,0.02092069696969774,41881600.0,72593408.0,59887616.0,217677824.0,75997184.0,73773056.0,150249472.0,79355904.0,50089984.0,0.030167225264350454,0.060095893012152776,0.04957750108506945,0.1802029079861111,0.06291368272569445,0.061072455512152776,0.12438286675347222,0.05134307157394844,0.041466606987847224,0.0,0.052581243487322106,0.26859693877551016,0.0007332156467159981,0.0025903669724770505,0.0009801801801801737,0.00038300303951367855,0.05952320481927729,0.00035130759651307415,0.0,129.06666666666666,4.888888888888888,400.91111111111104,4.844444444444443,4.955555555555556,737.9333333333333,94.84444444444443,36.11111111111111
1.0,1.0,1.0,2.0,1.0,1.0,3.0,2.0,1.0,0.10655446666666724,0.13741613333333286,0.12593323333333045,0.37625303333333304,0.01647706666666598,0.019583966666667153,0.4864661666666668,0.1555292333333379,0.06098266666666632,0.0463280289855075,0.05974614492753603,0.057242378787877475,0.17102410606060592,0.007489575757575445,0.008901803030303251,0.2211209848484849,0.07069510606060814,0.02771939393939378,242171904.0,72839168.0,60297216.0,211734528.0,76427264.0,74498048.0,146018304.0,151654400.0,48619520.0,0.17443589501510573,0.06029934353298611,0.049916585286458336,0.17528279622395831,0.06326972113715278,0.06167263454861111,0.120880126953125,0.09812001780868385,0.04024929470486111,0.10073083333333327,0.00639822665558296,0.2812073170731707,0.0005679375327168071,0.0025534615384614602,0.0010594696969697134,0.0005218535016085126,0.016648742440144998,0.00031893063583814964,7.599999999999999,159.95555555555552,5.799999999999999,505.4888888888888,5.755555555555555,5.755555555555555,894.8923822222221,112.00349333333332,46.53333333333333
1.0,1.0,1.0,2.0,1.0,1.0,4.0,2.0,1.0,0.2181764666666671,0.1413330333333382,0.10031590000000203,0.17034276666666415,0.028079466666666046,0.009717833333333677,0.3643631666666702,0.14908076666666645,0.03242760000000165,0.09485933333333353,0.06144914492753835,0.04559813636363728,0.07742853030302915,0.012763393939393656,0.0044171969696971255,0.16561962121212281,0.06776398484848475,0.014739818181818931,309403648.0,74006528.0,60878848.0,210063360.0,76492800.0,75755520.0,197644288.0,152637440.0,49537024.0,0.2228627737915408,0.06126573350694445,0.05039808485243055,0.17389933268229169,0.063323974609375,0.062713623046875,0.16361829969618055,0.09875604223202171,0.041008843315972224,0.004217973856209156,0.04576008417508367,0.26472286821705426,0.0007372412358265021,0.0030990825688072994,0.0010928571428571235,0.00039951909506194804,0.019590295066851258,0.00045832274459974676,85.7111111111111,134.86666666666665,6.177777777777777,440.6444444444444,4.9111111111111105,5.0,800.9663599999999,98.64444444444443,35.71111111111111
1.0,1.0,1.0,2.0,1.0,1.0,4.0,2.0,1.0,0.10446603333333541,0.2463626333333347,0.09620303333333595,0.2811715333333391,0.012603133333334427,0.014015399999999545,0.5198197999999961,0.24671833333332913,0.051808233333334404,0.04542001449275453,0.1071141884057977,0.0437286515151527,0.12780524242424504,0.0057286969696974666,0.006370636363636156,0.23628172727272545,0.11214469696969503,0.023549196969697456,41209856.0,74899456.0,59674624.0,212897792.0,76574720.0,76001280.0,200417280.0,154603520.0,50176000.0,0.029683369524169185,0.062004937065972224,0.049401177300347224,0.1762457953559028,0.06339179144965278,0.06291707356770833,0.16591389973958334,0.10002809107869742,0.04153781467013889,0.012388105726872208,0.026851670984455768,0.31355833333333333,0.0007027354997943215,0.002012083333333309,0.001152136752136777,0.00048502704176703207,0.022768434075644974,0.000559951690821273,21.666666666666664,171.79999999999998,5.111111111111111,550.0444444444444,5.222222222222221,5.111111111111111,980.6666666666665,125.17777777777776,45.68888888888888
1.0,1.0,1.0,2.0,1.0,1.0,4.0,2.0,1.0,0.006781499999999596,0.2208384333333394,0.22673266666666525,0.33352500000000207,0.022322033333333973,0.008751999999999309,0.5775543333333291,0.2372372666666661,0.0316551666666669,0.00294847826086939,0.09601671014493018,0.10306030303030238,0.15160227272727367,0.010146378787879077,0.003978181818181503,0.262524696969695,0.10783512121212097,0.014388712121212226,39165952.0,75960320.0,59142144.0,210386944.0,76611584.0,71958528.0,204132352.0,159834112.0,49922048.0,0.0282111499244713,0.06288316514756945,0.048960367838541664,0.1741672092013889,0.06342230902777778,0.0595703125,0.16898939344618055,0.10341227103120759,0.041327582465277776,0.0,0.02072810697430501,0.23781415929203542,0.0009551878154372285,0.0019743697478991967,0.001097413793103442,0.0005726810964169703,0.014998355619804773,0.0003887656702025086,0.0,169.68888888888887,5.244444444444444,542.911111111111,5.199999999999999,5.199999999999999,973.5333333333332,123.35555555555554,45.64444444444444
1.0,1.0,1.0,2.0,1.0,1.0,4.0,2.0,1.0,0.005671599999997549,0.2416153333333341,0.20992239999999734,0.26519056666666074,0.026787133333332727,0.011110933333333151,0.6631088333333378,0.241652600000002,0.04774563333333314,0.002465913043477195,0.10505014492753657,0.0954192727272715,0.12054116666666395,0.01217596969696942,0.005050424242424159,0.30141310606060806,0.1098420909090918,0.021702560606060517,39501824.0,76140544.0,62263296.0,211189760.0,76881920.0,72003584.0,202989568.0,157102080.0,49680384.0,0.028453077794561934,0.06303236219618055,0.051544189453125,0.1748318142361111,0.06364610460069445,0.059607611762152776,0.16804334852430558,0.10164465315468113,0.041127522786458336,0.0,0.01063432306940335,0.2686733870967742,0.0006847682880122629,0.0020423076923077486,0.0010785156249999944,0.0005412100949094047,0.008786677908937732,0.0004946848541862536,0.0,182.04444444444442,5.644444444444444,581.6222222222221,5.6,5.533333333333332,1028.8888888888887,131.88888888888889,47.26666666666666
1.0,1.0,2.0,2.0,1.0,1.0,4.0,2.0,1.0,0.008843899999999395,0.34089263333333597,0.1928965999999946,0.3605667333333372,0.02350120000000023,0.021055633333333882,0.6529135999999968,0.2932399333333353,0.059490666666666435,0.003845173913043215,0.14821418840579825,0.08768027272727026,0.16389396969697145,0.01068236363636374,0.009570742424242672,0.2967789090909076,0.13329087878787965,0.027041212121212015,38883328.0,73486336.0,106647552.0,209817600.0,77045760.0,69554176.0,191406080.0,157380608.0,48828416.0,0.02800757647280967,0.06083509657118055,0.088287353515625,0.17369588216145834,0.06378173828125,0.057579888237847224,0.15845404730902776,0.10182486007462688,0.04042222764756945,0.0,0.03165840697396686,0.1985777347444763,0.0008348278471433988,0.002031012658227857,0.0020401898734177353,0.0005493471797302543,0.0125270580296898,0.0003904680851063917,0.0,184.16605166666665,6.893395555555554,579.3024477777777,6.9156177777777765,6.8504338888888885,1023.3409027777776,130.9333333333333,52.05642333333333
1.0,1.0,2.0,2.0,1.0,1.0,4.0,2.0,1.0,0.005200999999999567,0.12315593333332799,0.23128029999999858,0.3144020333333306,0.023938600000000556,0.017780433333333196,0.7368095000000005,0.19941776666666372,0.041488366666665874,0.0022613043478258987,0.053546057971012175,0.10512740909090842,0.14291001515151391,0.01088118181818207,0.008082015151515088,0.3349134090909092,0.09064443939393804,0.018858348484848124,39071744.0,77733888.0,110030848.0,207032320.0,76349440.0,69763072.0,193085440.0,157712384.0,49115136.0,0.028143292107250754,0.06435139973958333,0.09108818901909721,0.1713901095920139,0.0632052951388889,0.05775282118055555,0.1598442925347222,0.1020395183175034,0.040659586588541664,0.0,0.043759215456674376,0.1692615384615385,0.0010513603732950508,0.0020457692307691527,0.0010833333333333064,0.0006156120120609584,0.02413962568570507,0.00043816466552315736,0.0,192.46666666666664,5.822222222222222,626.0444444444444,5.866666666666666,5.8,1105.4666666666665,141.8222222222222,52.66666666666666
1.0,1.0,2.0,2.0,1.0,1.0,4.0,2.0,1.0,0.04177566666666432,0.27366486666666484,0.1802930333333333,0.289349233333337,0.016384433333333465,0.01408579999999991,0.7309453999999989,0.27716683333333114,0.07312643333333427,0.018163333333332313,0.11898472463768038,0.08195137878787877,0.13152237878788045,0.007447469696969756,0.006402636363636322,0.3322479090909085,0.12598492424242325,0.0332392878787883,99205120.0,78544896.0,109985792.0,206389248.0,76357632.0,69500928.0,190877696.0,155160576.0,47894528.0,0.07145723187311179,0.06502278645833333,0.09105088975694445,0.17085774739583331,0.06321207682291667,0.057535807291666664,0.1580166286892361,0.10038850491858888,0.039649115668402776,0.0,0.047288188976378195,0.2182054794520548,0.0009650149233482514,0.0022692567567567964,0.0011741134751773257,0.0007566970533721666,0.025110909355026155,0.0005632231404958618,0.0,207.33333333333331,6.31111111111111,657.8,6.355555555555554,6.31111111111111,1172.0444444444443,150.71111111111108,54.02222222222222
1.0,1.0,2.0,2.0,1.0,1.0,4.0,2.0,1.0,0.2641576999999984,0.18256696666666508,0.23972313333333184,0.32642413333333403,0.030242033333333515,0.015313333333333881,0.8271601999999949,0.36679826666666243,0.055841366666667606,0.11485117391304278,0.07937694202898482,0.10896506060605993,0.14837460606060637,0.01374637878787887,0.006960606060606309,0.3759819090909068,0.16672648484848293,0.025382439393939818,321241088.0,79122432.0,113438720.0,208158720.0,75575296.0,70967296.0,192487424.0,158072832.0,49393664.0,0.23138925604229607,0.06550089518229167,0.09390936957465278,0.17232259114583331,0.0625644259982639,0.05874972873263889,0.15934922960069445,0.10227272727272727,0.04089016384548611,0.023207857701329167,0.045159536662168244,0.25692121212121216,0.0010867156208277649,0.0023025974025972992,0.0010186666666666616,0.0007014196787148568,0.029172668961201388,0.0004557768924302818,103.77777777777777,195.64444444444442,6.888888888888888,613.2666666666667,6.977777777777777,6.866666666666666,1099.2444444444443,141.1111111111111,54.71111111111111
1.0,1.0,2.0,2.0,1.0,1.0,4.0,2.0,1.0,0.004621300000000398,0.18644736666666784,0.16227586666667324,0.24134213333333226,0.01644993333333294,0.014537199999999946,0.48790979999999756,0.15914550000000532,0.05002156666666716,0.0020092608695653907,0.08106407246376864,0.07376175757576056,0.10970096969696921,0.007477242424242245,0.0066078181818181566,0.22177718181818068,0.07233886363636605,0.02273707575757598,43446272.0,82001920.0,107343872.0,210583552.0,76619776.0,72298496.0,193601536.0,157966336.0,50311168.0,0.03129425509818731,0.06788465711805555,0.0888637966579861,0.17432996961805555,0.06342909071180555,0.059851752387152776,0.1602715386284722,0.10220382462686567,0.041649712456597224,0.0,0.023450946905647623,0.15469999999999998,0.0005989305103148612,0.0022511612915632117,0.0010865384615384964,0.00041397565174618655,0.010057287259050321,0.0004336094674556058,0.0,128.95555555555555,4.644444444444444,397.59999999999997,4.71111111111111,4.71111111111111,710.6222222222221,91.75555555555555,36.93333333333333
1.0,1.0,2.0,2.0,1.0,1.0,4.0,2.0,1.0,0.0053759000000013655,0.17436296666667203,0.0903063333333384,0.16890713333333263,0.01909363333333355,0.010569099999999783,0.42567573333333253,0.1884777999999945,0.04199073333333369,0.0023373478260875504,0.07580998550724871,0.041048333333335636,0.07677596969696937,0.00867892424242434,0.004804136363636265,0.19348896969696935,0.08567172727272476,0.01908669696969713,43520000.0,75677696.0,109789184.0,209170432.0,76820480.0,72421376.0,193249280.0,157425664.0,50032640.0,0.03134736121601209,0.0626491970486111,0.09088812934027779,0.1731601291232639,0.0635952419704861,0.05995347764756945,0.15997992621527776,0.10185401119402984,0.041419135199652776,0.0,0.0016167196819090069,0.14227906976744184,0.00048608067729084587,0.00243011363636362,0.001578494623655867,0.0002152510195471721,0.004487120794263632,0.0003231508875739763,0.0,111.3111111111111,3.9777777777777774,352.6222222222222,3.9555555555555553,3.9777777777777774,630.5999999999999,80.84444444444443,30.377777777777773
1.0,1.0,2.0,2.0,1.0,1.0,4.0,2.0,1.0,0.005837566666665832,0.1277228999999958,0.1592486000000013,0.17864333333333207,0.02022809999999898,0.01729826666666649,0.36791559999999823,0.15817080000000014,0.04043656666666493,0.002538072463767753,0.05553169565217209,0.07238572727272785,0.08120151515151458,0.009194590909090444,0.007862848484848403,0.16723436363636282,0.07189581818181824,0.018380257575756787,43560960.0,75313152.0,105349120.0,216035328.0,79126528.0,70733824.0,184029184.0,153149440.0,54677504.0,0.03137686461480362,0.062347412109375,0.08721245659722222,0.17884318033854169,0.06550428602430555,0.058556450737847224,0.1523471408420139,0.09908730495251018,0.045264350043402776,0.0,0.014553342305967307,0.1258783783783784,0.0005005933879627092,0.0017588607594935422,0.0010743589743590115,0.00028353513770180386,0.007175956790122982,0.00037012987012988196,0.0,98.6222222222222,3.4666666666666663,311.26666666666665,3.5111111111111106,3.5111111111111106,561.4222222222221,71.88888888888889,27.13333333333333
1.0,1.0,2.0,2.0,1.0,1.0,4.0,2.0,1.0,0.00531386666666549,0.16686853333333146,0.14041153333333511,0.16435430000000412,0.02352216666666512,0.014671233333333096,0.2771077666666656,0.13875370000000278,0.03427470000000312,0.0023103768115936914,0.07255153623188325,0.06382342424242504,0.07470650000000187,0.010691893939393236,0.006668742424242316,0.12595807575757526,0.0630698636363649,0.015579409090910509,43569152.0,72507392.0,104468480.0,212164608.0,79859712.0,70774784.0,190615552.0,151089152.0,54992896.0,0.03138276529456193,0.06002468532986111,0.0864834255642361,0.17563883463541669,0.06611124674479167,0.05859035915798611,0.1577996148003472,0.09775430376526459,0.045525444878472224,0.0,0.008779891794409873,0.1322733333333333,0.0003345604157643894,0.002010526315789512,0.001034666666666647,0.0001949318845280528,0.005205886075949028,0.00026467741935483634,0.0,98.1111111111111,3.3777777777777773,309.2222222222222,3.3777777777777773,3.355555555555555,546.5111111111111,70.17777777777778,27.33333333333333
1.0,1.0,2.0,2.0,1.0,1.0,4.0,2.0,1.0,0.004930666666666639,0.14020700000000186,0.11057420000000207,0.1580187333333356,0.020826933333332437,0.01728309999999927,0.367199100000001,0.17656600000000444,0.0340454333333317,0.002143768115942017,0.06095956521739212,0.05026100000000093,0.071826696969698,0.009466787878787472,0.007855954545454213,0.16690868181818225,0.08025727272727473,0.015475196969696228,40558592.0,72552448.0,107024384.0,206917632.0,79929344.0,69935104.0,187011072.0,149995520.0,53178368.0,0.029214265483383687,0.06006198459201389,0.08859931098090279,0.171295166015625,0.06616889105902778,0.05789523654513889,0.154815673828125,0.09704672659430122,0.04402330186631945,0.0,0.010171353482260673,0.14125685626865533,0.0004910497614178481,0.0016888888888890706,0.0010337837837837837,0.00037360952162966856,0.005389669669669593,0.0005155348047538287,0.0,102.60008790514145,3.400043458721622,329.95573334123486,3.3778212364993996,3.488932347610511,586.644578771402,74.9111111111111,26.844531361887686
1.0,1.0,2.0,2.0,1.0,1.0,4.0,2.0,1.0,0.14041356666666993,0.12868719999999786,0.13956509999999772,0.2583059333333324,0.023993600000000014,0.011229866666666529,0.40795726666667015,0.1541533333333296,0.04522449999999859,0.06104937681159564,0.055950956521738204,0.06343868181818077,0.11741178787878745,0.010906181818181824,0.005104484848484785,0.18543512121212277,0.07006969696969526,0.020556590909090268,240574464.0,74911744.0,109355008.0,210735104.0,80003072.0,70127616.0,185368576.0,150716416.0,53243904.0,0.17328526246223566,0.06201510959201389,0.09052870008680555,0.17445543077256945,0.06622992621527778,0.058054606119791664,0.15345594618055555,0.09751314450474899,0.044077555338541664,0.039788645038167945,0.017730375909459264,0.13214880952380953,0.0004452591170825281,0.0017367469879518245,0.001120238095238078,0.00036618666855363233,0.00661406249999947,0.00022881231671554144,22.444444444444443,109.48888888888888,3.733333333333333,348.68888888888887,3.755555555555555,3.755555555555555,622.9777777777778,78.46666666666665,29.799999999999997
1.0,1.0,2.0,2.0,1.0,1.0,3.0,2.0,1.0,0.16881370000000212,0.2202584999999999,0.12784799999999902,0.2167101333333297,0.012784333333333583,0.012808966666666304,0.4284322666666715,0.18115663333333032,0.04570513333333111,0.07339726086956615,0.09576456521739127,0.058112727272726816,0.0985046060606044,0.005811060606060719,0.0058222575757574105,0.19474193939394158,0.08234392424242287,0.020775060606059593,320761856.0,74874880.0,112140288.0,212930560.0,78405632.0,71520256.0,146944000.0,155000832.0,50339840.0,0.23104406627643503,0.06198459201388889,0.09283447265625,0.1762729220920139,0.0649074978298611,0.05920749240451389,0.1216464572482639,0.10028515094979647,0.04167344835069445,0.001385498687664042,0.0016259999999999866,0.14849350346412069,0.0004276448665544559,0.0023186813186813183,0.001090957446808503,0.00032240420685959525,0.004946891464699474,0.000304587765957441,67.97777777777777,117.51696444444443,3.958482222222222,370.055795,4.002926666666666,3.980704444444444,661.2084238888888,84.68888888888888,32.89474222222222
1.0,1.0,1.0,2.0,1.0,1.0,3.0,2.0,1.0,0.06252256666666653,0.16783643333333204,0.17900063333333946,0.25791706666666225,0.01828660000000089,0.01564760000000073,0.4162766666666679,0.18182040000000183,0.042095199999998084,0.027183724637681102,0.07297236231884002,0.08136392424242703,0.11723503030302829,0.008312090909091314,0.007112545454545786,0.18921666666666725,0.08264563636363717,0.019134181818180947,42864640.0,75223040.0,62382080.0,211697664.0,77115392.0,75038720.0,148905984.0,155316224.0,51781632.0,0.030875306835347432,0.06227281358506945,0.051642523871527776,0.17525227864583334,0.0638393825954861,0.06212022569444445,0.12327067057291667,0.10048920878561737,0.042867024739583336,0.007754670912951124,0.0043701805054162214,0.21535500000000002,0.00039894706224549275,0.0019026315789474452,0.0010793478260869484,0.00046844233361144686,0.005431710393541684,0.0003845710627400703,17.2,124.15555555555554,4.288888888888889,389.6444444444444,4.199999999999999,4.199999999999999,693.0444444444444,88.37777777777777,34.86666666666666
1.0,1.0,1.0,2.0,1.0,1.0,3.0,2.0,1.0,0.00561246666666572,0.15972566666667565,0.14689526666666855,0.23752443333333037,0.017969699999999495,0.012520966666666784,0.4481782666666675,0.23785086666666994,0.039395333333334295,0.0024402028985503134,0.06944594202898942,0.06677057575757661,0.10796565151515017,0.008168045454545225,0.005691348484848538,0.20371739393939428,0.1081140303030318,0.017906969696970133,38883328.0,75112448.0,58810368.0,208105472.0,77455360.0,75300864.0,145702912.0,155951104.0,50331648.0,0.02800757647280967,0.06218126085069445,0.048685709635416664,0.1722785101996528,0.0641208224826389,0.062337239583333336,0.12061903211805555,0.10089997455902307,0.041666666666666664,0.0,0.012264861549246418,0.23483510638297872,0.0003684447227598863,0.0018153061224489202,0.0010479797979798347,0.0004180113815997482,0.00830526059425249,0.0003140943877550928,0.0,125.1111111111111,4.355555555555555,387.4444444444444,4.3999999999999995,4.377777777777777,700.0888888888888,90.35555555555555,35.44444444444444
1.0,1.0,1.0,2.0,1.0,1.0,3.0,2.0,1.0,0.006164133333334121,0.1712001333333319,0.09779186666667102,0.2166966666666705,0.02284303333333355,0.018673233333332935,0.49678989999999884,0.19789093333333674,0.0417490333333338,0.0026800579710148354,0.07443484057970952,0.04445084848485046,0.09849848484848658,0.010383196969697068,0.008487833333333151,0.22581359090909037,0.08995042424242577,0.018976833333333547,38907904.0,74932224.0,58884096.0,206979072.0,76599296.0,75440128.0,147234816.0,156221440.0,50204672.0,0.02802527851208459,0.062032063802083336,0.048746744791666664,0.17134602864583331,0.0634121365017361,0.06245252821180555,0.12188720703125,0.10107488127544098,0.04156155056423611,0.0,0.008090261194029164,0.18355747126436783,0.00045955621301774045,0.0017772727272726612,0.0010696629213482818,0.0003811701987626717,0.007032004142931028,0.00027880794701985793,0.0,119.06666666666665,3.844444444444444,377.0222222222222,3.844444444444444,3.844444444444444,677.2666666666665,86.77777777777777,32.599999999999994
1.0,1.0,1.0,2.0,1.0,1.0,3.0,2.0,1.0,0.0032326000000011844,0.22143013333332723,0.130896933333338,0.1923926333333327,0.017462933333333316,0.00841700000000003,0.45080763333333496,0.1800457666666612,0.036725233333334016,0.0014054782608700802,0.0962739710144901,0.059498606060608174,0.08745119696969668,0.007937696969696961,0.003825909090909104,0.20491256060606133,0.08183898484848234,0.01669328787878819,36864000.0,73760768.0,55185408.0,205217792.0,76541952.0,75530240.0,139489280.0,152117248.0,47280128.0,0.026553058912386705,0.06106228298611111,0.045684814453125,0.1698879665798611,0.06336466471354167,0.0625271267361111,0.11547512478298612,0.09841947930800543,0.03914048936631945,0.0,0.013100168855535284,0.2433772727272727,0.0004039038485183934,0.002321875000000026,0.0010906249999999807,0.00042782293276012403,0.0067753902185225786,0.00025388535031846117,0.0,118.82222222222221,5.044444444444443,361.8444444444444,4.999999999999999,5.022222222222221,659.5555555555554,85.8,34.33333333333333
1.0,1.0,1.0,2.0,1.0,1.0,3.0,2.0,1.0,0.00554179999999936,0.12760620000000622,0.15056683333333087,0.25191516666666114,0.02483569999999986,0.01451843333333329,0.40777133333333115,0.17759216666666094,0.04469923333333175,0.002409478260869287,0.05548095652174185,0.06843946969696857,0.11450689393939142,0.01128895454545448,0.00659928787878786,0.18535060606060505,0.08072371212120952,0.020317833333332612,36900864.0,73220096.0,57421824.0,207544320.0,75304960.0,71536640.0,140869632.0,152363008.0,47153152.0,0.026579611971299093,0.060614691840277776,0.047536214192708336,0.17181396484375,0.062340630425347224,0.05922105577256945,0.11661783854166667,0.0985784854138399,0.03903537326388889,0.0,0.005090019083969458,0.18367499999999998,0.0003771602082128241,0.0018594936708860945,0.0011701219512195212,0.000400490359597038,0.005356527484143849,0.000312357954545467,0.0,117.13333333333331,3.5999999999999996,387.4,3.5777777777777775,3.666666666666666,667.6666666666666,85.17777777777778,31.911111111111108
1.0,1.0,1.0,2.0,1.0,1.0,3.0,2.0,1.0,0.11304903333333413,0.13440616666666755,0.13656720000000555,0.16680580000000114,0.017725266666667495,0.0087821999999998,0.35255760000000574,0.19237056666666774,0.03387393333333269,0.04915175362318876,0.05843746376811633,0.06207600000000253,0.0758208181818187,0.00805693939393977,0.003991909090908999,0.16025345454545714,0.08744116666666715,0.015397242424242131,212209664.0,71548928.0,55697408.0,204406784.0,75309056.0,71757824.0,139595776.0,153006080.0,47423488.0,0.15285415879909364,0.05923122829861111,0.04610866970486111,0.1692165798611111,0.06234402126736111,0.05940416124131945,0.11556328667534722,0.0989945513907734,0.03925916883680555,0.0,0.01759973843058335,0.19575625,0.00045657814221026523,0.0020129629629629087,0.0010867088607594752,0.00048116780452749135,0.009509751271904933,0.000466784203102968,0.0,109.51111111111109,3.5777777777777775,359.8666666666666,3.533333333333333,3.5555555555555554,615.4444444444443,78.24444444444444,30.599999999999998
1.0,1.0,1.0,2.0,1.0,1.0,3.0,2.0,1.0,0.29927436666666457,0.12764003333333374,0.1129353333333332,0.1340505333333359,0.025744133333332305,0.012311933333333514,0.36860106666666753,0.17384829999999643,0.024160566666667667,0.13011928985507157,0.055495666666666846,0.05133424242424236,0.060932060606061766,0.011701878787878319,0.005596333333333415,0.16754593939393975,0.07902195454545291,0.010982075757576211,334704640.0,72941568.0,57397248.0,210669568.0,76357632.0,73371648.0,143101952.0,154419200.0,47943680.0,0.24108702322507553,0.060384114583333336,0.047515869140625,0.1744011773003472,0.06321207682291667,0.060740152994791664,0.11846584743923612,0.09990883649932158,0.03968980577256945,0.01008366686286052,0.01996573648887306,0.24289175257731957,0.0005807092198581374,0.0020500000000000544,0.001064814814814882,0.00042560848507142027,0.01249627224627191,0.0003450722733245567,75.13333333333333,127.17777777777776,4.533333333333332,383.9333333333333,4.6,4.5777777777777775,728.5555555555554,93.75555555555555,34.84444444444444
1.0,1.0,1.0,2.0,1.0,1.0,3.0,2.0,1.0,0.09166060000000016,0.16000753333332796,0.15144810000000083,0.221474866666667,0.01377366666666641,0.014945699999999344,0.4185232000000023,0.1301853000000013,0.03795456666666723,0.03985243478260877,0.06956849275362086,0.06884004545454583,0.10067039393939407,0.006260757575757459,0.006793499999999701,0.19023781818181923,0.05917513636363696,0.01725207575757601,41422848.0,76660736.0,58322944.0,209620992.0,76357632.0,74752000.0,149106688.0,155545600.0,48189440.0,0.029836787197885198,0.06346299913194445,0.04828219943576389,0.17353312174479166,0.06321207682291667,0.061882866753472224,0.12343682183159724,0.1006376144843962,0.039893256293402776,0.008756209150326716,0.02466305319624512,0.28270000000000006,0.00043284604519772406,0.0019850649350649165,0.0010993333333332944,0.00042429219023382283,0.01068830968537961,0.0002759112519809745,16.644444444444442,98.53333333333332,3.3999999999999995,306.2444444444444,3.3999999999999995,3.3999999999999995,554.5333333333333,71.86666666666666,27.422222222222217
1.0,1.0,1.0,2.0,1.0,1.0,3.0,2.0,1.0,0.005284733333333709,0.10298586666666172,0.0651264666666672,0.1497529666666651,0.012851333333333059,0.012086166666667472,0.2674495666666625,0.16553906666666857,0.04280593333333324,0.0022977101449276997,0.0447764637681138,0.029602939393939636,0.06806953030302958,0.0058415151515150265,0.005493712121212487,0.12156798484848294,0.07524503030303116,0.01945724242424238,39849984.0,74637312.0,58290176.0,207998976.0,76386304.0,71864320.0,149831680.0,155807744.0,48238592.0,0.02870385668429003,0.061787923177083336,0.048255072699652776,0.17219034830729169,0.0632358127170139,0.05949232313368055,0.12403700086805555,0.1008072209972863,0.03993394639756945,0.0,0.02471276762402147,0.18444927536231884,0.00038616912888436776,0.0019418918918917543,0.001019178082191751,0.0004443802569553599,0.008674318507890962,0.00034284403669724504,0.0,85.44444444444444,3.177777777777777,266.35555555555555,3.2222222222222214,3.155555555555555,483.28888888888883,61.73333333333333,24.46666666666666
1.0,1.0,1.0,2.0,1.0,1.0,3.0,2.0,1.0,0.005701299999998355,0.12839279999999842,0.08604649999999765,0.12018143333333266,0.01623100000000098,0.0076733333333332135,0.28705803333333313,0.18697266666666887,0.02021359999999959,0.0024788260869558067,0.055822956521738444,0.039112045454544386,0.054627924242423936,0.007377727272727718,0.003487878787878733,0.13048092424242416,0.08498757575757675,0.009187999999999813,40148992.0,73281536.0,57516032.0,209551360.0,76369920.0,71925760.0,149549056.0,154923008.0,48373760.0,0.028919231495468278,0.06066555447048611,0.047614203559027776,0.17347547743055555,0.06322224934895833,0.05954318576388889,0.12380303276909721,0.10023479901628222,0.040045844184027776,0.0,0.007815691056910165,0.1623392857142857,0.0004986897274632993,0.002742105263157818,0.0011008620689655548,0.0003573265635380148,0.00688982861400922,0.00025737373737374765,0.0,81.9111111111111,2.5555555555555554,255.2222222222222,2.5777777777777775,2.5555555555555554,468.71111111111105,59.97777777777777,22.177777777777777
1.0,1.0,1.0,2.0,1.0,1.0,3.0,2.0,1.0,0.0040636333333319875,0.08539309999999507,0.10807270000000244,0.1623513333333373,0.016554700000000366,0.015317333333333258,0.3178002666666695,0.1393255999999989,0.03268176666666704,0.0017667971014486904,0.03712743478260656,0.04912395454545565,0.0737960606060624,0.0075248636363638025,0.0069624242424242075,0.14445466666666795,0.06332981818181768,0.014855348484848653,38346752.0,73248768.0,57683968.0,205737984.0,73936896.0,72077312.0,149794816.0,152137728.0,46952448.0,0.027621081948640484,0.060638427734375,0.047753228081597224,0.170318603515625,0.061208089192708336,0.059668646918402776,0.12400648328993055,0.09843272981682497,0.038869222005208336,0.0,0.0015640053763437043,0.16685,0.00032838961038959857,0.002733088235293989,0.0010485294117646953,0.00021913231064237828,0.0050840568862274066,0.00040565134099617556,0.0,82.26666666666665,3.0666666666666664,255.59999999999997,3.0666666666666664,3.0888888888888886,462.04444444444437,59.28888888888888,23.13333333333333
1.0,1.0,1.0,2.0,1.0,1.0,3.0,2.0,1.0,0.004725199999999556,0.13773266666667042,0.09918009999999716,0.18385469999999865,0.017603733333334048,0.007290833333333542,0.3072576333333359,0.13757573333333162,0.037671800000002045,0.0020544347826085027,0.05988376811594366,0.045081863636362345,0.08357031818181757,0.008001696969697294,0.003314015151515246,0.13966256060606175,0.06253442424242345,0.017123545454546384,38780928.0,72921088.0,54755328.0,206098432.0,74485760.0,69251072.0,144035840.0,151076864.0,47095808.0,0.027933817975830815,0.06036716037326389,0.045328776041666664,0.1706169976128472,0.06166246202256945,0.05732896592881945,0.11923895941840278,0.09774635345997286,0.03898790147569445,0.0,0.001475851938895841,0.18006034482758623,0.00024915130498264653,0.001998275862068865,0.0010289473684210778,0.0001879194283347097,0.0049953012048191085,0.00025401691331921125,0.0,75.13333333333333,2.511111111111111,240.0222222222222,2.533333333333333,2.533333333333333,431.2666666666666,55.35555555555555,20.22222222222222
1.0,1.0,1.0,2.0,1.0,1.0,3.0,2.0,1.0,0.026137533333333823,0.1493706333333345,0.09266699999999825,0.1479185333333381,0.021371633333334708,0.011481866666666935,0.27163059999999745,0.1515192999999954,0.027302899999998922,0.011364144927536447,0.06494375362318892,0.04212136363636284,0.06723569696969912,0.009714378787879412,0.005219030303030425,0.12346845454545338,0.06887240909090699,0.0124104090909086,77172736.0,73076736.0,54644736.0,205950976.0,74780672.0,69672960.0,143441920.0,151539712.0,47288320.0,0.05558735366314199,0.060496012369791664,0.045237223307291664,0.1704949273003472,0.06190660264756945,0.05767822265625,0.11874728732638888,0.09804581495929443,0.039147271050347224,0.0,0.00154084872979282,0.126925,0.00032641492429702935,0.0027723214285715584,0.0010641666666666425,0.00014569502604433598,0.005397905972062851,0.0003674796747967317,0.0,77.19999999999999,2.5999999999999996,246.4444444444444,2.533333333333333,2.5777777777777775,434.01273888888886,54.523849999999996,21.688888888888886
1.0,1.0,1.0,2.0,1.0,1.0,3.0,1.0,1.0,0.10326036666666595,0.10867220000000088,0.0744209000000031,0.1567758666666691,0.018025166666666335,0.012817499999999881,0.26320426666667157,0.11158120000000053,0.03249216666666446,0.0448958115942026,0.04724878260869604,0.03382768181818323,0.07126175757575867,0.008193257575757425,0.005826136363636309,0.11963830303030526,0.05071872727272751,0.014769166666665664,292302848.0,74452992.0,57868288.0,204570624.0,77099008.0,71958528.0,147927040.0,81072128.0,49360896.0,0.2105451047960725,0.061635335286458336,0.047905815972222224,0.16935221354166669,0.06382581922743055,0.0595703125,0.12246025933159721,0.05245346421302578,0.040863037109375,0.018151598465473203,0.01590749032614786,0.20863888888888887,0.000496411137226535,0.002020149253731213,0.0011035714285714806,0.00029528188539740946,0.017036692015209833,0.00024202508960573997,34.68888888888888,80.08888888888887,3.133333333333333,246.1333333333333,2.9999999999999996,3.0888888888888886,476.8666666666666,58.77777777777777,24.4
1.0,1.0,1.0,1.0,1.0,1.0,2.0,1.0,1.0,0.1558914333333329,0.10700660000000728,0.0667947333333359,0.15770899999999982,0.011460233333332326,0.008193233333332727,0.22399090000000116,0.06779539999999998,0.0268212333333319,0.06777888405797083,0.04652460869565535,0.030361242424243585,0.07168590909090901,0.005209196969696512,0.003724196969696694,0.10181404545454598,0.030816090909090897,0.012191469696969045,312328192.0,74784768.0,58363904.0,103235584.0,77250560.0,72212480.0,103354368.0,81141760.0,48979968.0,0.2249693164652568,0.061909993489583336,0.048316107855902776,0.08546278211805555,0.06395128038194445,0.05978054470486111,0.08556111653645833,0.05249851594301221,0.040547688802083336,0.0012733124018838398,0.01078243176178679,0.14157936507936505,0.00047221179414985855,0.0019333333333334543,0.0010791666666666666,0.0005022611139499202,0.014070850340136309,0.00023557114228458956,57.33333333333333,90.84444444444443,2.666666666666666,288.97777777777776,2.644444444444444,2.666666666666666,518.2666666666667,66.62222222222222,22.422222222222217
1.0,1.0,1.0,1.0,1.0,1.0,2.0,1.0,1.0,0.09918799999999994,0.1172886333333281,0.1292218666666713,0.18252706666666352,0.02210179999999961,0.01444626666666693,0.3514250666666631,0.15407696666666199,0.043215733333336934,0.04312521739130433,0.050995057971012225,0.058737212121214216,0.08296684848484705,0.01004627272727255,0.006566484848484967,0.15973866666666503,0.07003498484848271,0.019643515151516786,347922432.0,74977280.0,63258624.0,106246144.0,77479936.0,72667136.0,103333888.0,81108992.0,49647616.0,0.25060777001510576,0.06206936306423611,0.0523681640625,0.0879550509982639,0.06414116753472222,0.060156928168402776,0.0855441623263889,0.05247731512890095,0.041100396050347224,0.004761531841652305,0.02217542942494342,0.28889150943396225,0.000658330299720908,0.0024560747663553034,0.0010259090909091437,0.0007991590115150756,0.02649789281997928,0.00047919463087248815,47.71111111111111,121.48888888888887,4.755555555555555,374.3555555555555,4.7333333333333325,4.71111111111111,693.5333333333333,87.71111111111111,34.133333333333326
1.0,1.0,1.0,2.0,1.0,1.0,3.0,1.0,1.0,0.004662366666669489,0.23967093333333953,0.19188030000000253,0.16514523333333575,0.017591500000001283,0.012658066666666438,0.4780235333333318,0.19327306666666572,0.033407066666666194,0.002027115942030213,0.10420475362319111,0.08721831818181933,0.07506601515151624,0.007996136363636946,0.005753666666666562,0.21728342424242353,0.0878513939393935,0.015185030303030088,43532288.0,75206656.0,60727296.0,168538112.0,77582336.0,72785920.0,151470080.0,81113088.0,49782784.0,0.03135621223564955,0.06225925021701389,0.050272623697916664,0.1395229763454861,0.06422593858506945,0.06025526258680555,0.1253933376736111,0.05247996523066486,0.04121229383680555,0.0,0.01706795665634674,0.27648514851485145,0.0006701735319305357,0.0020859375,0.001035869565217423,0.00032450400954197716,0.03084238253440929,0.00029975093399749214,0.0,131.2455704454371,4.2000311131853225,421.1794980240164,4.266666666666666,4.177777777777777,715.8181248314331,95.17863561274454,35.77803409116163
1.0,1.0,1.0,2.0,1.0,1.0,3.0,1.0,1.0,0.0026882000000000516,0.19745649999999842,0.1251751000000013,0.1740101666666642,0.028638399999999817,0.010505866666666938,0.4383446666666702,0.157814133333333,0.043760833333332506,0.0011687826086956747,0.08585065217391237,0.05689777272727331,0.07909553030302917,0.013017454545454462,0.004775393939394062,0.19924757575757734,0.07173369696969681,0.0198912878787875,43573248.0,73588736.0,56811520.0,173547520.0,76124160.0,72916992.0,154255360.0,81117184.0,49393664.0,0.031385715634441085,0.060919867621527776,0.04703097873263889,0.14366997612847224,0.063018798828125,0.06036376953125,0.12769911024305555,0.05248261533242877,0.04089016384548611,0.0,0.00585120090879573,0.20945614035087717,0.00047158077044189744,0.0020049549549549816,0.0011340517241378934,0.00044625043905865746,0.019912035794183193,0.00029746835443037557,0.0,136.2222222222222,5.111111111111111,419.2666666666666,5.0,5.133333333333333,758.4444444444443,98.17777777777776,38.266666666666666
1.0,1.0,1.0,2.0,1.0,1.0,3.0,1.0,1.0,0.006755733333333561,0.19401556666666692,0.14846353333333204,0.2275489333333315,0.020071333333333996,0.013389133333333803,0.545704166666663,0.22579103333333325,0.03735203333333553,0.0029372753623189396,0.08435459420289866,0.06748342424242365,0.1034313333333325,0.009123333333333634,0.00608596969696991,0.24804734848484677,0.10263228787878784,0.016978196969697972,39772160.0,75419648.0,56758272.0,193572864.0,76599296.0,73031680.0,149618688.0,81117184.0,49606656.0,0.0286478002265861,0.06243557400173611,0.046986897786458336,0.160247802734375,0.0634121365017361,0.06045871310763889,0.12386067708333334,0.05248261533242877,0.041066487630208336,0.0,0.023398828382838407,0.21640860215053764,0.0006160483131179295,0.001907142857142729,0.001046739130434814,0.00045215014164305965,0.03774957052441221,0.0003370779220779023,0.0,135.35555555555555,4.199999999999999,433.66666666666663,4.111111111111111,4.111111111111111,787.7333333333332,99.97777777777777,35.64444444444444
1.0,1.0,1.0,2.0,1.0,1.0,3.0,2.0,1.0,0.003020766666664561,0.11017990000000281,0.11143986666666782,0.20189646666666536,0.020442066666667338,0.016429633333333034,0.4994172666666747,0.04630019999999604,0.04223029999999805,0.0013133768115932876,0.04790430434782732,0.050654484848485365,0.09177112121212061,0.00929184848484879,0.007468015151515015,0.22700784848485211,0.02104554545454365,0.01919559090909002,40116224.0,72937472.0,59297792.0,196210688.0,75984896.0,71262208.0,150183936.0,152674304.0,47980544.0,0.028895628776435044,0.06038072374131945,0.04908921983506945,0.16243150499131945,0.06290351019965278,0.05899386935763889,0.12432861328125,0.09877989314789687,0.03972032335069445,0.0,0.03210252215405602,0.24706435643564356,0.0004197236316528001,0.002860891089108738,0.0009943298969071863,0.00045481057592264106,0.012138816429449854,0.0002512946979038081,0.0,129.57777777777775,4.3999999999999995,412.84444444444443,4.488888888888889,4.355555555555555,725.0945022222221,89.16116888888888,35.577777777777776
1.0,1.0,1.0,2.0,1.0,1.0,3.0,2.0,1.0,0.006486533333331105,0.07604363333333215,0.1529258666666692,0.21360226666666454,0.02195036666666586,0.016888466666666584,0.39592049999999834,0.24407100000000198,0.02292163333333216,0.0028202318840570024,0.03306244927536181,0.06951175757575873,0.09709193939393843,0.009977439393939028,0.00767657575757572,0.17996386363636285,0.11094136363636453,0.010418924242423709,38666240.0,73150464.0,57876480.0,191266816.0,76120064.0,71630848.0,143151104.0,157048832.0,48050176.0,0.027851208459214502,0.060557047526041664,0.04791259765625,0.15833875868055555,0.0630154079861111,0.05929904513888889,0.11850653754340279,0.10161020183175035,0.03977796766493055,0.0,0.013574198447519281,0.20587878787878788,0.0004518192488262845,0.0018372340425531605,0.0009932989690721499,0.0005715979805095647,0.00819139860139834,0.0003561594202898744,0.0,132.0222222222222,4.222222222222221,417.0666666666666,4.355555555555555,4.444444444444445,753.8222222222221,95.7111111111111,36.37777777777777
1.0,1.0,1.0,2.0,1.0,1.0,3.0,2.0,1.0,0.20000016666666623,0.21011020000000827,0.16274459999999635,0.25770363333333723,0.013585199999999987,0.014768333333333316,0.4466759666666644,0.2033622333333273,0.01955803333333582,0.08695659420289838,0.09135226086956882,0.07397481818181652,0.11713801515151692,0.006175090909090903,0.00671287878787878,0.2030345303030293,0.09243737878787604,0.008890015151516282,292163584.0,77246464.0,59576320.0,186806272.0,76181504.0,71331840.0,144547840.0,155246592.0,48381952.0,0.21044479324018128,0.06394788953993055,0.04931979709201389,0.15464613172743058,0.06306627061631945,0.059051513671875,0.11966281467013888,0.10044415705563094,0.04005262586805555,0.030978146453089273,0.0037427540681612306,0.17024576271186442,0.0004647225694778276,0.0019369565217391303,0.0010735294117646449,0.0005443269966131293,0.0069426834470991345,0.00035153846153845907,55.7111111111111,145.2444444444444,5.111111111111111,464.19999999999993,5.088888888888889,5.111111111111111,814.9333333333333,104.82222222222221,39.911111111111104
1.0,1.0,1.0,2.0,1.0,1.0,3.0,2.0,1.0,0.14764656666666648,0.14880403333333259,0.1575499333333331,0.28469636666666837,0.02126536666666728,0.01909746666666668,0.321345099999999,0.229052266666672,0.04677083333333485,0.06419415942028978,0.06469740579710113,0.07161360606060595,0.12940743939394017,0.009666075757576036,0.008680666666666672,0.14606595454545407,0.10411466666666908,0.021259469696970384,341569536.0,77619200.0,58347520.0,187293696.0,76263424.0,71618560.0,143892480.0,155529216.0,48189440.0,0.24603179286253776,0.06425645616319445,0.048302544487847224,0.15504964192708334,0.06313408745659722,0.059288872612847224,0.11912027994791667,0.10062701407734057,0.039893256293402776,0.003942208588957092,0.005281099279674174,0.24665656565656568,0.0004031720538044405,0.00198269230769214,0.001085576923076937,0.00043393176234084846,0.006114876569943539,0.0003030706836616656,68.13333333333333,141.46666666666664,4.5777777777777775,445.75555555555553,4.533333333333333,4.5777777777777775,801.5333333333332,101.93333333333332,38.02222222222222
1.0,1.0,1.0,2.0,1.0,1.0,3.0,2.0,1.0,0.006606666666668085,0.180609133333337,0.17366040000000188,0.2753919333333324,0.0205001333333333,0.011448366666667199,0.5647915666666691,0.1387427333333285,0.04345566666666324,0.002872463768116559,0.07852571014492914,0.0789365454545463,0.1251781515151511,0.009318242424242408,0.005203803030303272,0.2567234393939405,0.06306487878787659,0.0197525757575742,44212224.0,78446592.0,58310656.0,187940864.0,76328960.0,72986624.0,146124800.0,153112576.0,49217536.0,0.03184596865558913,0.06494140625,0.048272026909722224,0.1555853949652778,0.06318834092881945,0.06042141384548611,0.1209682888454861,0.09906345403663501,0.04074435763888889,0.0,0.009662147505422759,0.2364580152671756,0.0005115506485790711,0.0019756198347107676,0.0009955284552845883,0.000592329137683557,0.009129763948498019,0.00030807150595883227,0.0,144.84444444444443,5.422222222222222,453.59999999999997,5.444444444444444,5.422222222222222,812.7555555555555,103.93333333333332,41.24444444444444
1.0,1.0,1.0,2.0,1.0,1.0,3.0,2.0,1.0,0.004476900000001175,0.20682123333332736,0.2152097999999948,0.2707151333333354,0.020619166666667372,0.013053566666666445,0.6061692000000051,0.23270556666666972,0.028035766666664585,0.0019464782608700764,0.08992227536231626,0.09782263636363399,0.12305233333333428,0.009372348484848804,0.005933439393939293,0.2755314545454568,0.10577525757575895,0.012743530303029356,44212224.0,78311424.0,58769408.0,187109376.0,79974400.0,73371648.0,142958592.0,153612288.0,51204096.0,0.03184596865558913,0.06482950846354167,0.048651801215277776,0.15489705403645831,0.06620619032118055,0.060740152994791664,0.11834716796875,0.09938676645183175,0.042388916015625,0.0,0.015447853577370656,0.2048684210526316,0.0005091640395695285,0.002747252747252587,0.0010587209302325919,0.000581710683144085,0.010051912442396057,0.0003876638855780605,0.0,130.48888888888888,3.911111111111111,401.5555555555555,3.9555555555555553,3.8666666666666663,694.8222222222222,93.7111111111111,34.511111111111106
1.0,1.0,1.0,2.0,1.0,1.0,3.0,2.0,1.0,0.004285366666670143,0.020538933333333866,0.009413600000001073,0.019893866666664907,0.010024166666666664,0.009844533333334009,0.04494586666666436,0.03577816666666393,0.01989523333333333,0.0018632028985522363,0.008929971014492987,0.0042789090909095785,0.009042666666665864,0.004556439393939392,0.0044747878787881855,0.02042993939393834,0.016262803030301788,0.009043287878787876,44244992.0,74256384.0,55873536.0,190193664.0,80367616.0,71962624.0,143048704.0,148955136.0,52338688.0,0.03186957137462235,0.061472574869791664,0.046254475911458336,0.15745035807291666,0.0665317111545139,0.05957370334201389,0.11842176649305555,0.09637360074626866,0.043328179253472224,0.0,0.002091666666713233,0.0,0.0003499999999986964,0.0,0.0,7.65624999985827e-05,0.003638235294128261,0.0003499999999985449,0.0,0.8666666666666666,0.0,2.5555555555555554,0.0,0.0,3.7999999999999994,0.5777777777777777,0.19999999999999998
1.0,1.0,1.0,2.0,1.0,1.0,3.0,2.0,1.0,0.004702933333332263,0.019413699999995516,0.012146133333340003,0.021403666666666273,0.007656166666667256,0.010348800000000817,0.03681776666666678,0.026040833333337333,0.013189666666664834,0.0020447536231879408,0.008440739130432834,0.005520969696972728,0.009728939393939214,0.0034800757575760254,0.004704000000000371,0.016735348484848537,0.011836742424244241,0.005995303030302197,44244992.0,74616832.0,60497920.0,179474432.0,80924672.0,72306688.0,142897152.0,149557248.0,52490240.0,0.03186957137462235,0.06177096896701389,0.05008273654513889,0.14857652452256945,0.06699286566840278,0.05985853407118055,0.11829630533854166,0.09676316570556309,0.04345364040798611,0.0,0.0,0.0,0.0,0.0,0.0,0.0,0.0,0.0,0.0,0.0,0.0,0.0,0.0,0.0,0.0,0.0,0.0
1.0,1.0,1.0,2.0,1.0,1.0,3.0,2.0,1.0,0.006268033333333278,0.012754033333339975,0.013930466666670327,0.014909999999995685,0.009968766666668216,0.010674633333332887,0.027503900000003984,0.03473546666666441,0.007573566666667375,0.0027252318840579473,0.0055452318840608595,0.0063320303030319665,0.006777272727270765,0.00453125757575828,0.004852106060605857,0.012501772727274537,0.015788848484847462,0.003442530303030625,39444480.0,71122944.0,60776448.0,179625984.0,81129472.0,71634944.0,144175104.0,147464192.0,53448704.0,0.028411773036253776,0.058878580729166664,0.050313313802083336,0.14870198567708331,0.06716240776909722,0.059302435980902776,0.119354248046875,0.09540896370420623,0.04424709743923611,0.0,0.0,0.0,0.0,0.0,0.0,0.0,0.0,0.0,0.0,0.0,0.0,0.0,0.0,0.0,0.0,0.0,0.0
1.0,1.0,1.0,2.0,1.0,1.0,3.0,2.0,1.0,0.05941179999999804,0.006657066666669683,0.00924603333333683,0.02035496666666887,0.017016466666666473,0.008653000000000096,0.026862933333335566,0.037788433333325835,0.013415133333334476,0.025831217391303497,0.0028943768115955145,0.004202742424244013,0.009252257575758578,0.007734757575757487,0.003933181818181862,0.012210424242425258,0.017176560606057198,0.006097787878788397,257630208.0,72097792.0,61042688.0,180580352.0,81235968.0,73408512.0,146632704.0,148692992.0,50434048.0,0.18557047771903323,0.059685601128472224,0.05053371853298611,0.14949205186631945,0.06725056966145833,0.060770670572916664,0.12138875325520833,0.09620399423337857,0.04175143771701389,0.0,0.0,0.0,0.0,0.0,0.0,0.0,0.0,0.0,0.0,0.0,0.0,0.0,0.0,0.0,0.0,0.0,0.0
1.0,1.0,1.0,2.0,1.0,1.0,3.0,2.0,1.0,0.07015463333333022,0.005727600000000166,0.012015033333333728,0.010167533333335636,0.010697600000001254,0.013418233333333281,0.030699133333333368,0.032996266666668106,0.010991999999998826,0.03050201449275227,0.0024902608695652898,0.005461378787878967,0.0046216060606071065,0.004862545454546024,0.0060991969696969454,0.01395415151515153,0.014998303030303684,0.004996363636363102,260251648.0,71606272.0,61087744.0,177078272.0,78589952.0,77635584.0,145293312.0,148967424.0,50159616.0,0.18745869524169184,0.05927870008680555,0.05057101779513889,0.14659288194444445,0.0650600857204861,0.06427001953125,0.12027994791666667,0.09638155105156038,0.041524251302083336,0.0,0.0,0.0,0.0,0.0,0.0,0.0,0.0,0.0,0.0,0.0,0.0,0.0,0.0,0.0,0.0,0.0,0.0
1.0,1.0,1.0,2.0,1.0,1.0,3.0,2.0,1.0,0.058536499999998645,0.006365266666656074,0.011076666666667734,0.015611100000002882,0.009556699999999788,0.011854233333333278,0.03474323333333065,0.03167550000000006,0.005544433333333624,0.025450652173912458,0.0027675072463722063,0.00503484848484897,0.007095954545455855,0.004343954545454449,0.0053882878787878535,0.015792378787877568,0.01439795454545457,0.002520196969697102,261828608.0,71663616.0,55586816.0,177528832.0,79011840.0,77811712.0,145674240.0,149307392.0,50044928.0,0.18859457609516617,0.059326171875,0.04601711697048611,0.1469658745659722,0.06540934244791667,0.06441582573784722,0.12059529622395834,0.09660150949796473,0.04142930772569445,0.0,0.0,0.0,0.0,0.0,0.0,0.0,0.0,0.0,0.0,0.0,0.0,0.0,0.0,0.0,0.0,0.0,0.0
1.0,1.0,1.0,1.0,1.0,1.0,1.0,1.0,1.0,0.05781643333333098,0.011312500000000607,0.0063945333333322195,0.01057899999999942,0.015793833333333396,0.01206516666666649,0.010570799999997386,0.01766183333333326,0.01154869999999922,0.025137579710143906,0.00491847826086983,0.002906606060605554,0.0048086363636361,0.007179015151515179,0.005484166666666586,0.004804909090907902,0.008028106060606026,0.005249409090908735,262569984.0,73965568.0,57466880.0,108130304.0,76500992.0,79171584.0,50302976.0,79785984.0,51617792.0,0.18912858761329304,0.06123182508680555,0.04757351345486111,0.08951483832465278,0.06333075629340278,0.06554158528645833,0.04164293077256945,0.05162133225915875,0.042731391059027776,0.0,0.0,0.0,0.0,0.0,0.0,0.0,0.0,0.0,0.0,0.0,0.0,0.0,0.0,0.0,0.0,0.0,0.0
1.0,1.0,1.0,1.0,1.0,1.0,1.0,1.0,1.0,0.05214826666666947,0.014899399999997816,0.013734900000000987,0.007601066666666156,0.019218633333332492,0.010301400000000172,0.009034233333333455,0.015257299999999911,0.015079533333331103,0.022673159420291075,0.006477999999999051,0.0062431363636368115,0.0034550303030300706,0.008735742424242042,0.004682454545454623,0.0041064696969697525,0.006935136363636323,0.006854333333332319,259960832.0,73945088.0,57905152.0,108642304.0,76820480.0,79147008.0,50778112.0,79785984.0,52326400.0,0.1872492211102719,0.06121487087673611,0.047936333550347224,0.0899386935763889,0.0635952419704861,0.065521240234375,0.04203626844618055,0.05162133225915875,0.04331800672743055,0.0,0.0,0.0,0.0,0.0,0.0,0.0,0.0,0.0,0.0,0.0,0.0,0.0,0.0,0.0,0.0,0.0,0.0
1.0,1.0,1.0,1.0,1.0,1.0,1.0,1.0,1.0,0.05661320000000008,0.013284866666663219,0.010203133333334335,0.010271266666669969,0.015941799999999753,0.009100433333334004,0.011469033333332846,0.014620366666667906,0.005703699999999874,0.024614434782608732,0.005776028985505748,0.004637787878788334,0.004668757575759077,0.007246272727272614,0.004136560606060912,0.005213196969696748,0.006645621212121775,0.002592590909090852,260370432.0,71954432.0,56684544.0,108797952.0,77221888.0,72908800.0,47669248.0,77877248.0,51314688.0,0.1875442550981873,0.05956692165798611,0.046925862630208336,0.09006754557291667,0.06392754448784722,0.060356987847222224,0.03946261935763889,0.05038638483717775,0.04248046875,0.0,0.0,0.0,0.0,0.0,0.0,0.0,0.0,0.0,0.0,0.0,0.0,0.0,0.0,0.0,0.0,0.0,0.0
1.0,1.0,1.0,1.0,1.0,1.0,1.0,1.0,1.0,0.04921233333333627,0.012056733333323185,0.013912499999999757,0.012297066666663643,0.010618666666666362,0.0054737666666672645,0.00796819999999722,0.015857199999997344,0.012106166666668135,0.021396666666667945,0.005242057971010081,0.006323863636363525,0.005589575757574383,0.004826666666666528,0.002488075757576029,0.0036219090909078273,0.007207818181816974,0.005502803030303698,259018752.0,72380416.0,56856576.0,102854656.0,77352960.0,72781824.0,48168960.0,77783040.0,51335168.0,0.18657064293806647,0.05991956922743055,0.047068277994791664,0.0851474338107639,0.06403605143229167,0.060251871744791664,0.039876302083333336,0.05032543249660787,0.04249742296006945,0.0,0.0,0.0,0.0,0.0,0.0,0.0,0.0,0.0,0.0,0.0,0.0,0.0,0.0,0.0,0.0,0.0,0.0
1.0,1.0,1.0,1.0,1.0,1.0,1.0,1.0,1.0,0.035545766666666624,0.012755000000000412,0.01042729999999968,0.006386033333334732,0.010218166666667609,0.00986123333333353,0.006458533333329797,0.013027099999999335,0.013352066666664086,0.015454681159420272,0.005545652173913223,0.0047396818181816725,0.0029027424242430598,0.00464462121212164,0.004482378787878877,0.002935696969695362,0.005921409090908789,0.006069121212120039,259526656.0,70684672.0,54214656.0,103243776.0,76075008.0,72966144.0,48164864.0,78344192.0,46399488.0,0.18693648508308158,0.05851576063368055,0.044881184895833336,0.08546956380208333,0.06297810872395833,0.060404459635416664,0.03987291124131945,0.05068849643826323,0.038411458333333336,0.0,0.0,0.0,0.0,0.0,0.0,0.0,0.0,0.0,0.0,0.0,0.0,0.0,0.0,0.0,0.0,0.0,0.0
1.0,1.0,1.0,1.0,1.0,1.0,1.0,1.0,1.0,0.04928266666666635,0.010935800000000502,0.00899699999999939,0.009917733333334884,0.015649233333332783,0.009338999999999941,0.00662166666666811,0.018751699999999497,0.010989466666664309,0.021427246376811458,0.004754695652174131,0.004089545454545177,0.00450806060606131,0.007113287878787628,0.004244999999999973,0.0030098484848491403,0.00852349999999977,0.004995212121211049,260333568.0,71299072.0,54407168.0,103002112.0,76476416.0,71831552.0,48332800.0,77565952.0,46604288.0,0.18751770203927492,0.05902438693576389,0.04504055447048611,0.0852695041232639,0.06331041124131945,0.05946519639756945,0.04001193576388889,0.05018497710312076,0.038581000434027776,0.0,0.0,0.0,0.0,0.0,0.0,0.0,0.0,0.0,0.0,0.0,0.0,0.0,0.0,0.0,0.0,0.0,0.0
1.0,1.0,1.0,1.0,1.0,1.0,1.0,1.0,1.0,0.06624883333333097,0.014869200000005852,0.014064300000003034,0.010444533333331188,0.01776999999999968,0.006021133333333258,0.01960786666666839,0.018959133333335862,0.009817600000000462,0.028803840579709118,0.006464869565219936,0.006392863636365015,0.004747515151514177,0.00807727272727258,0.0027368787878787534,0.00891266666666745,0.008617787878789028,0.004462545454545664,277708800.0,71143424.0,54001664.0,103256064.0,76038144.0,71749632.0,48226304.0,77770752.0,47300608.0,0.20003304380664652,0.05889553493923611,0.04470486111111111,0.085479736328125,0.06294759114583333,0.059397379557291664,0.039923773871527776,0.05031748219131615,0.03915744357638889,0.009358571428569431,0.002021428571428571,0.0,0.00025610687022936305,0.0,0.0,0.00028755186721986866,0.004568749999976718,0.0007875000000021828,1.6444444444444444,1.711111111111111,0.0,6.355555555555555,0.0,0.0,11.177777777777777,1.3111111111111111,0.2666666666666666
1.0,1.0,1.0,1.0,1.0,1.0,1.0,1.0,1.0,0.06857210000000198,0.04799796666666225,0.025470366666665238,0.04110949999999321,0.01656560000000127,0.010557966666667085,0.06631953333333059,0.03663386666666307,0.02000463333333376,0.029813956521739994,0.02086868115941837,0.011577439393938743,0.018686136363633275,0.007529818181818759,0.004799075757575947,0.030145242424241173,0.016651757575755943,0.009093015151515345,283312128.0,71233536.0,54329344.0,103419904.0,76541952.0,71778304.0,48521216.0,77045760.0,46989312.0,0.2040691087613293,0.058970133463541664,0.044976128472222224,0.08561537000868055,0.06336466471354167,0.05942111545138889,0.040167914496527776,0.049848414179104475,0.038899739583333336,0.0028306636155606404,0.0015574450084595668,0.11450000000000002,0.00021042287075646065,0.001716666666667152,0.0010479166666667275,0.00024893061427504984,0.004682467532467129,0.0002583333333333853,19.866666666666664,28.666666666666664,0.9777777777777776,82.39999999999999,1.0222222222222221,1.0222222222222221,178.2444444444444,22.111111111111107,7.044444444444444
1.0,1.0,1.0,1.0,1.0,1.0,1.0,1.0,1.0,0.05590659999999919,0.1063279666666555,0.10256609999999758,0.109712266666664,0.021899833333333164,0.011849500000000526,0.21925196666666882,0.04757876666666713,0.033686400000002927,0.024307217391304,0.046229550724632834,0.04662095454545344,0.04986921212121091,0.00995446969696962,0.005386136363636603,0.09965998484848582,0.02162671212121233,0.01531200000000133,317693952.0,71159808.0,54898688.0,110194688.0,77017088.0,72028160.0,48496640.0,77316096.0,47144960.0,0.22883426170694865,0.058909098307291664,0.045447455512152776,0.09122382269965278,0.06375800238715278,0.05962795681423611,0.04014756944444445,0.05002332089552239,0.03902859157986111,0.0013999478079332183,0.009528238498788904,0.1684435483870968,0.00031021993543178605,0.0017499999999999998,0.0011342105263158148,0.0009585708094051284,0.009570016680567296,0.00023394396551724766,42.8,73.39999999999999,2.5999999999999996,220.15555555555554,2.6888888888888887,2.5999999999999996,409.91111111111104,52.93333333333333,20.73333333333333
1.0,1.0,1.0,1.0,1.0,1.0,2.0,1.0,1.0,0.10682146666666388,0.10656116666665791,0.0735556666666677,0.14329573333333578,0.019956200000001444,0.011079666666666791,0.2248786999999993,0.12998619999999997,0.025751766666667206,0.046444115942027776,0.046330942028981706,0.03343439393939441,0.06513442424242537,0.009071000000000655,0.005036212121212177,0.10221759090909058,0.059084636363636346,0.011705348484848731,333873152.0,72466432.0,57548800.0,104435712.0,77303808.0,72880128.0,92852224.0,78188544.0,47988736.0,0.24048810422960726,0.059990776909722224,0.04764133029513889,0.086456298828125,0.063995361328125,0.060333251953125,0.07686699761284722,0.05058779257123473,0.039727105034722224,0.0010599907063196376,0.010510803324099306,0.16790983606557378,0.00037285790313997636,0.0018312499999997272,0.001048461538461449,0.00037574008084746187,0.014981775700935014,0.00026300813008130376,47.822222222222216,80.64444444444443,2.8666666666666663,251.8444444444444,2.822222222222222,2.844444444444444,426.6855805555555,58.15555555555555,21.799999999999997
1.0,1.0,1.0,1.0,1.0,1.0,2.0,1.0,1.0,0.1480941666666657,0.09202886666666928,0.08897016666666484,0.18126810000000357,0.013487099999999448,0.01040420000000021,0.22581083333333754,0.09222676666666606,0.018154566666665536,0.06438876811594162,0.04001255072463882,0.04044098484848401,0.08239459090909253,0.006130499999999749,0.004729181818181914,0.10264128787878979,0.04192125757575729,0.008252075757575243,236269568.0,72036352.0,56553472.0,103575552.0,77352960.0,73465856.0,96047104.0,78393344.0,49197056.0,0.17018445524924472,0.05963473849826389,0.04681735568576389,0.08574422200520833,0.06403605143229167,0.06081814236111111,0.07951185438368055,0.05072029765943012,0.04072740342881945,0.060191884057971205,0.03293375999999999,0.21653076923076928,0.0005250381808925776,0.0019928571428573507,0.001078358208955224,0.0004920290818286637,0.023818353028065543,0.00033242677824268083,13.622222222222222,83.22222222222221,2.8888888888888884,262.1111111111111,2.955555555555555,2.9111111111111105,466.99999999999994,60.288888888888884,21.222222222222218
1.0,1.0,1.0,1.0,1.0,1.0,2.0,1.0,1.0,0.15637003333333344,0.18062183333333148,0.09597216666666858,0.16655466666666902,0.018540799999999535,0.012385599999999879,0.2942171999999962,0.13517816666666627,0.040051166666667845,0.0679869710144928,0.07853123188405717,0.043623712121212986,0.07570666666666773,0.008427636363636151,0.0056298181818181265,0.13373509090908914,0.06144462121212104,0.01820507575757629,329363456.0,72159232.0,58245120.0,104759296.0,78770176.0,74829824.0,97251328.0,79044608.0,49131520.0,0.2372397800226586,0.05973646375868055,0.0482177734375,0.08672417534722222,0.06520928276909722,0.06194729275173611,0.0805087619357639,0.05114166383989145,0.040673149956597224,0.0021713846153846514,0.0014607972665146526,0.15080147058823531,0.000625878084179984,0.0018921052631577417,0.0010224358974358974,0.0003750261948899851,0.005624119496855112,0.00019443462897526372,58.222222222222214,97.6222222222222,3.3777777777777773,309.0666666666666,3.311111111111111,3.3999999999999995,549.7555555555555,70.75555555555555,25.84444444444444
1.0,1.0,1.0,1.0,1.0,1.0,2.0,1.0,1.0,0.1442017000000002,0.16661706666667062,0.10563173333334058,0.1635964999999942,0.02950203333333358,0.014153399999999768,0.3614526000000021,0.12635673333333367,0.018278200000001257,0.06269639130434794,0.07244220289855245,0.048014424242427536,0.07436204545454281,0.013410015151515263,0.0064333636363635305,0.16429663636363734,0.05743487878787894,0.008308272727273297,40910848.0,72167424.0,58286080.0,105947136.0,78544896.0,71766016.0,95592448.0,78823424.0,49528832.0,0.029467994712990938,0.059743245442708336,0.04825168185763889,0.08770751953125,0.06502278645833333,0.059410942925347224,0.0791354709201389,0.050998558344640434,0.04100206163194445,0.007181972789115544,0.013773099054665169,0.15009740259740262,0.0005675628208592242,0.001896153846153958,0.0010993670886074844,0.0008356875000000052,0.020073828125000418,0.00035397643593518594,35.17777777777778,108.9111111111111,3.422222222222222,334.0444444444444,3.4222222222222216,3.4666666666666663,636.8888888888888,80.22222222222221,30.466666666666665
1.0,1.0,1.0,1.0,1.0,1.0,3.0,1.0,1.0,0.1403777666666656,0.14244913333333595,0.15404196666666697,0.1921222666666684,0.02004030000000133,0.014749966666666598,0.41390183333334035,0.15978166666667068,0.03892913333333278,0.06103381159420244,0.06193440579710259,0.07001907575757589,0.08732830303030381,0.009109227272727876,0.006704530303030271,0.18813719696970016,0.07262803030303212,0.017695060606060353,287301632.0,73400320.0,59113472.0,106237952.0,78557184.0,72171520.0,140279808.0,79396864.0,50036736.0,0.20694273980362538,0.06076388888888889,0.04893663194444445,0.0879482693142361,0.065032958984375,0.059746636284722224,0.11612955729166666,0.05136957259158752,0.041422526041666664,0.02457737142857151,0.00746394268009269,0.16600531914893618,0.00047910872313522765,0.0022845000000001163,0.0011095959595960182,0.00040312031468718015,0.01411996278575196,0.00022318634423897787,36.888888888888886,115.3111111111111,4.266666666666666,353.1555555555555,4.31111111111111,4.244444444444444,625.0097333333333,83.44444444444443,30.93333333333333
1.0,1.0,1.0,2.0,1.0,1.0,3.0,1.0,1.0,0.11495916666666896,0.1551711333333363,0.1331423333333305,0.19337156666667094,0.022413499999998976,0.009793233333333736,0.4657507666666708,0.07978089999999914,0.044228300000001275,0.049982246376812596,0.06746571014492883,0.060519242424241136,0.0878961666666686,0.010187954545454079,0.00445146969696988,0.2117048939393958,0.03626404545454506,0.02010377272727331,308629504.0,73179136.0,58355712.0,168566784.0,76996608.0,72343552.0,143409152.0,79323136.0,50409472.0,0.22230515955438065,0.06058078342013889,0.048309326171875,0.13954671223958334,0.06374104817708333,0.05988905164930555,0.11872016059027776,0.05132187075983718,0.04173109266493055,0.001252912019826489,0.0053977906555599765,0.19779787234042556,0.0007373684394908626,0.0018252808988763719,0.0018034090909090578,0.00032231380915438094,0.017156124497992437,0.00033408521303257967,72.51111111111109,122.73333333333332,3.9111111111111105,385.29866666666663,3.955555555555555,3.8666666666666663,687.5555555555554,88.26666666666665,33.977777777777774
1.0,1.0,1.0,2.0,1.0,1.0,3.0,1.0,1.0,0.07506996666666813,0.18247693333334306,0.16435709999999895,0.2135851999999972,0.016937566666666726,0.012931766666667007,0.47760990000000136,0.15208509999999933,0.03696513333333087,0.032639115942029624,0.07933779710145351,0.07470777272727225,0.09708418181818054,0.007698893939393966,0.005878075757575912,0.21709540909090969,0.0691295909090906,0.01680233333333221,41439232.0,73613312.0,57982976.0,180187136.0,77017088.0,70590464.0,142237696.0,79327232.0,49496064.0,0.02984858855740181,0.06094021267361111,0.04800075954861111,0.1491665310329861,0.06375800238715278,0.05843777126736111,0.11775037977430555,0.05132452086160109,0.040974934895833336,0.009772004132231723,0.015246969205835048,0.23505376344086024,0.0005460458278414221,0.0019388888888888596,0.0011690000000000146,0.0005575867768595016,0.03520332446808519,0.00033768382352939753,17.577777777777776,139.3111111111111,4.444444444444444,443.28888888888883,4.333333333333333,4.333333333333333,810.1333333333332,102.28888888888888,37.666666666666664
1.0,1.0,1.0,2.0,1.0,1.0,3.0,2.0,1.0,0.21594283333333048,0.1924841666666604,0.17629309999999804,0.30457346666666857,0.018807566666667223,0.011969400000000026,0.49469126666666435,0.1346668999999944,0.04316540000000183,0.09388818840579587,0.08368876811593931,0.08013322727272637,0.1384424848484857,0.008548893939394191,0.005440636363636375,0.22485966666666563,0.06121222727272472,0.019620636363637194,296660992.0,73572352.0,59637760.0,194625536.0,76156928.0,71565312.0,139591680.0,155242496.0,48758784.0,0.21368426642749244,0.060906304253472224,0.049370659722222224,0.16111924913194445,0.0630459255642361,0.059244791666666664,0.11555989583333333,0.10044150695386703,0.040364583333333336,0.02777559591373438,0.02385007778469198,0.2447566371681416,0.0011590244645213717,0.0019129032258065456,0.0010979338842975086,0.0004995016068413353,0.022100774454097475,0.0002849714285714228,73.55555555555554,143.17777777777775,5.222222222222221,438.4888888888888,5.399999999999999,5.199999999999999,809.8485155555554,102.09295999999999,39.39999999999999
1.0,1.0,1.0,2.0,1.0,1.0,3.0,2.0,1.0,0.1462026666666702,0.1663215333333331,0.1846129000000019,0.25365143333333057,0.021841133333333575,0.019230900000000398,0.5455608666666667,0.1905471333333319,0.048289433333332,0.06356637681159574,0.07231371014492745,0.0839149545454554,0.1152961060606048,0.009927787878787987,0.008741318181818362,0.24798221212121213,0.08661233333333268,0.021949742424241817,347099136.0,73592832.0,58245120.0,199118848.0,76558336.0,71614464.0,140988416.0,157147136.0,48504832.0,0.25001475169939574,0.060923258463541664,0.0482177734375,0.16483900282118055,0.06337822808159722,0.059285481770833336,0.11671617296006945,0.10167380427408412,0.040154351128472224,0.003826627651792129,0.017663164477798515,0.2487801724137931,0.000579847947288362,0.002762295081967213,0.0010979166666666667,0.0005755029877747987,0.011447938144330136,0.0003559643255295299,58.77777777777777,143.3111111111111,5.377777777777777,441.5555555555555,5.444444444444444,5.377777777777776,810.5777777777777,104.73333333333332,40.222222222222214
1.0,1.0,1.0,2.0,1.0,1.0,3.0,2.0,1.0,0.07357810000000124,0.1942773999999948,0.16001590000000002,0.2545892000000016,0.023380900000000794,0.00984986666666714,0.6089532333333338,0.2276698999999999,0.04862083333333279,0.031990478260870106,0.08446843478260645,0.07273450000000001,0.11572236363636437,0.010627681818182178,0.0044772121212123366,0.2767969242424244,0.10348631818181812,0.022100378787878537,149168128.0,73633792.0,55840768.0,193167360.0,78180352.0,71651328.0,140546048.0,158928896.0,49360896.0,0.10744547771903323,0.06095716688368055,0.046227349175347224,0.159912109375,0.06472100151909722,0.059315999348958336,0.11634996202256945,0.10282659854138398,0.040863037109375,0.0,0.012479347500748961,0.23357851239669422,0.0005651294343240808,0.0032925619834710267,0.001096694214876009,0.0005819651200695358,0.008357935510887768,0.00040105555555555234,0.2222222222222222,147.26666666666665,5.355555555555555,457.71111111111105,5.355555555555555,5.355555555555555,819.0666666666666,105.35555555555554,39.577777777777776
1.0,1.0,1.0,2.0,1.0,1.0,3.0,2.0,1.0,0.21328696666666927,0.2695182333333378,0.08326573333333727,0.270186266666664,0.01910193333333344,0.009017999999999422,0.6076140000000054,0.21030470000000073,0.026105266666665253,0.0927334637681171,0.1171818405797121,0.03784806060606239,0.12281193939393817,0.008682696969697017,0.004099090909090646,0.2761881818181843,0.09559304545454578,0.01186603030302966,305291264.0,76009472.0,56115200.0,189067264.0,78512128.0,71688192.0,140734464.0,161579008.0,49344512.0,0.2199006325528701,0.0629238552517361,0.046454535590277776,0.1565178765190972,0.06499565972222222,0.059346516927083336,0.11650594075520833,0.10454121438263228,0.04084947374131945,0.0037913776944704454,0.007988740511667139,0.1899791666666667,0.0006764826083007855,0.0019117886178861316,0.0011122950819671892,0.0006252281200941921,0.008086011450381396,0.00039397528321316654,94.95555555555555,158.46666666666664,5.288888888888888,490.91111111111104,5.333333333333332,5.377777777777776,903.2444444444444,116.46666666666665,42.798566021524486
1.0,1.0,1.0,2.0,1.0,1.0,4.0,2.0,1.0,0.10099736666666104,0.1867362000000109,0.18755663333333814,0.3004289000000031,0.015292766666666088,0.01553546666666629,0.5226773333333328,0.18311016666666557,0.06576639999999921,0.043911898550722195,0.08118965217391778,0.08525301515151733,0.13655859090909228,0.006951257575757312,0.007061575757575586,0.23758060606060571,0.08323189393939344,0.02989381818181782,43261952.0,77107200.0,63311872.0,193486848.0,76304384.0,72044544.0,185118720.0,153694208.0,48443392.0,0.03116148980362538,0.06383260091145833,0.05241224500868055,0.16017659505208334,0.0631679958767361,0.059641520182291664,0.15324910481770831,0.0994397684871099,0.04010348849826389,0.009534785202863954,0.013115620660927514,0.28086400000000006,0.0006049388269161641,0.0020991803278689,0.001021900826446293,0.000430523811165053,0.01110844452916515,0.00041023185483869576,32.02222222222222,158.97777777777776,5.555555555555555,492.5555555555555,5.644444444444444,5.51111111111111,868.9273333333333,114.17777777777778,44.06666666666666
1.0,1.0,1.0,2.0,1.0,1.0,4.0,2.0,1.0,0.0030379666666628205,0.15737536666667135,0.1863177333333321,0.29031286666667355,0.018312633333332922,0.018362266666666,0.5920761666666686,0.1611059666666667,0.046289033333334825,0.001320855072462096,0.06842407246377015,0.08468987878787822,0.13196039393939707,0.008323924242424055,0.008346484848484544,0.26912553030303116,0.07322998484848486,0.021040469696970373,43315200.0,77516800.0,59293696.0,190459904.0,83079168.0,72282112.0,187416576.0,154374144.0,48701440.0,0.03119984422205438,0.06417168511284722,0.04908582899305555,0.15767076280381945,0.06877644856770833,0.059838189019097224,0.1551513671875,0.09987968537991859,0.04031711154513889,0.0,0.019798438783894926,0.19195794392523366,0.0005444552694002141,0.002561965811965812,0.0009888429752065635,0.00042030245929361833,0.012353862173419227,0.0004940768409818462,0.0,161.26666666666665,5.155555555555555,521.6666666666666,5.066666666666666,5.088888888888889,916.5555555555554,116.08888888888887,42.288888888888884
2.0,1.0,1.0,2.0,1.0,1.0,4.0,2.0,1.0,0.19655819999999646,0.2701141999999891,0.12122526666667,0.2730032666666602,0.0301635000000014,0.01779346666666678,0.5515487333333343,0.26971213333333993,0.04794900000000173,0.08546008695652021,0.11744095652173439,0.05510239393939545,0.12409239393939099,0.013710681818182455,0.008087939393939446,0.2507039696969702,0.12259642424242723,0.021795000000000786,536518656.0,77582336.0,59371520.0,193818624.0,81031168.0,70582272.0,187834368.0,155852800.0,48611328.0,0.3864532194108762,0.06422593858506945,0.04915025499131945,0.16045125325520831,0.0670810275607639,0.058430989583333336,0.15549723307291666,0.10083637211668928,0.040242513020833336,0.027676005453306035,0.01623603931071642,0.25690178571428574,0.0006634830522624672,0.0022504672897197893,0.0011047619047619048,0.0004898348277489429,0.011194417744916748,0.0004202290076335995,65.08920396462064,164.46746768992202,4.622246914677689,532.5360820974759,4.755555555555555,4.688888888888888,939.0708258638655,119.31172842249778,45.73351902059844
2.0,1.0,1.0,2.0,1.0,1.0,4.0,2.0,1.0,0.3375710999999955,0.2389870333333268,0.15983026666666167,0.26309013333333364,0.019257966666666942,0.014641299999999547,0.6335007999999958,0.2753915333333313,0.05119979999999866,0.14677004347825892,0.10390740579709862,0.07265012121211893,0.11958642424242436,0.008753621212121336,0.006655136363636157,0.28795490909090715,0.12517796969696876,0.023272636363635753,619671552.0,77774848.0,59404288.0,192888832.0,81514496.0,71708672.0,188661760.0,156180480.0,51580928.0,0.4463480692975831,0.06438530815972222,0.04917738172743055,0.15968153211805558,0.06748114691840278,0.059363471137152776,0.1561821831597222,0.1010483802578019,0.042700873480902776,0.002204301801801834,0.015259341238471965,0.272155737704918,0.0007303301926123477,0.0021656000000000934,0.0011135245901639226,0.0004277390461240117,0.00984509025270738,0.0004066375968992368,98.9111111111111,167.9111111111111,5.266666666666666,527.9333333333333,5.3999999999999995,5.377777777777777,957.8888888888888,122.57777777777775,45.37777777777777
2.0,1.0,1.0,2.0,1.0,1.0,4.0,2.0,1.0,0.21353496666666924,0.2111682999999933,0.16251156666667158,0.3348202000000048,0.01670669999999935,0.009257166666666686,0.7096340666666556,0.28073053333333414,0.06528390000000096,0.09284128985507359,0.09181230434782317,0.07386889393939616,0.15219100000000219,0.007593954545454249,0.004207803030303039,0.3225609393939344,0.12760478787878826,0.029674500000000437,373784576.0,73527296.0,59564032.0,200900608.0,81608704.0,72843264.0,187707392.0,151179264.0,51785728.0,0.2692362160120846,0.06086900499131945,0.049309624565972224,0.1663140190972222,0.06755913628472222,0.060302734375,0.1553921169704861,0.09781260600407055,0.042870415581597224,0.0019124448799608376,0.0019247522236340592,0.27541240875912404,0.0005462096321820663,0.001858823529411679,0.0011083333333334105,0.00040816610279464216,0.005935584461867499,0.0003770120259019521,91.64444444444443,173.2,6.0666666666666655,551.6888888888889,6.133333333333333,5.977777777777777,956.6444444444444,122.6,48.71111111111111
2.0,1.0,1.0,2.0,1.0,1.0,4.0,2.0,1.0,0.12228930000000217,0.25173429999999825,0.17480146666666768,0.2966806000000034,0.021402199999999993,0.010536300000000172,0.558207366666664,0.24677606666666704,0.03161506666666961,0.05316926086956616,0.10944969565217316,0.07945521212121258,0.1348548181818197,0.009728272727272723,0.00478922727272735,0.25373062121212,0.11217093939393954,0.014370484848486187,317390848.0,74084352.0,58093568.0,203632640.0,78573568.0,73019392.0,187138048.0,153227264.0,52350976.0,0.22861593655589124,0.061330159505208336,0.04809231228298611,0.1685757107204861,0.06504652235243055,0.060448540581597224,0.15492078993055558,0.09913765688602443,0.04333835177951389,0.05250063671400421,0.008809290722761685,0.21557079646017704,0.0006401660390277263,0.0016960176991149926,0.0010642241379310723,0.0003750927666136641,0.00938185033507066,0.0003514098690835932,44.46666666666666,163.66666666666666,5.111111111111111,513.5999999999999,5.044444444444444,5.133333333333333,923.2222222222222,118.59999999999998,44.17628750675881
2.0,1.0,1.0,2.0,1.0,1.0,4.0,2.0,1.0,0.16931083333333513,0.12863460000000182,0.11591353333333244,0.2562668000000016,0.017845333333334185,0.012749466666666839,0.5159583666666682,0.23958259999999806,0.04503789999999981,0.07361340579710224,0.055928086956522544,0.052687969696969296,0.11648490909090983,0.00811151515151554,0.005795212121212199,0.23452653030303094,0.10890118181818093,0.02047177272727264,379187200.0,75395072.0,60346368.0,201490432.0,78761984.0,71180288.0,192397312.0,155496448.0,52383744.0,0.27312771431268884,0.062415228949652776,0.049957275390625,0.1668023003472222,0.06520250108506945,0.05892605251736111,0.1592746310763889,0.10060581326322932,0.043365478515625,0.0022432345679012323,0.037113337302768466,0.2927692307692308,0.0006823113658070537,0.002390654205607504,0.0010188679245283707,0.0003594241811994894,0.019544281644282017,0.0004259136212624488,83.28888888888888,147.48888888888888,4.71111111111111,461.1555555555555,4.777777777777777,4.688888888888888,831.4666666666666,106.6222222222222,39.68888888888888
2.0,1.0,1.0,2.0,1.0,1.0,4.0,2.0,1.0,0.32402646666666707,0.12640940000001138,0.18158170000000004,0.31192486666667063,0.035260066666666035,0.015236099999999433,0.43387163333333756,0.23059370000000143,0.06131233333333436,0.1408810724637683,0.05496060869565713,0.08253713636363638,0.1417840303030321,0.016027303030302743,0.006925499999999743,0.19721437878788067,0.10481531818181883,0.02786924242424289,506597376.0,73605120.0,67166208.0,202625024.0,76398592.0,75390976.0,193593344.0,153567232.0,49278976.0,0.36490098659365555,0.060933430989583336,0.05560302734375,0.16774156358506945,0.06324598524305555,0.06241183810763889,0.16026475694444445,0.09935761533242876,0.040795220269097224,0.07694001831501837,0.02510175786787596,0.380868,0.0005944884063305147,0.0028518656716417477,0.0011360902255638987,0.0004375954103267602,0.009656132445140866,0.00038046875000000754,24.911398556844613,157.26930109199745,6.0001126076069395,481.6749877761479,5.933333333333333,5.977777777777777,892.0358625594523,113.73537508704862,44.77837044939325
2.0,1.0,1.0,2.0,1.0,1.0,4.0,2.0,1.0,0.17310533333333233,0.17681439999999687,0.19872300000000298,0.24488706666666124,0.028307399999999917,0.016314100000000546,0.5841130999999999,0.22740503333333068,0.02134730000000218,0.07526318840579668,0.07687582608695517,0.09032863636363771,0.11131230303030057,0.012866999999999962,0.007415500000000247,0.2655059545454545,0.10336592424242302,0.009703318181819172,594780160.0,73220096.0,64212992.0,201117696.0,77717504.0,75730944.0,194633728.0,154017792.0,49967104.0,0.42841885385196377,0.060614691840277776,0.05315823025173611,0.16649373372395831,0.06433783637152778,0.06269327799479167,0.1611260308159722,0.09964912652645862,0.04136488172743055,0.002522293307086605,0.03320312408330877,0.2551666666666667,0.0005730891108123675,0.001838532110091823,0.0010842592592592458,0.0003195808226355782,0.012746849593496078,0.0003570155902004519,88.48888888888888,150.4222222222222,4.888888888888888,465.8888888888888,4.866666666666666,4.866666666666666,843.4666666666666,107.37777777777777,40.288888888888884
2.0,1.0,1.0,2.0,1.0,1.0,4.0,2.0,1.0,0.24039890000000314,0.10094483333332391,0.13084120000000135,0.30538443333333254,0.022577900000000758,0.01544143333333352,0.6600578666666697,0.22636390000000073,0.04850143333333487,0.10452126086956659,0.0438890579710104,0.05947327272727334,0.1388111060606057,0.010262681818182162,0.0070188333333334185,0.30002630303030436,0.10289268181818215,0.02204610606060676,644022272.0,73048064.0,62533632.0,201379840.0,78188544.0,76378112.0,195407872.0,152154112.0,47964160.0,0.46388783987915405,0.06047227647569445,0.051767985026041664,0.1667107476128472,0.064727783203125,0.0632290310329861,0.1617668999565972,0.0984433302238806,0.03970675998263889,0.0015676409880186891,0.021199860810393174,0.2875929203539823,0.0006770973638637875,0.0018537383177571998,0.0011028301886791905,0.0003405405405405371,0.013362757731958589,0.0005108379888268124,83.86381963886296,142.88888888888889,4.7555555555555555,461.0666666666666,4.8,4.777777777777777,806.0888888888888,102.68888888888888,39.62222222222222
2.0,1.0,1.0,2.0,1.0,1.0,4.0,2.0,1.0,0.23609093333333248,0.1920861666666648,0.1054424666666667,0.23022220000000382,0.0209699333333333,0.015250366666667028,0.5438851000000023,0.20081316666666849,0.0431321999999985,0.10264823188405761,0.08351572463768035,0.04792839393939395,0.10464645454545629,0.009531787878787864,0.0069319848484850136,0.24722050000000106,0.09127871212121294,0.01960554545454477,537280512.0,74956800.0,61616128.0,201719808.0,78245888.0,76541952.0,187838464.0,152416256.0,48308224.0,0.3870019826283988,0.062052408854166664,0.05100843641493055,0.1669921875,0.06477525499131945,0.06336466471354167,0.15550062391493058,0.09861293673677068,0.03999159071180555,0.0065920145190563415,0.02130167534157464,0.21735294117647058,0.0006392399172698867,0.0019674311926605238,0.0010867924528301614,0.0004377518315018333,0.012745044247787348,0.00043912009512486343,43.48888888888888,136.64444444444442,4.644444444444444,429.6888888888888,4.688888888888888,4.644444444444444,777.0888888888888,100.26666666666665,36.599999999999994
2.0,1.0,1.0,2.0,1.0,1.0,4.0,2.0,1.0,0.1844642333333359,0.15530206666665738,0.16436943333333906,0.20718756666666516,0.02080690000000042,0.016458266666667023,0.40613873333333284,0.19142509999999313,0.0367966666666689,0.08020184057971125,0.06752263768115539,0.07471337878788138,0.09417616666666598,0.009457681818182007,0.007481030303030464,0.18460851515151494,0.08701140909090598,0.01672575757575859,323239936.0,73740288.0,58810368.0,203657216.0,77303808.0,72749056.0,191619072.0,151650304.0,48222208.0,0.23282902190332327,0.061045328776041664,0.048685709635416664,0.16859605577256945,0.063995361328125,0.06022474500868055,0.15863037109375,0.09811736770691995,0.03992038302951389,0.02729389483065954,0.011557006109979496,0.23265555555555556,0.0005201402460052965,0.003191477272727339,0.001092045454545438,0.00031319592284368504,0.007587555336940682,0.00032503337783710255,52.64444444444444,122.35555555555554,3.933333333333333,384.9555555555555,3.9333333333333327,3.8888888888888884,692.4666666666666,89.33333333333331,32.46666666666666
2.0,1.0,1.0,2.0,1.0,1.0,4.0,2.0,1.0,0.1163981000000002,0.16202580000000733,0.13318556666666456,0.22564629999999966,0.025692633333333485,0.013596566666666376,0.4995840666666794,0.17616206666666442,0.02531256666666574,0.050607869565217484,0.07044600000000319,0.060538893939392976,0.10256649999999984,0.011678469696969765,0.006180257575757443,0.22708366666667243,0.08007366666666564,0.0115057121212117,360431616.0,73732096.0,59265024.0,201945088.0,77496320.0,72966144.0,190918656.0,152027136.0,48402432.0,0.2596181080060423,0.06103854709201389,0.049062093098958336,0.1671786838107639,0.06415473090277778,0.060404459635416664,0.158050537109375,0.09836117706919945,0.040069580078125,0.0014019871794871783,0.006477814569536836,0.20729381443298966,0.00043348028118670676,0.0020708333333335155,0.0011206185567010007,0.00033972009330222706,0.00823204732510317,0.0004390275952693996,69.22222222222221,119.24444444444443,4.355555555555555,369.1111111111111,4.333333333333333,4.333333333333333,668.8888888888888,85.66666666666666,32.911111111111104
2.0,1.0,1.0,2.0,1.0,1.0,4.0,2.0,1.0,0.014118366666668672,0.14945143333332755,0.11721710000000106,0.202371000000007,0.03165090000000153,0.008629933333332928,0.4278982333333289,0.149490133333335,0.03680669999999964,0.006138420289855945,0.0649788840579685,0.05328050000000048,0.09198681818182136,0.014386772727273421,0.003922696969696785,0.19449919696969495,0.06795006060606137,0.016730318181818016,77783040.0,74301440.0,58753024.0,200458240.0,76357632.0,73408512.0,190263296.0,152309760.0,49401856.0,0.05602695430513595,0.06150987413194445,0.048638237847222224,0.1659478081597222,0.06321207682291667,0.060770670572916664,0.1575080023871528,0.09854403409090909,0.04089694552951389,0.02008392857142872,0.0038559984368894103,0.18751515151515152,0.0002991295938104396,0.0021467741935486374,0.0020947368421052634,0.000266217944164247,0.004694972826086956,0.00034506849315068687,0.44444444444444436,113.15555555555554,4.333333333333333,342.7333333333333,4.244444444444444,4.266666666666666,625.5111111111111,80.44444444444443,32.06666666666666
2.0,1.0,1.0,2.0,1.0,1.0,4.0,2.0,1.0,0.1386074333333326,0.1520285000000058,0.09868046666667094,0.14011473333332844,0.019316266666665645,0.014301299999999628,0.355638033333327,0.1299757666666622,0.02380683333333309,0.060264101449275055,0.06609934782608949,0.04485475757575951,0.06368851515151291,0.008780121212120746,0.00650059090909074,0.16165365151514866,0.059079893939391906,0.010821287878787767,327626752.0,72810496.0,58482688.0,199999488.0,76623872.0,72081408.0,185073664.0,150974464.0,49557504.0,0.23598883591389727,0.06027560763888889,0.04841444227430555,0.16556803385416669,0.06343248155381945,0.059672037760416664,0.15321180555555555,0.09768010091587517,0.041025797526041664,0.05523220140515222,0.01577935109583201,0.20410439560439558,0.0004950457649280805,0.002105555555555556,0.0011255681818181321,0.0003141056326791084,0.008452818181818408,0.0002960784313725424,22.222222222222218,99.99999999999999,4.022222222222222,301.66666666666663,4.088888888888889,3.955555555555555,555.4,72.6,28.51111111111111
1.0,1.0,1.0,2.0,1.0,1.0,4.0,2.0,1.0,0.11918979999999996,0.1442435666666673,0.13848619999999603,0.21041246666666402,0.022705600000000457,0.010474166666666444,0.44088916666665817,0.14871180000000428,0.03797263333333376,0.051821652173913026,0.06271459420289884,0.06294827272727092,0.09564203030302909,0.01032072727272748,0.004760984848484747,0.20040416666666278,0.06759627272727466,0.017260287878788073,304087040.0,73416704.0,57028608.0,206258176.0,77135872.0,73682944.0,191565824.0,154189824.0,49455104.0,0.2190332326283988,0.06077745225694445,0.047210693359375,0.1707492404513889,0.06385633680555555,0.060997856987847224,0.15858629014756945,0.09976043080054274,0.04094102647569445,0.0013753034901365772,0.005020343903528538,0.21816,0.00045819050295026615,0.001860810810810575,0.0010999999999999623,0.00022433447917498604,0.005066252330640498,0.0003413333333333321,57.3111111111111,99.93333333333332,3.3777777777777773,314.28888888888883,3.355555555555555,3.4222222222222216,555.3777777777777,71.04444444444444,27.444444444444443
1.0,1.0,1.0,2.0,1.0,1.0,4.0,2.0,1.0,0.11686573333333333,0.05785876666667112,0.11986179999999724,0.15759873333333776,0.021881433333334144,0.015424900000000245,0.3069163333333369,0.12044646666666711,0.034342166666666195,0.050811188405797104,0.025155985507248315,0.05448263636363511,0.0716357878787899,0.009946106060606428,0.007011318181818292,0.13950742424242585,0.05474839393939414,0.015610075757575542,342245376.0,72822784.0,57630720.0,201986048.0,77398016.0,74010624.0,190349312.0,154476544.0,49266688.0,0.2465185989425982,0.06028578016493055,0.047709147135416664,0.1672125922309028,0.06407335069444445,0.061269124348958336,0.15757921006944445,0.09994593792401629,0.04078504774305555,0.003408108108108101,0.0201209338122108,0.1700074626865672,0.0004531670176575099,0.0018993150684932705,0.0011605633802816082,0.00031036655211913374,0.006344666182873738,0.0003150375939849939,47.33333333333333,85.64444444444443,3.133333333333333,273.55555555555554,3.177777777777777,3.0444444444444443,490.51111111111106,61.68888888888888,23.84444444444444
1.0,1.0,1.0,2.0,1.0,1.0,3.0,2.0,1.0,0.0044171000000001,0.14135259999999714,0.11427683333333032,0.19477943333333392,0.02086520000000102,0.009146400000000198,0.20687316666666222,0.12766649999999705,0.04528063333333042,0.0019204782608696089,0.0614576521739118,0.05194401515151378,0.0885361060606063,0.009484181818182282,0.004157454545454635,0.09403325757575554,0.05803022727272593,0.020582106060604736,38027264.0,74022912.0,56655872.0,199745536.0,77467648.0,74592256.0,142700544.0,154169344.0,49352704.0,0.027390955438066467,0.061279296875,0.04690212673611111,0.16535780164930555,0.06413099500868055,0.06175062391493055,0.118133544921875,0.09974718029172319,0.040856255425347224,0.0,0.0015828767123283525,0.14959183673469387,0.0004943781942078677,0.002067543859649225,0.0011838983050845978,0.00026239491873715845,0.004791447368421699,0.00033750000000000305,0.0,82.71111111111111,2.355555555555555,261.2444444444444,2.355555555555555,2.355555555555555,476.91111111111104,61.15555555555555,21.555555555555554
1.0,1.0,1.0,2.0,1.0,1.0,3.0,2.0,1.0,0.125927604826345,0.11967255516298929,0.12645653623092165,0.16899643357109262,0.01641877208186283,0.013946103593094469,0.3256112259182828,0.1512212519165375,0.048519932004532744,0.05475113253319349,0.05203154572303883,0.05748024374132802,0.07681656071413302,0.007463078219028559,0.006339137996861122,0.1480051026901285,0.06873693268933523,0.022054514547514885,237998080.0,73981952.0,57462784.0,200998912.0,77746176.0,74420224.0,147648512.0,154238976.0,49246208.0,0.17142949867824772,0.06124538845486111,0.047570122612847224,0.16639539930555555,0.064361572265625,0.061608208550347224,0.12222968207465278,0.09979223202170963,0.04076809353298611,0.0942475903614458,0.0014953775038522592,0.19895070422535213,0.00034141925519137284,0.00196891891891888,0.0010595890410958703,0.000303949198108828,0.005033144475921042,0.000586090225563922,6.177777777777777,86.15555555555554,3.1999999999999997,257.4,3.2888888888888883,3.2666666666666666,479.08888888888885,62.199999999999996,23.888888888888886
1.0,1.0,1.0,2.0,1.0,1.0,3.0,1.0,1.0,0.22195436666666665,0.1291682000000037,0.06930339999999735,0.168053233333337,0.019640066666666674,0.010478333333333959,0.31785850000000737,0.10046893333333173,0.036649099999999636,0.09650189855072464,0.05616008695652335,0.031501545454544255,0.07638783333333499,0.008927303030303034,0.004762878787879072,0.1444811363636397,0.04566769696969624,0.016658681818181652,304328704.0,73994240.0,59932672.0,206106624.0,77549568.0,74743808.0,147972096.0,79577088.0,49328128.0,0.2192073026812689,0.061255560980902776,0.049614800347222224,0.170623779296875,0.06419881184895833,0.06187608506944445,0.12249755859375,0.05148617706919946,0.04083591037326389,0.002492047451669606,0.006595913088464324,0.1669130434782609,0.0005620006548788446,0.002915492957746274,0.0010159722222221413,0.00034446423677719936,0.011386383130807585,0.00023619402985075033,50.133333333333326,86.13333333333333,3.222222222222222,270.3333333333333,3.1999999999999993,3.266666666666666,485.1555555555555,61.99999999999999,24.24444444444444
1.0,1.0,1.0,2.0,1.0,1.0,3.0,1.0,1.0,0.08842466666666647,0.1503735666666671,0.14588973333333494,0.14164116666666282,0.016835433333333562,0.013922033333333653,0.2970198999999989,0.13252599999999953,0.03097896666666505,0.03844550724637673,0.06537981159420309,0.06631351515151587,0.06438234848484674,0.007652469696969801,0.0063281969696971155,0.13500904545454495,0.060239090909090694,0.01408134848484775,318496768.0,73773056.0,59502592.0,205516800.0,77565952.0,73838592.0,148983808.0,79695872.0,49549312.0,0.22941252832326284,0.061072455512152776,0.04925876193576389,0.170135498046875,0.0642123752170139,0.061126708984375,0.12333509657118055,0.051563030020352785,0.04101901584201389,0.0012736921910538289,0.001508581918311478,0.17345205479452053,0.0003700154885947505,0.002107792207792057,0.0010863636363636553,0.0002868059746529794,0.007029714978775015,0.00023010752688172955,59.77777777777777,101.59999999999998,3.355555555555555,320.55555555555554,3.3777777777777773,3.3999999999999995,587.4444444444443,74.6,27.24444444444444
1.0,1.0,1.0,2.0,1.0,1.0,3.0,1.0,1.0,0.0033622666666663767,0.2187287999999929,0.11396256666666886,0.21658236666666633,0.020966733333331905,0.019321266666666285,0.4524271333333455,0.20090056666667047,0.027497166666667756,0.001461855072463642,0.09509947826086648,0.05180116666666766,0.09844653030303013,0.009530333333332685,0.008782393939393765,0.20564869696970248,0.09131843939394112,0.012498712121212615,39661568.0,73768960.0,59232256.0,205021184.0,75255808.0,73490432.0,154845184.0,77787136.0,48279552.0,0.028568141049848943,0.06106906467013889,0.049034966362847224,0.16972520616319445,0.06229994032118055,0.06083848741319445,0.12818739149305555,0.05032808259837178,0.039967854817708336,0.0,0.00858446568794837,0.21543939393939393,0.0004398028851448172,0.0028845744680850447,0.0010473118279570048,0.00046560098370734517,0.03454778571428554,0.000302236024844688,0.0,129.9333333333333,4.266666666666666,402.26666666666665,4.222222222222221,4.199999999999999,728.4444444444443,93.88888888888889,35.266666666666666
1.0,1.0,1.0,2.0,1.0,1.0,3.0,1.0,1.0,0.005601833333333654,0.135671733333326,0.17974343333333612,0.2580635000000001,0.022483699999999846,0.006954266666666816,0.4421533333333286,0.1754693333333383,0.04187883333333578,0.002435579710145067,0.05898771014492435,0.08170156060606186,0.11730159090909094,0.010219863636363565,0.0031610303030303708,0.20097878787878576,0.07975878787879014,0.019035833333334445,38391808.0,72044544.0,59027456.0,204652544.0,75456512.0,73641984.0,150167552.0,77852672.0,48492544.0,0.027653535687311177,0.059641520182291664,0.048865424262152776,0.16942003038194445,0.06246609157986111,0.060963948567708336,0.12431504991319445,0.0503704842265943,0.04014417860243055,0.0,0.03768161157024792,0.24616666666666664,0.0005725659908186885,0.0018384615384615106,0.0010261904761904067,0.0004846244562083992,0.06365914813260597,0.00032195266272190125,0.0,145.17777777777775,4.666666666666666,468.9333333333333,4.622222222222222,4.6,845.5111111111111,106.75555555555555,40.08888888888888
1.0,1.0,1.0,2.0,1.0,1.0,3.0,2.0,1.0,0.004822366666666274,0.2555076999999983,0.18500433333333605,0.25504303333333,0.022375566666666676,0.013459466666666723,0.5903025666666679,0.12918790000000324,0.03471653333333127,0.0020966811594201194,0.11109030434782535,0.08409287878788002,0.11592865151515,0.010170712121212126,0.0061179393939394195,0.268319348484849,0.0587217727272742,0.015780242424241486,38395904.0,73748480.0,59838464.0,201973760.0,75943936.0,74280960.0,150364160.0,151994368.0,49065984.0,0.02765648602719033,0.06105211046006945,0.049536810980902776,0.1672024197048611,0.0628696017795139,0.061492919921875,0.1244778103298611,0.0983399762550882,0.040618896484375,0.0,0.0020796341796341673,0.25639344262295083,0.0006048261896726219,0.0019921487603306023,0.0010546511627907203,0.00045139530542722274,0.009019436640142174,0.0005432730923694802,0.0,166.26666666666665,5.644444444444444,526.8444444444443,5.51111111111111,5.622222222222222,952.2399755555555,118.01775333333332,45.33333333333333
1.0,1.0,2.0,2.0,1.0,1.0,4.0,2.0,1.0,0.266364733333333,0.22870386666666795,0.13439290000000406,0.32026179999999915,0.02064953333333506,0.011335533333333576,0.6445832000000062,0.2677843999999963,0.05508670000000014,0.11581075362318827,0.0994364637681165,0.06108768181818366,0.14557354545454504,0.009386151515152298,0.005152515151515261,0.29299236363636644,0.12172018181818012,0.025039409090909154,300617728.0,73670656.0,107106304.0,201306112.0,77299712.0,74276864.0,200171520.0,155398144.0,49135616.0,0.21653429475075528,0.06098768446180555,0.08866712782118055,0.1666497124565972,0.0639919704861111,0.06148952907986111,0.16571044921875,0.10054221082089553,0.04067654079861111,0.039715518417462466,0.0023635850388143914,0.16867231846104933,0.0005786111322622532,0.0018806896551723938,0.0015287162162162162,0.0004653037767387085,0.0063436608300907905,0.00044915325994920554,66.46666666666665,188.29954444444442,6.549772222222222,584.1480688888888,6.505327777777777,6.527549999999999,1041.0586988888888,136.35555555555553,52.388433333333325
1.0,2.0,2.0,2.0,1.0,1.0,4.0,2.0,1.0,0.11871843333333344,0.23289876666666107,0.15934476666667272,0.27743593333332983,0.02065503333333254,0.01919893333333391,0.6364913333333257,0.2577500999999988,0.05380499999999983,0.051616710144927594,0.10126033333333091,0.07242943939394214,0.12610724242424085,0.009388651515151152,0.008726787878788141,0.2893142424242389,0.11715913636363581,0.024456818181818107,39522304.0,139640832.0,110764032.0,204419072.0,77410304.0,75198464.0,198770688.0,156286976.0,49115136.0,0.028467829493957705,0.1156005859375,0.09169514973958334,0.1692267523871528,0.0640835232204861,0.06225246853298611,0.16455078125,0.10111728290366351,0.040659586588541664,0.006502962515114888,0.018610174343467435,0.18465789473684213,0.0005655345611097894,0.0029448148148148363,0.0010917293233083034,0.0005880132715774473,0.009830846985011814,0.0003662264150943265,58.99999999999999,180.1972336296494,5.844444444444443,555.1111111111111,5.9111111111111105,5.9111111111111105,998.1777777777777,128.24444444444444,48.17777777777777
1.0,2.0,2.0,2.0,1.0,1.0,4.0,2.0,1.0,0.0045618333333332355,0.29590813333332167,0.24705566666666579,0.22114043333332917,0.02044743333333372,0.01596273333333424,0.6467475999999891,0.35875123333333847,0.057796600000002245,0.0019834057971014067,0.12865571014492247,0.1122980303030299,0.10051837878787688,0.009294287878788053,0.00725578787878829,0.29397618181817686,0.16306874242424477,0.026271181818182835,39120896.0,145625088.0,111800320.0,210194432.0,77406208.0,75321344.0,199835648.0,156635136.0,49504256.0,0.028178696185800604,0.12055460611979167,0.09255303276909722,0.1740078396267361,0.06408013237847222,0.062354193793402776,0.1654324001736111,0.10134254155359565,0.04098171657986111,0.0,0.010474494219653277,0.19745488721804513,0.0007080458457086423,0.001999640287769868,0.0016464028776978837,0.0004600178510710628,0.006266455906822086,0.00044358860195903966,0.0,185.73333333333332,6.155555555555555,587.4,6.199999999999999,6.022222222222221,1045.822222222222,133.5111111111111,50.8
1.0,2.0,2.0,2.0,1.0,1.0,4.0,2.0,1.0,0.0060415666666661615,0.2860552333333301,0.2439250666666665,0.3578716000000033,0.033628466666666176,0.02136283333333324,0.7951538333333386,0.29142463333333024,0.06613613333333508,0.0026267681159418093,0.12437184057970874,0.11087503030303021,0.16266890909091059,0.015285666666666442,0.009710378787878745,0.36143356060606296,0.13246574242424103,0.03006187878787958,38080512.0,143495168.0,113360896.0,209907712.0,75358208.0,74661888.0,192290816.0,155090944.0,48996352.0,0.027429309856495467,0.11879136827256945,0.0938449435763889,0.1737704806857639,0.062384711371527776,0.061808268229166664,0.1591864691840278,0.10034345318860244,0.04056125217013889,0.0,0.018376365596550346,0.1731056338028169,0.0007720214546561055,0.0032815972222222426,0.001263571428571491,0.00047579722848317956,0.009198126425546084,0.0005553571428571326,0.0,186.55555555555554,6.355555555555555,584.8222222222222,6.422222222222222,6.333333333333333,1062.9555555555555,136.5333333333333,50.84444444444444
1.0,2.0,2.0,2.0,1.0,1.0,4.0,2.0,1.0,0.006509733333333163,0.2912513000000103,0.22067183333333454,0.3157603999999983,0.028927333333333156,0.01592069999999997,0.6132475000000012,0.28280980000000044,0.05669273333333346,0.0028303188405796368,0.1266310000000045,0.10030537878787933,0.14352745454545374,0.013148787878787796,0.0072366818181818044,0.27874886363636414,0.12854990909090927,0.0257694242424243,34713600.0,137900032.0,106708992.0,211890176.0,75644928.0,74801152.0,190275584.0,155414528.0,48738304.0,0.025004130475830815,0.11415947808159721,0.08833821614583333,0.1754116482204861,0.0626220703125,0.06192355685763889,0.15751817491319445,0.10055281122795115,0.04034762912326389,0.0,0.012343619462933728,0.2072074829931973,0.0006175134467219066,0.0024317857142856936,0.0011073333333333235,0.0004997306672107698,0.0077801269032336815,0.0006117414248021071,0.0,194.5333333333333,6.444444444444444,613.2888888888888,6.377777777777776,6.488888888888888,1092.1072325297189,140.77390166524705,50.88888888888888
1.0,2.0,2.0,2.0,1.0,1.0,4.0,2.0,1.0,0.0038987333333333632,0.2745982000000095,0.15640166666666672,0.4743989666666645,0.028953166666667585,0.012679700000000101,0.7685355666666683,0.24468363333333326,0.07837196666666842,0.0016951014492753754,0.11939052173913459,0.07109166666666669,0.21563589393939295,0.013160530303030719,0.0057635000000000455,0.3493343484848492,0.1112198333333333,0.035623621212122,34942976.0,138731520.0,107466752.0,213450752.0,76115968.0,74956800.0,188039168.0,154607616.0,48590848.0,0.025169349509063445,0.11484781901041667,0.08896552191840278,0.1767035590277778,0.06301201714409722,0.062052408854166664,0.1556667751736111,0.10003074118046133,0.04022555881076389,0.0,0.01985032887757267,0.24565773809523808,0.000801809465937478,0.00257904191616756,0.0010199367088608146,0.000575017884709516,0.008596697837521749,0.000538503086419757,0.0,210.97777777777776,7.155555555555555,661.8,7.244444444444444,7.155555555555555,1184.6888888888886,152.66666666666666,57.3111111111111
1.0,2.0,2.0,3.0,1.0,1.0,5.0,2.0,1.0,0.006495466666666516,0.3264022999999883,0.2563982666666677,0.26719286666666825,0.0343182666666678,0.014032033333333515,0.6830199333333407,0.3755278999999987,0.0636193333333343,0.0028241159420289205,0.1419140434782558,0.11654466666666713,0.12145130303030374,0.015599212121212633,0.006378196969697053,0.3104636060606093,0.17069449999999942,0.028917878787879228,37408768.0,138260480.0,109015040.0,279052288.0,77307904.0,75128832.0,237912064.0,155054080.0,49385472.0,0.0269454541163142,0.11445787217881945,0.09024726019965279,0.2310112847222222,0.0639987521701389,0.06219482421875,0.1969536675347222,0.10031960227272727,0.040883382161458336,0.0,0.011263094317742722,0.2035225988700565,0.0009785002663017313,0.00202513661202189,0.001067222222222295,0.0005383042237936481,0.009049840073434854,0.0006599027102154365,0.0,229.67000637121984,7.977887422026639,689.6269825702685,8.155555555555555,7.999999999999999,1270.5806565103815,165.9784962283439,64.66742528633446
1.0,2.0,2.0,3.0,1.0,1.0,5.0,2.0,1.0,0.18231349999999982,0.16244536666666531,0.1852733000000036,0.2890041333333337,0.02286639999999996,0.007244966666667096,0.5486747999999958,0.28606920000000097,0.04664196666666764,0.07926673913043471,0.0706284202898545,0.084215136363638,0.1313655151515153,0.010393818181818164,0.003293166666666862,0.2493976363636344,0.13003145454545498,0.02120089393939438,287313920.0,142786560.0,112558080.0,286236672.0,77377536.0,71925760.0,240025600.0,156491776.0,49303552.0,0.20695159082326284,0.11820475260416666,0.09318033854166666,0.23695882161458337,0.064056396484375,0.05954318576388889,0.1987033420138889,0.10124978799185888,0.04081556532118055,0.03872170308967596,0.015545578133943543,0.203196261682243,0.0006543547651618715,0.002562844036697301,0.001095631067961151,0.00034760938556786575,0.006649506781750925,0.0005739457831325352,58.95555555555555,150.1111111111111,4.666666666666666,484.7777777777777,4.644444444444444,4.688888888888888,841.7777777777777,106.19999999999999,41.48888888888889
1.0,2.0,2.0,3.0,1.0,1.0,5.0,2.0,1.0,0.11409809999999918,0.21299973333333022,0.18585143333333487,0.23465456666666618,0.018862133333332545,0.014894099999999829,0.42157786666667413,0.19391646666666795,0.0253832999999986,0.04960786956521704,0.09260857971014361,0.08447792424242492,0.10666116666666642,0.008573696969696612,0.006770045454545376,0.19162630303030642,0.08814384848484907,0.011537863636363,334077952.0,142929920.0,110272512.0,294866944.0,76816384.0,72118272.0,239996928.0,154611712.0,49385472.0,0.24063562122356497,0.11832343207465279,0.09128824869791666,0.2441033257378472,0.06359185112847222,0.059702555338541664,0.19867960611979169,0.10003339128222524,0.040883382161458336,0.0010130975143403367,0.013543660647102948,0.16305882352941173,0.0006842015371477133,0.0027032710280375195,0.0010661764705882353,0.0002548507212344882,0.005282240293809015,0.0004114441416893882,64.33333333333333,116.99999999999999,4.533333333333333,363.33333333333326,4.6,4.533333333333332,657.9555555555555,84.13333333333333,33.17777777777778
1.0,2.0,2.0,3.0,1.0,1.0,5.0,2.0,1.0,0.006551833333332979,0.18087679999998824,0.14482246666666895,0.2866052999999989,0.012351500000001655,0.011926799999999578,0.4507148666666549,0.17839716666666589,0.03025683333333594,0.0028486231884056433,0.07864208695651663,0.06582839393939498,0.13027513636363586,0.005614318181818933,0.005421272727272535,0.20487039393938852,0.08108962121212085,0.013753106060607244,42213376.0,140333056.0,110542848.0,283996160.0,76836864.0,71622656.0,238960640.0,154542080.0,48545792.0,0.030406202794561934,0.11617363823784722,0.09151204427083334,0.2351040310329861,0.06360880533854167,0.05929226345486111,0.19782172309027776,0.0999883395522388,0.04018825954861111,0.0,0.009758572635135137,0.17163815789473685,0.00038892880904855577,0.003488815789473608,0.0010339743589742843,0.00019747421910027845,0.004601811805961093,0.00029963289280470325,0.0,103.9111111111111,3.444444444444444,334.28888888888883,3.3999999999999995,3.4444444444444438,593.5555555555555,75.68888888888888,29.488888888888884
1.0,2.0,2.0,3.0,1.0,1.0,5.0,2.0,1.0,0.005436766666666888,0.1591084333333389,0.12527286666666815,0.222727133333332,0.016686399999999442,0.014236399999998638,0.4055046666666739,0.15133843333333108,0.030662099999998797,0.002363811594202995,0.06917757971014736,0.05694221212121279,0.10123960606060545,0.007584727272727018,0.0064710909090902905,0.18432030303030633,0.06879019696969593,0.013937318181817634,42582016.0,140771328.0,105246720.0,280473600.0,80809984.0,71659520.0,236470272.0,152326144.0,48652288.0,0.0306717333836858,0.11653645833333334,0.087127685546875,0.23218790690104166,0.0668979220920139,0.05932278103298611,0.19576009114583331,0.09855463449796473,0.040276421440972224,0.0,0.01511796448087468,0.18028,0.0006111242428719417,0.001647222222222303,0.001061184210526335,0.00019607308537477987,0.004380530973451308,0.0004723076923076848,0.0,96.99999999999999,3.355555555555555,302.9333333333333,3.2888888888888883,3.3777777777777773,545.7777777777777,69.9111111111111,26.266666666666666
1.0,2.0,2.0,3.0,1.0,1.0,5.0,2.0,1.0,0.005183599999999918,0.1346645,0.18320883333333787,0.2627765333333327,0.020496600000001308,0.012794066666666973,0.3607229999999931,0.1639551000000002,0.040023699999998524,0.002253739130434747,0.05854978260869566,0.08327674242424449,0.11944387878787847,0.009316636363636957,0.005815484848484987,0.1639649999999969,0.07452504545454554,0.018192590909090235,42692608.0,136200192.0,105644032.0,278249472.0,81035264.0,68472832.0,236019712.0,151977984.0,53719040.0,0.03075139256042296,0.11275227864583334,0.08745659722222222,0.2303466796875,0.06708441840277778,0.05668470594618055,0.19538709852430558,0.09832937584803256,0.044470893012152776,0.0,0.015816406926406627,0.1288244680851064,0.00041155676886461416,0.0018729166666666972,0.0010910526315789626,0.00014105218267813964,0.004516485507246264,0.00022881996974281394,0.0,103.64444444444443,4.444444444444444,318.2222222222222,4.488888888888889,4.422222222222222,574.3777777777777,74.08888888888887,29.955555555555552
1.0,2.0,2.0,3.0,1.0,1.0,5.0,2.0,1.0,0.004544566666666583,0.14979306666665573,0.11220649999999968,0.24185599999999685,0.02462376666666728,0.014340433333334582,0.4210431666666651,0.15696723333333437,0.0228747333333331,0.0019758985507246016,0.06512742028985033,0.05100295454545439,0.10993454545454401,0.011192621212121489,0.0065183787878793555,0.19138325757575683,0.07134874242424288,0.010397606060605953,37777408.0,135942144.0,106037248.0,277860352.0,81481728.0,68694016.0,232583168.0,150802432.0,53465088.0,0.027210984705438066,0.11253865559895834,0.08778211805555555,0.23002454969618058,0.06745402018229167,0.05686781141493055,0.19254218207465273,0.09756879664179105,0.044260660807291664,0.0,0.010699970312086266,0.13568072289156627,0.0005469988487632184,0.0019360759493668674,0.001537058823529429,0.0002466267259588222,0.005415,0.00022249262536870796,0.0,110.31297706060417,3.7555333348147157,340.76437996818726,3.644444444444444,3.7777777777777777,621.7882676335652,80.08838818152863,31.022068158419067
1.0,2.0,2.0,2.0,1.0,1.0,4.0,2.0,1.0,0.005010966666666642,0.1660667333333407,0.1794621999999999,0.19237993333333445,0.025627933333333883,0.013166833333332306,0.4509288666666724,0.1416837666666647,0.03836130000000063,0.0021786811594202795,0.07220292753623511,0.08157372727272723,0.08744542424242474,0.011649060606060857,0.005984924242423775,0.20496766666666927,0.06440171212121124,0.01743695454545483,39956480.0,139984896.0,108920832.0,207634432.0,81735680.0,75841536.0,198508544.0,152809472.0,54796288.0,0.028780565521148035,0.11588541666666666,0.09016927083333333,0.17188856336805555,0.06766425238715278,0.06278483072916667,0.1643337673611111,0.09886734650610583,0.04536268446180555,0.0,0.015001661638108297,0.1607801731880937,0.00038907737368804783,0.0020375000000000002,0.0010697674418603804,0.00027311348979456207,0.0051727520435967305,0.0002508184523809567,0.0,108.10702388888888,3.5873022222222217,360.99047888888884,3.4539688888888884,3.587302222222222,653.647621111111,80.88888888888889,29.573287030683694
1.0,1.0,1.0,2.0,1.0,1.0,3.0,2.0,1.0,0.17536886666666665,0.19112810000001446,0.13532979999999953,0.18840883333333713,0.020873000000000273,0.012097566666665217,0.45592413333332804,0.22025666666666266,0.03680133333333136,0.07624733333333333,0.08309917391304977,0.06151354545454524,0.0856403787878805,0.009487727272727396,0.00549889393939328,0.20723824242424,0.10011666666666486,0.01672787878787789,254631936.0,72646656.0,61108224.0,208011264.0,78741504.0,76873728.0,152608768.0,153366528.0,54759424.0,0.18341082892749244,0.060139973958333336,0.050587972005208336,0.17220052083333331,0.065185546875,0.06363932291666667,0.1263359917534722,0.09922776034599728,0.04533216688368055,0.1038142857142857,0.004185005767012087,0.18500617283950618,0.00039435523412599766,0.003206578947368383,0.0010600000000000162,0.0003628500992946651,0.006426677316294325,0.00031185714285715223,2.311111111111111,115.19999999999999,3.822222222222222,362.0444444444444,3.7777777777777777,3.733333333333333,652.311111111111,83.33333333333333,31.266666666666662
1.0,1.0,1.0,2.0,1.0,1.0,3.0,2.0,1.0,0.22869570000000009,0.19170996666666723,0.1306899666666671,0.26031070000000417,0.027586233333333137,0.01468783333333287,0.45423293333333276,0.19196116666666635,0.049164700000001935,0.09943291304347832,0.0833521594202901,0.059404530303030494,0.11832304545454733,0.012539196969696879,0.006676287878787668,0.20646951515151488,0.08725507575757561,0.022347590909091785,325652480.0,73269248.0,63184896.0,211480576.0,79241216.0,77344768.0,152211456.0,154034176.0,55189504.0,0.23456677209214502,0.06065538194444445,0.05230712890625,0.1750725640190972,0.06559922960069445,0.0640292697482639,0.126007080078125,0.09965972693351424,0.04568820529513889,0.004828957055214722,0.01993412551058381,0.23012352941176473,0.000491689503157398,0.00253154761904755,0.0010574468085105765,0.0004385303739816542,0.007717425793244823,0.00040705479452053997,72.1111111111111,122.7111111111111,3.9777777777777774,398.1555555555555,3.844444444444444,3.999999999999999,691.9555555555555,87.75555555555555,32.55555555555555
1.0,1.0,1.0,2.0,1.0,1.0,3.0,2.0,1.0,0.06804956666666725,0.07709993333334447,0.1527106333333298,0.1490280000000041,0.01450480000000122,0.012943133333334344,0.36872943333333974,0.12636226666666678,0.04002493333333632,0.029586768115942286,0.03352171014493238,0.06941392424242263,0.06774000000000187,0.006593090909091464,0.005883242424242883,0.16760428787879078,0.05743739393939398,0.018193151515152873,42618880.0,73592832.0,61476864.0,211054592.0,77332480.0,77602816.0,152768512.0,154333184.0,50425856.0,0.03069828644259819,0.060923258463541664,0.050893147786458336,0.1747199164496528,0.06401909722222222,0.0642428927951389,0.1264682345920139,0.09985318436227952,0.04174465603298611,0.006571382428940577,0.016793482415902276,0.28532608695652173,0.0005851969188719132,0.002812631578947491,0.0010678571428571577,0.000449188606827827,0.00963885383806538,0.00033980169971672107,25.51111111111111,116.24444444444444,4.266666666666666,354.8666666666666,4.177777777777777,4.288888888888888,658.2888888888888,84.77777777777777,32.11111111111111
1.0,1.0,1.0,2.0,1.0,1.0,3.0,2.0,1.0,0.005550033333333696,0.18421536666666422,0.1765629666666655,0.24313056666666738,0.021193066666666028,0.013425933333333735,0.42490009999999645,0.22016349999999912,0.032514333333335796,0.0024130579710146508,0.08009363768115836,0.08025589393939339,0.11051389393939426,0.009633212121211831,0.006102696969697152,0.19313640909090746,0.10007431818181776,0.014779242424243543,42713088.0,71823360.0,62615552.0,209387520.0,77578240.0,70656000.0,144863232.0,150867968.0,50921472.0,0.03076614425981873,0.059458414713541664,0.05183580186631945,0.17333984375,0.06422254774305555,0.058492024739583336,0.11992390950520833,0.09761119827001356,0.042154947916666664,0.0,0.010446448703494926,0.22509,0.00035419265834934447,0.002896039603960252,0.0009925531914893927,0.0004688834919156329,0.006237103484139373,0.0003032531824611104,0.0,118.9111111111111,4.2444444444444445,371.13333333333327,4.222222222222221,4.199999999999999,667.7333333333332,85.13333333333333,32.75555555555555
1.0,1.0,1.0,2.0,1.0,1.0,3.0,2.0,1.0,0.0070559333333325945,0.20091200000000148,0.11883429999999559,0.18873023333333283,0.01956133333333317,0.012380166666666052,0.46954283333333635,0.1730112333333352,0.04296433333333501,0.0030677971014489544,0.08735304347826152,0.054015590909088904,0.08578646969696946,0.008891515151515077,0.005627348484848205,0.2134285606060619,0.07864146969697054,0.019529242424243184,36724736.0,71790592.0,58798080.0,206381056.0,75374592.0,70963200.0,144429056.0,151044096.0,48119808.0,0.026452747356495467,0.05943128797743055,0.048675537109375,0.17085096571180555,0.062398274739583336,0.058746337890625,0.11956448025173613,0.0977251526458616,0.039835611979166664,0.0,0.005497290640393947,0.18991764705882355,0.0003553182478218785,0.002311046511627907,0.0017697674418605158,0.00033966975432944625,0.006387966892522422,0.00020961538461534762,0.0,117.37777777777777,3.9111111111111105,364.08888888888885,3.844444444444444,3.8666666666666663,665.9347482424754,85.15697046469764,31.999999999999996
1.0,1.0,1.0,2.0,1.0,1.0,3.0,2.0,1.0,0.00485656666666614,0.16637296666666165,0.11653393333333496,0.21962963333332747,0.021375999999999826,0.014137933333334254,0.26241143333332007,0.21392146666666606,0.03503363333333406,0.0021115507246374527,0.07233607246376594,0.05296996969697044,0.09983165151514883,0.009716363636363556,0.006426333333333752,0.11927792424241822,0.09723703030303002,0.01592437878787912,36114432.0,71360512.0,57933824.0,205602816.0,75710464.0,68874240.0,141688832.0,150159360.0,48263168.0,0.02601314671450151,0.059075249565972224,0.04796006944444445,0.17020670572916666,0.06267632378472222,0.057017008463541664,0.11729600694444445,0.09715273066485752,0.039954291449652776,0.0,0.008311901111536988,0.22849468085106384,0.0004250433168316875,0.001865217391304411,0.0010806451612903225,0.00026135274091571936,0.006451414581066669,0.0003732166890982494,0.0,115.1111111111111,4.111111111111111,360.51111111111106,4.199999999999999,4.177777777777777,640.6888888888889,81.88888888888889,32.888888888888886
1.0,1.0,1.0,2.0,1.0,1.0,3.0,2.0,1.0,0.005715499999999452,0.18913186666666965,0.1501908999999993,0.2564636000000045,0.018898533333333488,0.014312100000000782,0.4289815999999841,0.1557507333333376,0.05292723333333242,0.0024849999999997617,0.0822312463768129,0.06826859090909058,0.11657436363636568,0.008590242424242493,0.006505500000000355,0.1949916363636291,0.07079578787878982,0.024057833333332918,36540416.0,71380992.0,56467456.0,204722176.0,73715712.0,69021696.0,142352384.0,150671360.0,47325184.0,0.026319982061933533,0.059092203776041664,0.046746148003472224,0.16947767469618055,0.061024983723958336,0.057139078776041664,0.11784532335069445,0.097483993385346,0.039177788628472224,0.0,0.014391075514874152,0.2765147058823529,0.0005222377267537743,0.0025495049504949056,0.0011153846153845455,0.0003790827362444183,0.008728879537085458,0.000259122085048003,0.0,116.55555555555554,4.6,351.91111111111104,4.511111111111111,4.644444444444444,660.1777777777777,85.06666666666666,32.68888888888888
1.0,1.0,1.0,2.0,1.0,1.0,3.0,2.0,1.0,0.003980266666666428,0.16619086666666286,0.14425846666667136,0.23576956666666432,0.02071739999999901,0.010755966666668351,0.4615083999999948,0.17759936666666268,0.026794900000000628,0.0017305507246375776,0.07225689855072298,0.06557203030303244,0.10716798484848378,0.00941699999999955,0.004889075757576524,0.2097765454545431,0.08072698484848304,0.012179500000000284,36651008.0,71065600.0,58286080.0,207654912.0,73809920.0,69214208.0,143196160.0,149721088.0,47022080.0,0.026399641238670696,0.058831108940972224,0.04825168185763889,0.171905517578125,0.061102973090277776,0.05729844835069445,0.11854383680555555,0.0968691697761194,0.03892686631944445,0.0,0.0017377623561276713,0.1532570093457944,0.0004216331044115723,0.0017656862745098608,0.00100219780219777,0.0002851289585373836,0.008783746898262768,0.0002556134259259327,0.0,124.55555555555554,4.199999999999999,368.5555555555555,4.3999999999999995,4.333333333333333,679.7555555555555,87.86666666666666,35.82222222222222
1.0,1.0,1.0,2.0,1.0,1.0,3.0,2.0,1.0,0.20187509999999995,0.12736006666665767,0.11832773333333838,0.18709089999999834,0.021735633333332772,0.013605133333332256,0.32067370000001083,0.15023236666666548,0.030695200000002386,0.08777178260869564,0.05537394202898161,0.05378533333333562,0.08504131818181741,0.009879833333333077,0.006184151515151026,0.14576077272727764,0.06828743939393885,0.01395236363636472,285569024.0,71331840.0,56913920.0,205848576.0,75132928.0,70324224.0,147030016.0,154370048.0,48037888.0,0.2056947460347432,0.059051513671875,0.04711574978298611,0.17041015625,0.06219821506076389,0.058217366536458336,0.12171766493055555,0.09987703527815468,0.03976779513888889,0.014134586815227468,0.008019208905731682,0.15594852941176474,0.00032501859842284713,0.0019007462686570207,0.0011362068965516238,0.00022246637539621067,0.005919326599326606,0.00029318181818181944,50.48888888888889,92.13333333333333,2.822222222222222,294.8666666666666,2.7777777777777777,2.8,519.2222222222222,66.42222222222222,25.31111111111111
1.0,1.0,1.0,2.0,1.0,1.0,3.0,2.0,1.0,0.11974383333333283,0.11797990000000026,0.11730509999999868,0.12452216666667179,0.02022273333333449,0.010042033333333696,0.3399263666666684,0.10935459999999844,0.033257333333331945,0.052062536231883845,0.0512956086956523,0.053320499999999396,0.056600984848487176,0.009192151515152042,0.004564560606060771,0.15451198484848563,0.04970663636363566,0.015116969696969065,307146752.0,71516160.0,59121664.0,212336640.0,75177984.0,70356992.0,148029440.0,152334336.0,48844800.0,0.22123713651812688,0.0592041015625,0.048943413628472224,0.17578125,0.062235514322916664,0.05824449327256945,0.12254503038194445,0.09855993470149255,0.040435791015625,0.0016380090497737554,0.011804180238871451,0.23673387096774196,0.00033329033367733145,0.0019680327868852937,0.0011026315789473427,0.00029127108670066727,0.0062112121212119795,0.00028349705304517807,48.888888888888886,81.24444444444444,2.6666666666666665,257.77777777777777,2.666666666666666,2.688888888888888,455.2666666666666,58.26666666666666,21.911111111111108
1.0,1.0,1.0,2.0,1.0,1.0,3.0,2.0,1.0,0.08855746666666657,0.09746206666666997,0.10675410000000435,0.12973733333332876,0.01952316666666813,0.012502033333333884,0.2854772333333453,0.14252256666666482,0.022885333333332862,0.03850324637681155,0.04237481159420434,0.048524590909092884,0.058971515151513075,0.00887416666666733,0.005682742424242674,0.1297623787878842,0.06478298484848401,0.010402424242424027,343339008.0,71286784.0,58269696.0,205402112.0,75337728.0,70492160.0,150339584.0,152514560.0,48463872.0,0.24730633969033233,0.059014214409722224,0.048238118489583336,0.1700405544704861,0.062367757161458336,0.058356391059027776,0.12445746527777778,0.09867653917910447,0.040120442708333336,0.0009529756097560862,0.022956317586796275,0.17838333333333334,0.00040260631001371334,0.0024075000000001938,0.0010171641791044993,0.0002070941542163814,0.006581117230526554,0.0004087499999999788,42.266666666666666,78.84444444444443,2.844444444444444,255.5333333333333,2.6888888888888887,2.8666666666666663,443.71111111111105,56.39999999999999,21.799999999999997
1.0,1.0,1.0,2.0,1.0,1.0,3.0,2.0,1.0,0.0056420333333325814,0.11948226666665202,0.09002299999998892,0.17146640000000654,0.02046303333333223,0.012009100000000217,0.2572562666666651,0.12251819999999895,0.04383623333333541,0.0024530579710141664,0.05194881159419653,0.040919545454540414,0.07793927272727569,0.009301378787878284,0.005458681818181916,0.11693466666666594,0.055690090909090426,0.01992556060606155,41115648.0,70725632.0,59064320.0,205524992.0,76460032.0,70504448.0,149098496.0,152727552.0,48250880.0,0.02961551170694864,0.05854966905381945,0.048895941840277776,0.1701422797309028,0.0632968478732639,0.05836656358506945,0.12343004014756945,0.09881434447082768,0.03994411892361111,0.0,0.0015209227467817405,0.1461184210526316,0.00044466757819177174,0.0018657894736842488,0.001063013698630117,0.0001302520171331741,0.0042582498072479295,0.0002781663516068012,0.0,81.99999999999999,3.333333333333333,255.88888888888886,3.311111111111111,3.2888888888888888,446.91111111111104,57.06666666666666,23.15555555555555
1.0,1.0,1.0,2.0,1.0,1.0,3.0,2.0,1.0,0.006197199999999725,0.08880806666666104,0.07741803333333337,0.13103486666666225,0.01948256666666642,0.01660016666666782,0.26700103333332853,0.13135659999999802,0.02885036666666944,0.0026944347826085764,0.03861220289854828,0.03519001515151517,0.059561303030301015,0.008855712121212007,0.007545530303030827,0.12136410606060387,0.05970754545454455,0.01311380303030429,39362560.0,74575872.0,58056704.0,207257600.0,76607488.0,71831552.0,154173440.0,152481792.0,48504832.0,0.028352766238670696,0.061737060546875,0.04806179470486111,0.1715766059027778,0.0634189181857639,0.05946519639756945,0.1276312934027778,0.09865533836499321,0.040154351128472224,0.0,0.027304987834550314,0.15946428571428573,0.00037129769550436057,0.0018235849056602675,0.000992857142857117,0.00031139372459084553,0.00712927631578934,0.00028333333333332034,0.0,74.57777777777777,2.422222222222222,235.86666666666665,2.3999999999999995,2.511111111111111,425.0666666666666,54.26666666666666,20.24444444444444
1.0,1.0,1.0,2.0,1.0,1.0,3.0,2.0,1.0,0.004951600000000174,0.1374355666666664,0.11135783333334075,0.16432153333333305,0.018925633333333282,0.012962200000000241,0.25543916666666366,0.1279608999999984,0.03733209999999947,0.0021528695652174674,0.059754594202898435,0.05061719696970034,0.07469160606060592,0.008602560606060582,0.0058919090909092,0.11610871212121077,0.05816404545454473,0.016969136363636124,39788544.0,74878976.0,60342272.0,209534976.0,76611584.0,71892992.0,153452544.0,151527424.0,48791552.0,0.02865960158610272,0.061987982855902776,0.04995388454861111,0.1734619140625,0.06342230902777778,0.059516059027777776,0.12703450520833334,0.09803786465400272,0.04039171006944445,0.0,0.004924748322148015,0.19308088235294119,0.00037220921858120503,0.0019357142857142856,0.0010596153846154032,0.00024420469734580765,0.006179864763336118,0.0005573122529644412,0.0,81.57777777777777,3.3999999999999995,251.28888888888886,3.1999999999999993,3.311111111111111,467.04444444444437,59.444444444444436,23.755555555555553
1.0,1.0,1.0,2.0,1.0,1.0,3.0,1.0,1.0,0.0054292666666668765,0.10898543333332782,0.0467043666666541,0.15272973333332324,0.02432973333333166,0.01457163333333445,0.28981906666666457,0.13060293333332992,0.03479389999999967,0.0023605507246377724,0.04738497101449036,0.02122925757575186,0.06942260606060148,0.011058969696968936,0.0066234696969702045,0.13173593939393843,0.05936496969696814,0.01581540909090894,40177664.0,75358208.0,58695680.0,208437248.0,77668352.0,72007680.0,153313280.0,80773120.0,49467392.0,0.028939883874622357,0.062384711371527776,0.048590766059027776,0.1725531684027778,0.0642971462673611,0.059611002604166664,0.1269192165798611,0.052260006784260515,0.04095119900173611,0.0,0.02583469108802645,0.18281060606060606,0.0003182487049853091,0.002080769230769455,0.0010338028169014288,0.00033669647847960223,0.02472056603773585,0.00035098814229248004,0.0,81.19977680004345,3.0444355559505993,242.04286256079973,3.1111111111111107,3.0888888888888886,469.8543980761348,58.733156551066855,22.533284940422398
1.0,1.0,1.0,1.0,1.0,1.0,2.0,1.0,1.0,0.00464110000000062,0.15457613333333028,0.11535833333333964,0.1593000333333445,0.02440873333333305,0.012822133333332885,0.3684414666666631,0.18501169999999548,0.03532466666666778,0.0020178695652176607,0.0672070144927523,0.05243560606060892,0.07240910606061113,0.011094878787878659,0.00582824242424222,0.1674733939393923,0.08409622727272521,0.016056666666667174,40488960.0,76005376.0,59949056.0,108122112.0,77668352.0,72065024.0,98861056.0,80785408.0,49332224.0,0.029164109705438066,0.06292046440972222,0.049628363715277776,0.089508056640625,0.0642971462673611,0.05965847439236111,0.08184136284722221,0.05226795708955224,0.040839301215277776,0.0,0.012400766283524914,0.16821153846153844,0.0006188023048429006,0.0018067567567567175,0.0009847560975609756,0.0005644828089641533,0.024299715424018004,0.00027321144674087924,0.0,107.33333333333333,3.4888888888888885,336.28888888888883,3.3999999999999995,3.5111111111111106,607.0444444444444,78.15555555555555,28.644444444444442
1.0,1.0,1.0,1.0,1.0,1.0,2.0,1.0,1.0,0.10842939999999998,0.14516366666666727,0.11942019999999805,0.16851300000001476,0.01894733333333344,0.014624166666667784,0.4073799000000008,0.2008425333333283,0.02979566666666642,0.047143217391304344,0.06311463768115969,0.0542819090909082,0.07659681818182489,0.008612424242424291,0.006647348484848993,0.1851726818181822,0.09129206060605831,0.013543484848484735,238198784.0,75042816.0,61054976.0,107147264.0,77246464.0,72228864.0,99434496.0,80801792.0,49504256.0,0.17157406533232628,0.062123616536458336,0.050543891059027776,0.08870103624131945,0.06394788953993055,0.059794108072916664,0.08231608072916667,0.05227855749660787,0.04098171657986111,0.10100000000000002,0.01721462421325382,0.22959195402298851,0.0004873279544375869,0.0019363636363635703,0.0012024999999999636,0.0007416826193148058,0.03183024911032057,0.00029149519890260127,4.666666666666666,119.28888888888888,3.755555555555555,378.6444444444444,3.8,3.688888888888888,670.6666666666666,86.02222222222221,32.15555555555555
1.0,1.0,1.0,2.0,1.0,1.0,3.0,1.0,1.0,0.09812286666666618,0.08663530000000416,0.11017379999999927,0.16052886666667898,0.021076033333334483,0.01607333333333448,0.27838890000000066,0.20431450000000193,0.042418966666665864,0.04266211594202878,0.037667521739132244,0.050078999999999665,0.07296766666667226,0.009580015151515672,0.007306060606061127,0.12654040909090938,0.09287022727272815,0.019281348484848117,300429312.0,74784768.0,60641280.0,175722496.0,77291520.0,72359936.0,145739776.0,80031744.0,49496064.0,0.2163985791163142,0.061909993489583336,0.050201416015625,0.1454705132378472,0.06398518880208333,0.05990261501736111,0.12064954969618057,0.05178033836499322,0.040974934895833336,0.004616159586681977,0.019856519489478343,0.21475742574257428,0.000773923360025449,0.0022000000000000565,0.0011165048543688614,0.0004914887693975714,0.020952321685016935,0.0003207397622193049,76.62222222222222,129.2,4.555555555555555,400.0491666666666,4.5777777777777775,4.5777777777777775,708.6163422222221,92.26666666666667,34.62222222222222
1.0,1.0,1.0,2.0,1.0,1.0,3.0,1.0,1.0,0.13465193333333236,0.167142433333341,0.142161366666672,0.27116410000000246,0.02373946666666787,0.01893220000000042,0.5386039666666632,0.1789316000000023,0.04079830000000205,0.05854431884057929,0.07267062318840914,0.06461880303030546,0.12325640909091021,0.010790666666667214,0.008605545454545645,0.24481998484848325,0.0813325454545465,0.018544681818182748,347553792.0,71938048.0,61304832.0,182616064.0,75390976.0,72232960.0,147267584.0,80297984.0,49545216.0,0.2503422394259819,0.05955335828993055,0.050750732421875,0.1511773003472222,0.06241183810763889,0.05979749891493055,0.1219143337673611,0.051952594979647215,0.041015625,0.0053718118195956455,0.018339719783929547,0.21477551020408162,0.0006630085596533815,0.002701010101010042,0.0010076190476189365,0.0004547730307076146,0.049469828815977085,0.0005160668380462724,46.68888888888888,130.42222222222222,4.6,415.1555555555555,4.444444444444444,4.511111111111111,733.311111111111,93.64444444444443,34.73333333333333
1.0,1.0,1.0,2.0,1.0,1.0,3.0,1.0,1.0,0.005335933333333287,0.14336033333333945,0.12817079999999806,0.33542056666667186,0.012931200000000823,0.016618966666667727,0.47220506666666984,0.24886359999999663,0.04133249999999862,0.002319971014492734,0.06233057971014759,0.05825945454545366,0.1524638939393963,0.005877818181818556,0.007554075757576239,0.21463866666666812,0.11311981818181666,0.01878749999999937,40546304.0,72318976.0,57905152.0,190459904.0,76374016.0,72310784.0,149028864.0,78721024.0,49750016.0,0.029205414463746224,0.059868706597222224,0.047936333550347224,0.15767076280381942,0.06322564019097222,0.05986192491319445,0.12337239583333333,0.05093230580054274,0.04118516710069445,0.0,0.004774809038827792,0.19886746987951806,0.0008155038759689856,0.001999367088607558,0.0010753333333333528,0.00043143036744957186,0.037019665461121155,0.0004372037914691815,0.0,134.86666666666665,3.4222222222222216,440.8222222222222,3.4222222222222216,3.4222222222222216,772.9999999999999,97.04444444444444,36.02222222222222
1.0,1.0,1.0,2.0,1.0,1.0,3.0,2.0,1.0,0.005589433333333697,0.15486433333333782,0.13640713333334134,0.2532021666666597,0.025230433333333243,0.02128423333333179,0.5037722666666596,0.13332333333333585,0.026645399999999122,0.0024301884057972597,0.06733231884058166,0.06200324242424606,0.11509189393939075,0.011468378787878746,0.009674651515150812,0.22898739393939072,0.06060151515151629,0.012111545454545054,38666240.0,73666560.0,59465728.0,194813952.0,77529088.0,72572928.0,148344832.0,152649728.0,48648192.0,0.027851208459214502,0.060984293619791664,0.04922824435763889,0.16127522786458331,0.0641818576388889,0.060078938802083336,0.12280612521701388,0.09876399253731344,0.040273030598958336,0.0,0.01755957261987441,0.21574271844660195,0.00047117302688639065,0.0018785714285714287,0.0017018867924529124,0.0005334337167981736,0.00831441757467852,0.0005090965346534815,0.0,131.28888888888886,4.7333333333333325,416.5777777777777,4.822222222222221,4.755555555555555,736.3132766666666,92.75772111111111,36.77777777777777
1.0,1.0,1.0,2.0,1.0,1.0,3.0,2.0,1.0,0.006613833333333711,0.18289523333332908,0.13556900000000194,0.24473423333332273,0.018733533333335117,0.019641000000001442,0.5459650666666588,0.20853056666666964,0.03496959999999945,0.002875579710145092,0.07951966666666482,0.0616222727272736,0.11124283333332852,0.008515242424243234,0.008927727272727927,0.24816593939393577,0.09478662121212256,0.015895272727272477,39129088.0,76357632.0,57794560.0,195051520.0,77725696.0,72884224.0,144134144.0,157904896.0,49213440.0,0.028184596865558912,0.06321207682291667,0.047844780815972224,0.1614718967013889,0.06434461805555555,0.06033664279513889,0.1193203396267361,0.10216407310040707,0.040740966796875,0.0,0.015858271164450682,0.2016505376344086,0.0005117812852311488,0.0022710227272727933,0.0009612244897959629,0.0006581099656357368,0.013450089887640114,0.00041690140845067526,0.0,135.46666666666664,4.088888888888889,430.8666666666666,4.022222222222222,4.111111111111111,775.5333333333333,99.04444444444444,36.95555555555555
1.0,1.0,1.0,2.0,1.0,1.0,3.0,2.0,1.0,0.005394966666667263,0.22360393333333375,0.1565005666666669,0.3212670000000045,0.02453440000000076,0.013058166666667148,0.36134089999999686,0.24197329999999717,0.043732666666664956,0.0023456376811596797,0.09721910144927556,0.0711366212121213,0.1460304545454566,0.011152000000000347,0.005935530303030521,0.1642458636363622,0.10998786363636234,0.01987848484848407,37662720.0,78848000.0,59871232.0,188456960.0,76890112.0,73015296.0,143392768.0,159047680.0,46632960.0,0.027128375188821753,0.0652737087673611,0.04956393771701389,0.1560126410590278,0.06365288628472222,0.060445149739583336,0.11870659722222221,0.10290345149253732,0.038604736328125,0.0,0.018908558558558785,0.23508407079646024,0.0007639658743465871,0.003075438596491279,0.0010459459459459329,0.0007235989267078901,0.01259294732259493,0.00037572254335261365,0.0,142.0222222222222,5.066666666666666,444.9333333333333,5.066666666666666,5.022222222222222,795.1555555555555,101.3111111111111,38.48888888888889
1.0,1.0,1.0,2.0,1.0,1.0,3.0,2.0,1.0,0.0041458666666661275,0.2308294999999968,0.17648059999999835,0.23965703333333319,0.02146070000000009,0.017434033333332384,0.4320601999999968,0.21275406666667218,0.03779016666666545,0.0018025507246374468,0.10036065217391166,0.08021845454545379,0.10893501515151507,0.009754863636363676,0.007924560606060173,0.19639099999999848,0.09670639393939642,0.01717734848484793,37871616.0,75051008.0,57581568.0,189042688.0,76886016.0,70381568.0,139845632.0,159821824.0,47165440.0,0.027278842522658612,0.06213039822048611,0.04766845703125,0.1564975314670139,0.06364949544270833,0.058264838324652776,0.11577012803819445,0.10340432072591588,0.03904554578993055,0.0,0.017739090616965887,0.2597757009345795,0.0006128636172006844,0.002068018018018044,0.0010951456310679894,0.0005857931152790457,0.009859102960671676,0.0004754705882353087,0.0,138.35555555555553,4.777777777777778,424.99999999999994,4.933333333333333,4.71111111111111,776.1777777777777,100.24444444444444,38.511111111111106
1.0,1.0,1.0,2.0,1.0,1.0,3.0,2.0,1.0,0.07028863333333296,0.19103843333333922,0.11199586666666618,0.2934977666666645,0.022966333333334886,0.010294266666666848,0.468442666666662,0.22624963333333536,0.054114766666668854,0.03056027536231868,0.08306018840579966,0.0509072121212119,0.13340807575757474,0.01043924242424313,0.004679212121212204,0.21292848484848273,0.10284074242424335,0.024597621212122205,258195456.0,75730944.0,57987072.0,191758336.0,74489856.0,70590464.0,138612736.0,156033024.0,47976448.0,0.1859776246223565,0.06269327799479167,0.048004150390625,0.1587456597222222,0.061665852864583336,0.05843777126736111,0.1147494845920139,0.10095297659430122,0.03971693250868055,0.0551341040462428,0.013172940298507456,0.2653521739130435,0.000637243301388603,0.0020155172413793354,0.0010118421052632087,0.0008597738287560633,0.009457171799027329,0.000293867403314926,32.31111111111111,149.2222222222222,5.111111111111111,457.1111111111111,5.0,5.066666666666666,850.8888888888888,109.1111111111111,41.77777777777777
1.0,1.0,1.0,2.0,1.0,1.0,3.0,2.0,1.0,0.06361370000000004,0.1916402666666727,0.09281720000000557,0.1781111666666696,0.01796096666666737,0.013542066666667551,0.33459416666666614,0.1237526999999974,0.02869460000000193,0.027658130434782626,0.0833218550724664,0.04218963636363889,0.08095962121212255,0.008164075757576076,0.00615548484848525,0.1520882575757573,0.05625122727272608,0.013043000000000877,311975936.0,71266304.0,57901056.0,189628416.0,74743808.0,72028160.0,141062144.0,152920064.0,48033792.0,0.22471558723564955,0.058997260199652776,0.047932942708333336,0.156982421875,0.06187608506944445,0.05962795681423611,0.11677720811631945,0.09893889925373134,0.039764404296875,0.0017046367851623234,0.00162540584415471,0.19796341463414635,0.0003661794019933657,0.0026297297297298086,0.0012318181818181157,0.0005290101308569152,0.004798244147157541,0.0004136235955056181,22.62222222222222,37.77777777777777,1.2888888888888888,106.84444444444443,1.4444444444444442,1.2666666666666666,191.6222222222222,22.977777777777774,11.444444444444443
1.0,1.0,1.0,2.0,1.0,1.0,3.0,2.0,1.0,0.05651279999999967,0.012399566666666336,0.00941733333332498,0.01446469999999825,0.007604866666666036,0.011233766666667103,0.02721113333332615,0.03293000000000129,0.01890883333333401,0.02457078260869551,0.005391115942028842,0.004280606060602264,0.006574863636362841,0.0034567575757572886,0.005106257575757774,0.012368696969693704,0.014968181818182404,0.00859492424242455,318210048.0,71372800.0,57724928.0,190238720.0,74944512.0,72142848.0,143339520.0,153333760.0,49192960.0,0.22920600453172205,0.05908542209201389,0.04778713650173611,0.15748765733506942,0.062042236328125,0.059722900390625,0.11866251627604166,0.09920655953188602,0.04072401258680555,0.0,0.0,0.0,0.0,0.0,0.0,0.0,0.0,0.0,0.0,0.0,0.0,0.0,0.0,0.0,0.0,0.0,0.0
1.0,1.0,1.0,2.0,1.0,1.0,3.0,2.0,1.0,0.06157206666666752,0.01349119999999857,0.007217199999998532,0.018708766666665134,0.015466933333332614,0.010581533333333937,0.03215230000000986,0.02983810000000086,0.012425633333331612,0.026770463768116315,0.005865739130434162,0.0032805454545447874,0.008503984848484152,0.0070304242424239155,0.004809787878788153,0.0146146818181863,0.013562772727273117,0.005648015151514369,318246912.0,71565312.0,56016896.0,179970048.0,75075584.0,72138752.0,142704640.0,147410944.0,49020928.0,0.22923255759063443,0.059244791666666664,0.04637315538194445,0.14898681640625,0.06215074327256945,0.05971950954861111,0.1181369357638889,0.09537451238127545,0.040581597222222224,0.0,0.0,0.0,0.0,0.0,0.0,0.0,0.0,0.0,0.0,0.0,0.0,0.0,0.0,0.0,0.0,0.0,0.0
1.0,1.0,1.0,2.0,1.0,1.0,3.0,2.0,1.0,0.04962893333333227,0.009872799999993732,0.004150366666666135,0.01603313333333697,0.015270099999999806,0.012437166666666144,0.027440966666659013,0.031168433333332503,0.015632100000001023,0.021577797101448814,0.00429252173912771,0.0018865303030300613,0.007287787878789531,0.006940954545454457,0.005653257575757338,0.012473166666663187,0.014167469696969318,0.007105500000000465,323174400.0,70225920.0,56086528.0,174370816.0,74252288.0,76390400.0,143237120.0,147886080.0,54669312.0,0.2327818164652568,0.058135986328125,0.04643079969618055,0.1443515353732639,0.061469184027777776,0.06323920355902778,0.11857774522569445,0.09568192418588875,0.045257568359375,0.0,0.0,0.0,0.0,0.0,0.0,0.0,0.0,0.0,0.0,0.0,0.0,0.0,0.0,0.0,0.0,0.0,0.0
1.0,1.0,1.0,2.0,1.0,1.0,3.0,2.0,1.0,0.07238986666666657,0.009209466666667747,0.012779933333331427,0.021401199999998254,0.012565266666666729,0.012632666666667092,0.022493499999987895,0.031248333333332566,0.012310500000000956,0.031473855072463724,0.004004115942029455,0.00580906060605974,0.009727818181817387,0.005711484848484877,0.005742121212121405,0.010224318181812679,0.014203787878787528,0.005595681818182252,323330048.0,70438912.0,55115776.0,175054848.0,79740928.0,76464128.0,141303808.0,147886080.0,54444032.0,0.23289392938066467,0.058312310112847224,0.04562717013888889,0.14491780598958334,0.0660129123263889,0.06330023871527778,0.11697726779513888,0.09568192418588875,0.04507107204861111,0.0,0.0,0.0,0.0,0.0,0.0,0.0,0.0,0.0,0.0,0.0,0.0,0.0,0.0,0.0,0.0,0.0,0.0
1.0,1.0,1.0,2.0,1.0,1.0,3.0,2.0,1.0,0.0428024999999991,0.011345933333344268,0.010207566666667844,0.019725899999996462,0.021369866666666817,0.012605533333334052,0.034172100000004944,0.03006380000000443,0.010942799999997987,0.018609782608695263,0.004933014492758378,0.004639803030303565,0.008966318181816573,0.009713575757575825,0.005729787878788205,0.015532772727274973,0.01366536363636565,0.004973999999999084,319053824.0,70631424.0,55287808.0,174014464.0,79765504.0,75763712.0,140206080.0,148201472.0,53743616.0,0.2298137745468278,0.0584716796875,0.045769585503472224,0.14405653211805555,0.06603325737847222,0.06272040473090278,0.11606852213541666,0.09588598202170963,0.04449123806423611,0.0,0.0,0.0,0.0,0.0,0.0,0.0,0.0,0.0,0.0,0.0,0.0,0.0,0.0,0.0,0.0,0.0,0.0
1.0,1.0,1.0,1.0,1.0,1.0,2.0,1.0,1.0,0.05302593333333334,0.010702099999995577,0.01797196666666423,0.009652799999988323,0.015240099999999757,0.007590699999999136,0.02197353333333467,0.015965300000001056,0.01230956666666619,0.02305475362318841,0.004653086956519816,0.008169075757574648,0.004387636363631055,0.006927318181818071,0.0034503181818177887,0.009987969696970304,0.007256954545455025,0.005595257575757359,321630208.0,72712192.0,59613184.0,105082880.0,77836288.0,76562432.0,102350848.0,79114240.0,53096448.0,0.23166953833081572,0.06019422743055555,0.04935031467013889,0.08699205186631945,0.06443617078993055,0.0633816189236111,0.08473036024305555,0.05118671556987788,0.043955485026041664,0.0,0.0,0.0,0.0,0.0,0.0,0.0,0.0,0.0,0.0,0.0,0.0,0.0,0.0,0.0,0.0,0.0,0.0
1.0,1.0,1.0,1.0,1.0,1.0,1.0,1.0,1.0,0.06659026666666629,0.01724363333334319,0.011711200000005799,0.010336133333339603,0.015618500000001253,0.0065957000000006856,0.007323633333332206,0.013641166666669353,0.011390566666667231,0.0289522898550723,0.0074972318840622575,0.005323272727275363,0.0046982424242452735,0.0070993181818187505,0.002998045454545766,0.0033289242424237296,0.006200530303031524,0.0051775303030305595,321970176.0,73191424.0,59707392.0,105496576.0,78352384.0,76759040.0,53506048.0,80187392.0,50073600.0,0.2319144165407855,0.06059095594618055,0.049428304036458336,0.08733452690972222,0.06486341688368055,0.06354437934027778,0.04429456922743055,0.05188104223202171,0.041453043619791664,0.0,0.0,0.0,0.0,0.0,0.0,0.0,0.0,0.0,0.0,0.0,0.0,0.0,0.0,0.0,0.0,0.0,0.0
1.0,1.0,1.0,1.0,1.0,1.0,1.0,1.0,1.0,0.0529341000000007,0.01182016666666641,0.009754966666666101,0.00971190000000206,0.01072366666666653,0.00953930000000014,0.011351766666666662,0.014926599999997354,0.012446399999998903,0.023014826086956826,0.005139202898550613,0.004434075757575501,0.004414500000000936,0.004874393939393877,0.004336045454545518,0.005159893939393937,0.006784818181816979,0.005657454545454047,319299584.0,73383936.0,60223488.0,105820160.0,75923456.0,73682944.0,54091776.0,80310272.0,50434048.0,0.22999079493957703,0.060750325520833336,0.049855550130208336,0.08760240342881945,0.06285264756944445,0.060997856987847224,0.044779459635416664,0.051960545284938944,0.04175143771701389,0.0,0.0,0.0,0.0,0.0,0.0,0.0,0.0,0.0,0.0,0.0,0.0,0.0,0.0,0.0,0.0,0.0,0.0
1.0,1.0,1.0,1.0,1.0,1.0,1.0,1.0,1.0,0.07852916666666564,0.014132533333334625,0.010377233333322996,0.008568066666657614,0.018758066666667142,0.009531266666666245,0.00779373333333145,0.015570999999999913,0.01020529999999932,0.03414311594202854,0.006144579710145489,0.004716924242419543,0.003894575757571642,0.008526393939394155,0.004332393939393747,0.0035426060606052047,0.007077727272727233,0.004638772727272419,319533056.0,73531392.0,60416000.0,105750528.0,76058624.0,73637888.0,53809152.0,80183296.0,49016832.0,0.2301589643126888,0.060872395833333336,0.05001491970486111,0.08754475911458333,0.06296454535590278,0.06096055772569445,0.044545491536458336,0.0518783921302578,0.040578206380208336,0.0,0.0,0.0,0.0,0.0,0.0,0.0,0.0,0.0,0.0,0.0,0.0,0.0,0.0,0.0,0.0,0.0,0.0
1.0,1.0,1.0,1.0,1.0,1.0,1.0,1.0,1.0,0.06378993333333369,0.015044633333324479,0.011979333333344281,0.012409033333339418,0.010085033333333134,0.009494633333332558,0.01350403333332603,0.016434499999998783,0.0137818333333333,0.02773475362318856,0.006541144927532383,0.005445151515156491,0.005640469696972463,0.004584106060605969,0.004315742424242072,0.0061381969696936494,0.007470227272726719,0.0062644696969696816,315265024.0,70971392.0,60329984.0,103604224.0,75542528.0,71606272.0,47771648.0,77123584.0,49225728.0,0.22708471015861026,0.058753119574652776,0.04994371202256945,0.08576795789930555,0.06253729926215278,0.05927870008680555,0.03954739040798611,0.049898766112618724,0.040751139322916664,0.0,0.0,0.0,0.0,0.0,0.0,0.0,0.0,0.0,0.0,0.0,0.0,0.0,0.0,0.0,0.0,0.0,0.0
1.0,1.0,1.0,1.0,1.0,1.0,1.0,1.0,1.0,0.05581886666666757,0.010034666666660997,0.013077233333342519,0.010973633333333056,0.01583286666666671,0.00818489999999959,0.012511433333323415,0.010313266666662458,0.011020833333335152,0.02426907246376851,0.004362898550722173,0.005944196969701145,0.004988015151515025,0.007196757575757594,0.0037204090909089046,0.005687015151510643,0.004687848484846571,0.005009469696970523,315715584.0,71258112.0,53489664.0,103911424.0,75538432.0,71573504.0,47599616.0,77393920.0,48148480.0,0.22740924754531722,0.058990478515625,0.044281005859375,0.08602227105034722,0.0625339084201389,0.05925157335069445,0.039404975043402776,0.05007367282903664,0.03985934787326389,0.0,0.0,0.0,0.0,0.0,0.0,0.0,0.0,0.0,0.0,0.0,0.0,0.0,0.0,0.0,0.0,0.0,0.0
1.0,1.0,1.0,1.0,1.0,1.0,1.0,1.0,1.0,0.05544953333333448,0.015620633333340569,0.01048240000000078,0.009674466666668498,0.0194941333333342,0.012299066666666173,0.005469599999999748,0.015575333333329885,0.013608033333332515,0.02410849275362369,0.006791579710148074,0.004764727272727627,0.00439748484848568,0.00886096969697009,0.0055904848484846234,0.002486181818181704,0.007079696969695402,0.006185469696969324,316116992.0,71303168.0,54337536.0,103141376.0,74625024.0,71725056.0,48357376.0,77221888.0,48615424.0,0.22769838085347432,0.059027777777777776,0.04498291015625,0.0853847927517361,0.061777750651041664,0.059377034505208336,0.040032280815972224,0.04996236855495251,0.040245903862847224,0.0,0.0,0.0,0.0,0.0,0.00205000000000291,0.0003891891891895726,0.011114285714392151,0.0,0.13333333333333333,0.39999999999999997,0.04444444444444444,0.6666666666666666,0.04444444444444444,0.04444444444444444,3.0666666666666664,0.37777777777777777,0.11111111111111109
1.0,1.0,1.0,1.0,1.0,1.0,1.0,1.0,1.0,0.08878543333333369,0.02552579999999883,0.027145333333343537,0.024291533333325788,0.013194366666666232,0.012476733333333337,0.03181230000000142,0.03509363333332658,0.021290433333335083,0.03860236231884074,0.01109817391304297,0.012338787878792517,0.01104160606060263,0.005997439393939196,0.005671242424242426,0.014460136363637006,0.015951651515148445,0.009677469696970491,317140992.0,71442432.0,54972416.0,104087552.0,74678272.0,71557120.0,47517696.0,77279232.0,47890432.0,0.22843596582326284,0.05914306640625,0.045508490668402776,0.08616807725694445,0.061821831597222224,0.05923800998263889,0.039337158203125,0.049999469979647215,0.03964572482638889,0.0016141221374044465,0.008539761904769,0.09399999999999999,0.00034348623853198463,0.0018499999999999999,0.0010499999999997922,0.00023841429369065933,0.00599497487437186,0.00022016129032254543,6.799999999999999,12.288888888888888,0.5333333333333333,34.75555555555555,0.5111111111111111,0.5333333333333332,76.19999999999999,9.51111111111111,3.355555555555555
1.0,1.0,1.0,1.0,1.0,1.0,1.0,1.0,1.0,0.09152643333333306,0.048386233333333924,0.03496909999998934,0.07289826666666764,0.02560883333333474,0.012550500000001345,0.1810800666666637,0.04224113333334571,0.01987896666666984,0.03979410144927525,0.021037492753623446,0.015895045454540607,0.0331355757575762,0.011640378787879426,0.005704772727273338,0.08230912121211986,0.019200515151520776,0.00903589393939538,330039296.0,71356416.0,56127488.0,107401216.0,74637312.0,71503872.0,47702016.0,77594624.0,47411200.0,0.23772658610271905,0.059071858723958336,0.04646470811631945,0.08891126844618055,0.061787923177083336,0.059193929036458336,0.03948974609375,0.050203527815468114,0.03924899631076389,0.0011649664429530123,0.02704611398963864,0.18979411764705884,0.0003020291071928091,0.0019357142857147015,0.0011219512195121953,0.0011967342638925544,0.01666251372118633,0.00025421052631576646,34.42222222222222,56.06666666666666,1.622222222222222,177.79999999999998,1.622222222222222,1.6444444444444444,329.4444444444444,41.266666666666666,13.933333333333332
1.0,1.0,1.0,1.0,1.0,1.0,1.0,1.0,1.0,0.16262806666666735,0.16745616666667046,0.1138258999999986,0.11673699999999675,0.020082499999998997,0.015766266666668118,0.28017376666666677,0.04264620000000529,0.030597366666669738,0.07070785507246408,0.0728070289855089,0.051739045454544816,0.053062272727271244,0.009128409090908634,0.007166484848485507,0.12735171212121216,0.019384636363638765,0.013907893939395333,249483264.0,72212480.0,55717888.0,107528192.0,75681792.0,72609792.0,49606656.0,78438400.0,49074176.0,0.17970225169939577,0.05978054470486111,0.04612562391493055,0.0890163845486111,0.062652587890625,0.060109456380208336,0.041066487630208336,0.050749448778833105,0.040625678168402776,0.03482427536231888,0.0014549127906976474,0.11912903225806452,0.0002586629526462344,0.001968032786885055,0.0010277777777777776,0.0013724277456647431,0.009371522094925588,0.0002329896907216495,9.11111111111111,75.95555555555555,2.5999999999999996,238.37777777777777,2.644444444444444,2.5555555555555554,422.0222222222222,54.33333333333333,20.71111111111111
1.0,1.0,1.0,1.0,1.0,1.0,2.0,1.0,1.0,0.17864790000000047,0.12547786666665767,0.09352910000000823,0.10636789999998654,0.019254100000000562,0.012098133333334241,0.17182979999999284,0.10141199999999723,0.025487133333335046,0.07767300000000021,0.054555594202894644,0.04251322727273101,0.04834904545453934,0.00875186363636389,0.005499151515151927,0.07810445454545129,0.046096363636362374,0.011585060606061383,331603968.0,73310208.0,59174912.0,107139072.0,77791232.0,73715712.0,98578432.0,80314368.0,49696768.0,0.23885361593655588,0.060689290364583336,0.048987494574652776,0.08869425455729167,0.06439887152777778,0.061024983723958336,0.0816073947482639,0.05196319538670285,0.04114108615451389,0.0041509275618374615,0.009936531266701862,0.15810344827586206,0.0005253542510121733,0.0019179245283020515,0.0010657894736842105,0.00043351722424316377,0.012308637992831408,0.0004224742268041267,50.93333333333333,84.64444444444443,2.622222222222222,270.0222222222222,2.533333333333333,2.488888888888889,464.6022877777777,62.222222222222214,21.999999999999996
1.0,1.0,1.0,1.0,1.0,1.0,2.0,1.0,1.0,0.1328070666666671,0.09264153333333525,0.09267336666666778,0.14715703333334507,0.018672833333332996,0.011333166666666254,0.2631285333333264,0.12188466666666499,0.028905133333330467,0.05774220289855092,0.04027892753623272,0.04212425757575808,0.06688956060606593,0.008487651515151361,0.005151439393939206,0.11960387878787565,0.05540212121212045,0.013138696969695666,349368320.0,73080832.0,57929728.0,107675648.0,77778944.0,73785344.0,98942976.0,80076800.0,50524160.0,0.25164923999244715,0.06049940321180555,0.04795667860243055,0.0891384548611111,0.0643886990017361,0.06108262803819445,0.0819091796875,0.051809489484396204,0.04182603624131945,0.0034800170794193263,0.011452508780733254,0.20026190476190472,0.00040454254125941704,0.001925000000000182,0.0011080882352940964,0.0005279491168664754,0.010731337792642513,0.0002781481481481562,45.888888888888886,89.9111111111111,2.9555555555555553,283.5333333333333,2.9777777777777774,2.955555555555555,514.8222222222222,66.19999999999999,24.355555555555554
1.0,1.0,1.0,1.0,1.0,1.0,2.0,1.0,1.0,0.04411879999999921,0.12714959999999942,0.1132900999999947,0.16356926666667276,0.023557599999999942,0.011933866666665457,0.3376417999999961,0.12806843333332835,0.028353966666664593,0.019182086956521398,0.05528243478260846,0.051495499999997585,0.07434966666666944,0.010707999999999973,0.005424484848484298,0.15347354545454367,0.05821292424242197,0.012888166666665724,237731840.0,73207808.0,61247488.0,104841216.0,77778944.0,73904128.0,97624064.0,80424960.0,50511872.0,0.17123772658610273,0.06060451931423611,0.05070326063368055,0.0867919921875,0.0643886990017361,0.061180962456597224,0.08081732855902778,0.05203474813432836,0.041815863715277776,0.0,0.006425276426359061,0.16967088607594938,0.00046283031988871405,0.001985064935064822,0.001030555555555616,0.00035137781287011697,0.015596614906832755,0.00019350649350648286,2.422222222222222,100.19999999999999,3.4888888888888885,322.8444444444444,3.4444444444444438,3.466666666666666,566.8666666666666,72.39999999999999,26.999999999999996
1.0,1.0,1.0,1.0,1.0,1.0,2.0,1.0,1.0,0.15742973333333338,0.1382528333333236,0.13030683333333096,0.16917513333334377,0.02054499999999848,0.01536873333333233,0.4286229333333305,0.1455005999999988,0.04246643333333016,0.06844771014492756,0.06010992753622766,0.0592303787878777,0.07689778787879263,0.009338636363635673,0.0069857878787874216,0.19482860606060476,0.0661366363636358,0.0193029242424228,311812096.0,71864320.0,60456960.0,105246720.0,75636736.0,75198464.0,98066432.0,80445440.0,50151424.0,0.22459757364048338,0.05949232313368055,0.050048828125,0.087127685546875,0.06261528862847222,0.06225246853298611,0.08118353949652779,0.052047998643147894,0.04151746961805555,0.0029388888888888898,0.0015241693037971829,0.1942721518987342,0.0004357022607022611,0.0024844155844156225,0.0009820512820512633,0.0003973701159295863,0.014884378531073238,0.00041410256410254106,67.35555555555555,110.77777777777777,3.4444444444444438,363.4444444444444,3.4444444444444438,3.3777777777777773,615.9333333333333,78.68888888888888,28.955555555555552
1.0,1.0,1.0,2.0,1.0,1.0,3.0,1.0,1.0,0.13095776666666742,0.1620250999999977,0.12546330000000125,0.11413099999999758,0.013079333333333427,0.011509466666668307,0.23138066666667045,0.09878453333334013,0.02787746666666635,0.05693815942029019,0.07044569565217293,0.05702877272727329,0.051877727272726167,0.005945151515151557,0.005231575757576503,0.10517303030303204,0.04490206060606369,0.012671575757575613,40595456.0,72785920.0,57925632.0,164958208.0,76840960.0,75137024.0,140861440.0,79740928.0,50139136.0,0.02924081854229607,0.06025526258680555,0.047953287760416664,0.1365593804253472,0.06361219618055555,0.062201605902777776,0.11661105685763888,0.05159218113975576,0.04150729709201389,0.003978400309118966,0.030743285420944854,0.19746666666666668,0.0011055504607973476,0.0030948051948050436,0.0010202531645568515,0.0004970106053947376,0.03340285871357931,0.0003729228486647133,50.533333333333324,109.99999999999999,3.622222222222222,343.616,3.622222222222222,3.5777777777777775,623.0224627740367,81.53605499625901,30.088888888888885
1.0,1.0,1.0,2.0,1.0,1.0,3.0,1.0,1.0,0.1506373333333348,0.1608306999999968,0.11734403333333224,0.1887013666666647,0.020749066666667204,0.012969500000000758,0.4754852333333331,0.19607136666666822,0.058546100000000934,0.06549449275362383,0.06992639130434644,0.053338196969696466,0.08577334848484758,0.009431393939394184,0.005895227272727618,0.2161296515151514,0.08912334848484918,0.026611863636364058,240545792.0,72028160.0,57548800.0,170725376.0,77901824.0,74141696.0,144957440.0,79761408.0,50475008.0,0.17326461008308158,0.05962795681423611,0.04764133029513889,0.1413336859809028,0.06449042426215278,0.061377631293402776,0.12000189887152779,0.051605431648575305,0.041785346137152776,0.0582270576131688,0.010787140319714996,0.17621764705882353,0.0005307228242654191,0.0029365168539326495,0.0011472826086955255,0.00037299035369775204,0.015997032288698955,0.0005831564986737603,23.82222222222222,128.3111111111111,4.088888888888889,407.0444444444444,3.9555555555555553,4.111111111111111,738.8222222222221,94.24444444444444,34.95555555555555
1.0,1.0,1.0,2.0,1.0,1.0,3.0,1.0,1.0,0.14070306666666663,0.13997479999999693,0.14653390000000097,0.31789386666666825,0.025189633333333933,0.007593899999998636,0.5769281000000004,0.20682226666666187,0.055056799999999836,0.061175246376811585,0.060858608695650844,0.06660631818181861,0.14449721212121283,0.011449833333333607,0.003451772727272107,0.2622400454545456,0.09401012121211902,0.025025818181818104,306585600.0,72826880.0,62910464.0,196337664.0,77893632.0,75292672.0,147353600.0,79736832.0,50110464.0,0.22083293995468278,0.06028917100694445,0.05207994249131945,0.16253662109375,0.064483642578125,0.06233045789930555,0.12198554144965279,0.05158953103799186,0.041483561197916664,0.0017502692514808833,0.01252470069313174,0.22096969696969698,0.0007697712576006174,0.002260824742268071,0.0011005263157895045,0.0006093337730870685,0.027978295405753223,0.00036674259681093393,83.06666666666666,141.33333333333331,4.222222222222221,456.79999999999995,4.333333333333333,4.266666666666666,801.4444444444443,102.39999999999999,38.37777777777777
1.0,1.0,1.0,2.0,1.0,1.0,3.0,2.0,1.0,0.06292353333333456,0.16130183333333056,0.14592256666666495,0.27399796666666454,0.022289666666665653,0.01256686666666648,0.46077283333333163,0.08727999999999458,0.0524422999999994,0.027358057971015034,0.07013123188405677,0.0663284393939386,0.12454453030302931,0.010131666666666206,0.0057122121212120356,0.20944219696969618,0.03967272727272481,0.023837409090908816,39768064.0,74440704.0,58322944.0,192659456.0,76914688.0,74727424.0,146898944.0,152498176.0,50319360.0,0.028644849886706947,0.061625162760416664,0.04828219943576389,0.1594916449652778,0.06367323133680555,0.06186252170138889,0.1216091579861111,0.09866593877204885,0.041656494140625,0.010528069053708415,0.02241203352308691,0.23828921568627448,0.0006058553216721248,0.002139108910891118,0.002042079207920792,0.0006654073065577436,0.019492874808846872,0.000386170212765964,24.28876543758549,138.55466670617108,4.488863211017781,441.50809297364555,4.511111111111111,4.533333333333333,779.0785677361993,93.94917595608096,38.73313581124789
1.0,1.0,1.0,2.0,1.0,1.0,3.0,2.0,1.0,0.11877980000000055,0.23528583333333397,0.20063263333333148,0.2558371666666782,0.026086199999999355,0.0163093333333336,0.5289327333333271,0.17533390000000665,0.05748906666666471,0.05164339130434807,0.10229818840579738,0.09119665151515068,0.11628962121212645,0.011857363636363341,0.007413333333333453,0.24042396969696683,0.07969722727273029,0.02613139393939305,251768832.0,74436608.0,60272640.0,190824448.0,76914688.0,74850304.0,143888384.0,153653248.0,50937856.0,0.18134854135196374,0.061621771918402776,0.049896240234375,0.15797254774305555,0.06367323133680555,0.06196424696180555,0.11911688910590279,0.09941326746947082,0.042168511284722224,0.10358695652173913,0.008899145299145518,0.31391287878787877,0.0004789980186809951,0.002042592592592593,0.0010317518248175077,0.00051892456277734,0.0067297169811319215,0.00029631360332293624,1.9777777777777776,151.59999999999997,6.044444444444443,467.9555555555555,6.044444444444444,6.044444444444444,848.8444444444443,108.6222222222222,43.222222222222214
1.0,1.0,1.0,2.0,1.0,1.0,3.0,2.0,1.0,0.19047170000000052,0.19534983333333003,0.10420906666666573,0.21203246666667017,0.022702066666666573,0.008045166666666622,0.5522300999999881,0.23103259999999193,0.043784599999999806,0.08281378260869589,0.08493471014492611,0.04736775757575715,0.09637839393939553,0.010319121212121168,0.003656893939393919,0.25101368181817635,0.10501481818181452,0.01990209090909082,315772928.0,71946240.0,60731392.0,192118784.0,76910592.0,75026432.0,142958592.0,154648576.0,50577408.0,0.22745055230362538,0.059560139973958336,0.05027601453993055,0.15904405381944445,0.06366984049479167,0.062110053168402776,0.11834716796875,0.1000572421981004,0.0418701171875,0.0037716514642342804,0.008795476807836352,0.25550826446280994,0.0005987778282598907,0.0020585470085470584,0.001106722689075606,0.0007441177956255989,0.00676472200469793,0.00030177453027140853,92.66666666666666,156.6,5.266666666666666,495.5777777777777,5.288888888888888,5.177777777777777,883.2444444444443,113.37777777777777,42.02222222222222
1.0,1.0,1.0,2.0,1.0,1.0,4.0,2.0,1.0,0.009601799999999609,0.22138643333334282,0.23454073333332418,0.25658059999999855,0.015411100000000033,0.013478699999999814,0.5636875999999932,0.30304836666666357,0.054809233333332937,0.004174695652173743,0.09625497101449688,0.10660942424242006,0.11662754545454479,0.0070050454545454695,0.0061266818181817334,0.25622163636363326,0.13774925757575615,0.024913287878787698,41488384.0,76677120.0,60858368.0,189636608.0,76914688.0,75284480.0,189440000.0,154587136.0,50544640.0,0.02988399263595166,0.0634765625,0.05038113064236111,0.1569892035590278,0.06367323133680555,0.062323676215277776,0.1568264431423611,0.10001749067164178,0.04184299045138889,0.013295276292335087,0.005981270627063128,0.36135042735042733,0.0006293991224142528,0.0026120833333334297,0.00110798319327736,0.00047308141660418657,0.007005024190546942,0.0003667164179104362,14.0,162.17777777777778,5.422222222222222,502.28888888888883,5.444444444444444,5.444444444444444,907.1904444444443,119.44444444444443,44.37777777777777
1.0,1.0,1.0,2.0,1.0,1.0,4.0,2.0,1.0,0.004452933333332491,0.21557890000000648,0.15320936666666968,0.3055017999999895,0.01450119999999894,0.010705966666665744,0.6103002666666681,0.23502540000000602,0.04636600000000044,0.0019360579710141267,0.09372995652174196,0.06964062121212257,0.13886445454544977,0.006591454545454063,0.004866348484848065,0.2774092121212128,0.10682972727273,0.021075454545454744,39366656.0,77119488.0,60297216.0,187850752.0,76910592.0,75571200.0,191803392.0,155156480.0,50315264.0,0.02835571657854985,0.0638427734375,0.049916585286458336,0.1555107964409722,0.06366984049479167,0.06256103515625,0.15878295898437497,0.10038585481682497,0.04165310329861111,0.0,0.018496442899170486,0.29940625,0.0005331817788170086,0.00224468085106383,0.0009945255474452554,0.0005071038681742329,0.014129184301654338,0.0004885940409683426,0.0,163.57777777777775,5.955555555555555,507.6888888888888,6.022222222222222,5.933333333333333,906.5061207156224,115.9111111111111,47.95555555555555
1.0,1.0,1.0,2.0,1.0,1.0,4.0,2.0,1.0,0.22908576666666627,0.11299436666666528,0.14226579999999558,0.32092146666667487,0.02235196666666752,0.011219166666667965,0.4779455666666777,0.20581216666665866,0.04598076666666581,0.09960250724637665,0.04912798550724578,0.06466627272727071,0.14587339393939763,0.010159984848485236,0.005099621212121801,0.21724798484848984,0.0935509848484812,0.020900348484848095,322404352.0,77463552.0,61128704.0,189501440.0,76910592.0,72077312.0,190656512.0,157122560.0,50491392.0,0.23222715256797583,0.06412760416666667,0.050604926215277776,0.15687730577256945,0.06366984049479167,0.059668646918402776,0.1578335232204861,0.10165790366350068,0.041798909505208336,0.02612907092907092,0.010764111787493084,0.30109401709401706,0.0005346600763094234,0.003532500000000194,0.0010221774193548388,0.0004888486968187076,0.012207481203007945,0.0006046596858638788,89.24444444444444,161.64444444444442,5.533333333333333,511.8666666666666,5.511111111111111,5.488888888888889,926.911111111111,118.68888888888888,43.13333333333333
1.0,1.0,1.0,2.0,1.0,1.0,4.0,2.0,1.0,0.09522540000000011,0.3200776999999865,0.140944966666666,0.3306476999999949,0.02557540000000055,0.016041066666667804,0.5986719333333292,0.24123410000000334,0.06361526666666653,0.04140234782608701,0.13916421739129847,0.06406589393939363,0.15029440909090674,0.011625181818182067,0.007291393939394456,0.27212360606060415,0.10965186363636514,0.02891603030303024,40611840.0,73773056.0,60297216.0,189165568.0,76455936.0,70328320.0,182738944.0,157552640.0,49696768.0,0.029252619901812688,0.061072455512152776,0.049916585286458336,0.15659925672743058,0.06329345703125,0.058220757378472224,0.1512790256076389,0.101936164348711,0.04114108615451389,0.011704049295774656,0.01849882212811089,0.3639770992366412,0.0005792020592020551,0.0028596899224806877,0.0010706766917292795,0.0005313677407526267,0.014091005007153205,0.00029815891472868286,25.622300250381496,169.46734521534287,5.80002963094656,516.1576860206133,5.844444444444443,5.777777777777777,968.7812396600342,124.93385878878567,45.62236049997283
1.0,1.0,1.0,2.0,1.0,1.0,4.0,2.0,1.0,0.005062666666666852,0.21951460000000225,0.1587456333333345,0.18506860000000247,0.029987966666667868,0.016360599999999673,0.6538112666666716,0.19432253333333072,0.028403900000000704,0.002201159420289936,0.0954411304347836,0.07215710606060659,0.08412209090909202,0.013630893939394484,0.007436636363636215,0.29718693939394153,0.08832842424242304,0.012910863636363954,40812544.0,74088448.0,58826752.0,192368640.0,76480512.0,74686464.0,183783424.0,158142464.0,49381376.0,0.029397186555891238,0.061333550347222224,0.048699273003472224,0.15925089518229166,0.06331380208333333,0.06182861328125,0.15214369032118055,0.1023177790027137,0.04087999131944445,0.0,0.012510242552069197,0.20505084745762717,0.0005968042722726105,0.002275000000000024,0.00104720000000007,0.00043626338934290286,0.007186871209418622,0.00024965517241379813,0.0,169.84444444444443,5.533333333333332,526.311111111111,5.6,5.511111111111111,964.3057602378165,124.22222222222221,45.599999999999994
1.0,1.0,2.0,2.0,1.0,1.0,4.0,2.0,1.0,0.004111800000000206,0.17474659999999553,0.12196546666667321,0.26265236666666,0.02319876666666687,0.008060366666666142,0.5529979000000137,0.1995099333333331,0.046011266666664594,0.0017877391304348723,0.07597678260869373,0.055438848484851456,0.11938743939393634,0.010544893939394031,0.0036638030303027913,0.251362681818188,0.09068633333333322,0.020914212121211178,38858752.0,74100736.0,107839488.0,202498048.0,76828672.0,75096064.0,187969536.0,157679616.0,50221056.0,0.027989874433534744,0.06134372287326389,0.08927408854166666,0.1676364474826389,0.0636020236545139,0.06216769748263889,0.155609130859375,0.10201831750339213,0.041575113932291664,0.0,0.028369261028379198,0.2454776393028359,0.0007412300987281014,0.0028587301587301357,0.0010363636363635881,0.0004217718153251172,0.014975339110776038,0.0005285128205128198,0.0,161.54801777777777,5.49623111111111,502.9983788888888,5.429564444444444,5.49623111111111,919.7465922222221,118.26666666666665,43.681351111111105
1.0,1.0,2.0,2.0,1.0,1.0,4.0,2.0,1.0,0.20305493333333213,0.27621710000000044,0.22397316666666733,0.23275163333332782,0.024787266666667543,0.014590199999999717,0.6040566333333359,0.20235900000000318,0.04047193333333325,0.08828475362318788,0.12009439130434803,0.10180598484848515,0.10579619696969447,0.01126693939393979,0.006631909090908962,0.2745711969696981,0.09198136363636507,0.018396333333333296,273215488.0,72675328.0,110387200.0,202334208.0,76591104.0,75546624.0,189607936.0,154300416.0,50245632.0,0.1967965209592145,0.06016370985243055,0.09138319227430555,0.16750081380208334,0.06340535481770833,0.06254069010416667,0.15696546766493055,0.09983198354816825,0.041595458984375,0.08050435684647304,0.008289764771772613,0.19136666666666668,0.0005058352093651639,0.002158527131783036,0.0010930232558139534,0.00040891211040866576,0.009059852598914325,0.00054673295454546,21.35555555555555,158.15555555555554,5.688888888888888,489.0666666666666,5.644444444444444,5.666666666666666,885.1457075420456,113.84444444444443,45.911111111111104
1.0,1.0,2.0,2.0,1.0,1.0,4.0,2.0,1.0,0.1535390333333339,0.13848713333331944,0.20500539999999803,0.19061853333333023,0.02667130000000005,0.012950799999998708,0.5944338333333244,0.18521366666666808,0.04614569999999958,0.06675610144927561,0.06021179710144324,0.09318427272727184,0.08664478787878646,0.012123318181818204,0.005886727272726685,0.2701971969696929,0.08418803030303093,0.02097531818181799,320249856.0,73261056.0,112746496.0,204574720.0,80277504.0,75710464.0,190590976.0,154750976.0,50352128.0,0.2306752737915408,0.060648600260416664,0.09333631727430555,0.16935560438368055,0.06645711263020833,0.06267632378472222,0.1577792697482639,0.1001234947421981,0.04168362087673611,0.0021139989837398255,0.02553355862474248,0.1916641221374046,0.0006414059482425707,0.0021135338345865096,0.001021969696969708,0.000547694187652747,0.014870935550934926,0.0004295218295218416,86.33333333333333,149.13333333333333,5.866666666666666,454.3111111111111,5.933333333333333,5.999999999999999,833.0666666666666,107.04444444444442,42.46666666666666
1.0,1.0,2.0,2.0,1.0,1.0,4.0,2.0,1.0,0.026878900000000764,0.19922520000000077,0.15887039999999478,0.25738809999999246,0.024921966666666625,0.012967366666667127,0.5166556333333365,0.27069243333332005,0.02849513333333486,0.011686478260869899,0.08661965217391339,0.0722138181818158,0.11699459090908745,0.011328166666666646,0.005894257575757784,0.23484346969697115,0.12304201515150912,0.012952333333334025,43507712.0,74334208.0,111927296.0,202600448.0,80707584.0,73949184.0,193081344.0,155381760.0,49500160.0,0.031338510196374625,0.06153700086805555,0.09265814887152779,0.1677212185329861,0.06681315104166667,0.06121826171875,0.15984090169270834,0.1005316104138399,0.040978325737847224,0.013360359116022154,0.01997141207045934,0.184828125,0.0005266651119403334,0.002287890624999932,0.001062307692307625,0.00048641832368486967,0.012142384494910377,0.00033679833679832927,7.488888888888888,157.13333333333333,5.71111111111111,476.4,5.688888888888888,5.71111111111111,882.7777777777777,113.66666666666666,42.93333333333333
1.0,1.0,2.0,2.0,1.0,1.0,4.0,2.0,1.0,0.003788033333334321,0.18523806666667042,0.21774423333334325,0.21698839999999345,0.024329099999999926,0.013194300000001628,0.4376818666666561,0.20690686666667327,0.046733533333334284,0.0016469710144931832,0.08053828985507411,0.09897465151515601,0.09863109090908792,0.011058681818181784,0.00599740909090983,0.1989463030302982,0.09404857575757875,0.02124251515151558,43847680.0,76255232.0,113786880.0,205594624.0,81276928.0,74264576.0,189333504.0,152285184.0,50229248.0,0.03158338840634441,0.06312730577256945,0.09419759114583333,0.1701999240451389,0.06728447808159722,0.06147935655381945,0.15673828125,0.09852813348032564,0.04158189561631945,0.0,0.04486599874765254,0.18299056603773584,0.0006432361002349039,0.0018288461538462659,0.001037142857142871,0.00045822534592576734,0.01708900172860815,0.0003411662817552056,0.0,142.46666666666664,4.533333333333333,456.5999999999999,4.5777777777777775,4.533333333333333,807.911111111111,103.24444444444443,38.3111111111111
1.0,1.0,2.0,2.0,1.0,1.0,4.0,2.0,1.0,0.0056373666666672765,0.2222588666666676,0.21317343333333197,0.21696733333333357,0.021745666666667298,0.013019466666668223,0.5415059333333345,0.2144681000000086,0.024436533333334863,0.0024510289855075116,0.0966342898550729,0.09689701515151454,0.09862151515151525,0.009884393939394226,0.005917939393940101,0.24613906060606117,0.09748550000000392,0.011107515151515845,44273664.0,73523200.0,112836608.0,197959680.0,81567744.0,71643136.0,190279680.0,152190976.0,52350976.0,0.03189022375377643,0.06086561414930555,0.0934109157986111,0.16387939453125,0.06752522786458333,0.05930921766493055,0.15752156575520834,0.09846718113975578,0.04333835177951389,0.0,0.007277278306228663,0.1620041666666667,0.00043793994829989633,0.0018819327731093417,0.0010738938053097217,0.00036394333671285154,0.013820824247710257,0.00045620842572060476,0.0,143.46666666666664,5.044444444444444,437.91111111111104,5.111111111111111,5.044444444444444,785.1777777777777,101.64444444444443,39.53333333333333
1.0,1.0,2.0,2.0,1.0,1.0,4.0,2.0,1.0,0.005789999999999888,0.09679456666667648,0.1611721333333314,0.25914633333334225,0.0167775000000006,0.01754553333333509,0.5780035333333369,0.22308233333333238,0.04037979999999758,0.0025173913043477778,0.04208459420290282,0.07326006060605972,0.11779378787879191,0.007626136363636636,0.007975242424243223,0.2627288787878803,0.10140106060606016,0.018354454545453446,37130240.0,73617408.0,109686784.0,198152192.0,81629184.0,71876608.0,188628992.0,149286912.0,53215232.0,0.026744831004531722,0.060943603515625,0.09080335828993055,0.1640387641059028,0.06757609049479167,0.059502495659722224,0.1561550564236111,0.09658825898914519,0.04405381944444445,0.0,0.02789540229884982,0.1880049019607843,0.000592999891386997,0.002326213592232925,0.0021953703703702894,0.0003474726175833174,0.01078694751381269,0.0003199131513647715,0.0,133.06666666666666,4.777777777777778,411.37777777777774,4.7333333333333325,4.755555555555555,762.2888888888888,96.9111111111111,36.02222222222222
1.0,1.0,2.0,2.0,1.0,1.0,4.0,2.0,1.0,0.004451000000000249,0.11149503333332783,0.1294097000000067,0.168834466666659,0.020418099999998655,0.012523800000000543,0.3995880999999921,0.18224956666666497,0.034975233333333716,0.0019352173913044562,0.048476101449272974,0.05882259090909395,0.0767429393939359,0.009280954545453933,0.0056926363636366105,0.18163095454545095,0.08284071212121133,0.015897833333333507,37437440.0,70684672.0,109936640.0,199380992.0,78536704.0,69361664.0,187158528.0,149360640.0,53235712.0,0.026966106495468278,0.05851576063368055,0.09101019965277778,0.16505601671006945,0.06501600477430555,0.05742051866319445,0.154937744140625,0.09663596082089551,0.04407077365451389,0.0,0.006447470674487341,0.14154666666666668,0.0004422344858655054,0.0018366666666666666,0.0013677631578947944,0.0002816415751758581,0.005920287298386527,0.0003258620689655072,0.0,121.1111111111111,3.444444444444444,396.59999999999997,3.3777777777777773,3.444444444444444,695.8888888888888,88.6222222222222,32.24444444444444
1.0,1.0,2.0,2.0,1.0,1.0,4.0,2.0,1.0,0.16369113333333302,0.18314856666667462,0.16811290000000198,0.16585299999999087,0.022076466666665812,0.012686766666666927,0.4595475333333279,0.19711666666667657,0.029773466666665627,0.07117005797101436,0.07962981159420636,0.07641495454545544,0.07538772727272314,0.010034757575757187,0.005766712121212239,0.2088852424242399,0.08959848484848934,0.013533393939393465,251392000.0,70844416.0,105897984.0,198897664.0,78950400.0,69398528.0,187617280.0,149172224.0,53362688.0,0.18107711008308158,0.058648003472222224,0.08766682942708334,0.16465589735243058,0.06535847981770833,0.05745103624131945,0.15531751844618055,0.09651405613975576,0.04417588975694445,0.10143041958041993,0.010149844115354956,0.15017934782608694,0.000544421777381109,0.001852197802197834,0.0010701086956521424,0.0002289659713077869,0.005097648648649039,0.00031749311294768345,6.644444444444444,113.75555555555555,4.133333333333333,346.8222222222222,4.066666666666666,3.9999999999999996,639.5555555555554,82.35555555555555,31.799999999999997
1.0,1.0,2.0,2.0,1.0,1.0,4.0,2.0,1.0,0.16886703333333344,0.06605720000000777,0.17398343333332067,0.1992586999999882,0.013182733333333847,0.00752626666666553,0.33870383333332893,0.15240019999999863,0.028921233333335294,0.07342044927536237,0.028720521739133816,0.07908337878787303,0.09057213636363098,0.005992151515151748,0.0034210303030297864,0.15395628787878585,0.06927281818181756,0.013146015151516042,330711040.0,71499776.0,108216320.0,200359936.0,75829248.0,70524928.0,187928576.0,151339008.0,49827840.0,0.2382104418429003,0.05919053819444445,0.08958604600694445,0.1658664279513889,0.062774658203125,0.05838351779513889,0.1555752224392361,0.09791595997286295,0.041249593098958336,0.005180462341536167,0.027019167371088514,0.13351724137931034,0.000612605210420853,0.0018775862068966186,0.0011547058823528726,0.0003305021933141748,0.010950266903914777,0.00034852941176472186,59.35555555555555,104.3111111111111,3.9111111111111105,329.9333333333333,3.8,3.844444444444444,587.9777777777778,75.44444444444443,30.15555555555555
1.0,1.0,2.0,2.0,1.0,1.0,4.0,2.0,1.0,0.11414990000000103,0.08215676666666999,0.13405610000001267,0.1844451333333334,0.02340203333333382,0.013464533333334808,0.3587138333333366,0.11255546666666827,0.03206980000000309,0.04963039130434828,0.03572033333333478,0.060934590909096656,0.08383869696969701,0.010637287878788102,0.006120242424243094,0.16305174242424392,0.051161575757576475,0.014577181818183224,40202240.0,71462912.0,108847104.0,200392704.0,76283904.0,70598656.0,189177856.0,151642112.0,50470912.0,0.02895758591389728,0.05916002061631945,0.09010823567708333,0.1658935546875,0.06315104166666667,0.05844455295138889,0.1566094292534722,0.09811206750339213,0.04178195529513889,0.0074636167146973536,0.02188150070787971,0.15742753623188407,0.0003970738470519295,0.0018528169014084919,0.0010166666666666876,0.00039695968274949876,0.008871044202433412,0.00027171717171720484,24.93333333333333,95.6222222222222,3.266666666666666,301.0666666666666,3.2222222222222214,3.266666666666666,541.5555555555554,69.26666666666665,25.82222222222222
1.0,1.0,2.0,2.0,1.0,1.0,4.0,2.0,1.0,0.005603200000001607,0.13193330000000666,0.11693453333332968,0.18240463333333895,0.019761433333333873,0.011086133333333237,0.339910333333332,0.167251466666679,0.0335457999999979,0.0024361739130441774,0.05736230434782899,0.05315206060605894,0.08291119696969952,0.008982469696969942,0.005039151515151471,0.15450469696969635,0.07602339393939955,0.015248090909089953,40591360.0,71606272.0,108126208.0,201256960.0,76312576.0,70975488.0,189607936.0,152928256.0,48992256.0,0.029237868202416917,0.05927870008680555,0.0895114474826389,0.16660902235243055,0.0631747775607639,0.058756510416666664,0.15696546766493055,0.09894419945725916,0.040557861328125,0.0,0.01617583373610408,0.14504794520547942,0.00044347625633939843,0.0019267123287670437,0.001016176470588214,0.0002870080792285694,0.00666815159574369,0.00030820642978001165,0.0,92.6222222222222,3.0888888888888886,288.9777777777777,3.0888888888888886,2.9999999999999996,518.7777777777777,66.75555555555555,26.666666666666664
1.0,1.0,2.0,2.0,1.0,1.0,3.0,2.0,1.0,0.006425899999999274,0.12448263333333974,0.08597356666665922,0.1824671666666698,0.01843250000000012,0.01189580000000016,0.3004857666666709,0.11895243333333858,0.03450770000000224,0.002793869565217076,0.0541228840579738,0.03907889393939055,0.08293962121212262,0.008378409090909145,0.00540718181818189,0.1365844393939413,0.054069287878790256,0.0156853181818192,40665088.0,71581696.0,108130304.0,197791744.0,76361728.0,73232384.0,147263488.0,154476544.0,50388992.0,0.02929097432024169,0.059258355034722224,0.08951483832465278,0.16374037000868058,0.06321546766493055,0.06062486436631945,0.12191094292534722,0.09994593792401629,0.04171413845486111,0.0,0.014822851772286625,0.1446,0.0004208823013506265,0.0018219298245615054,0.0010284482758619686,0.0003868679641289739,0.005879097744361174,0.0003163725490196335,0.0,80.64444444444443,2.622222222222222,251.55555555555554,2.6666666666666665,2.6888888888888887,458.82222222222214,58.7111111111111,21.93333333333333
1.0,1.0,1.0,2.0,1.0,1.0,3.0,2.0,1.0,0.0047631333333337505,0.13849740000000565,0.11291570000000016,0.17639706666667224,0.01967109999999934,0.010340100000000045,0.3298870333333336,0.13559303333333522,0.02932856666666718,0.0020709275362320654,0.06021626086956768,0.05132531818181825,0.08018048484848737,0.00894140909090879,0.004700045454545474,0.1499486515151516,0.061633196969697816,0.013331166666666899,37322752.0,71630848.0,58511360.0,198598656.0,76554240.0,73293824.0,146509824.0,155983872.0,50323456.0,0.026883496978851965,0.05929904513888889,0.048438178168402776,0.16440836588541666,0.06337483723958333,0.060675726996527776,0.12128702799479166,0.10092117537313433,0.04165988498263889,0.0,0.0043969082615291765,0.1573082191780822,0.0005847690586543137,0.0018445205479451258,0.0023225352112676264,0.00024784427869747075,0.004787615003537227,0.0002773960216998021,0.0,88.42222222222222,3.1999999999999997,280.1111111111111,3.222222222222222,3.222222222222222,490.7333333333333,62.93333333333333,24.866666666666664
1.0,1.0,1.0,2.0,1.0,1.0,3.0,2.0,1.0,0.0043448333333344635,0.12509633333332507,0.11855529999999513,0.16525066666666532,0.010830233333333201,0.01208103333333194,0.32142046666666035,0.14428200000000496,0.030491400000001553,0.0018890579710149843,0.05438971014492395,0.05388877272727051,0.07511393939393879,0.004922833333333273,0.005491378787878154,0.14610021212120924,0.06558272727272953,0.013859727272727978,37515264.0,71892992.0,59322368.0,201707520.0,76603392.0,73351168.0,145981440.0,156086272.0,50577408.0,0.027022162953172207,0.059516059027777776,0.049109564887152776,0.16698201497395831,0.06341552734375,0.060723198784722224,0.120849609375,0.10098742791723202,0.0418701171875,0.0,0.016272248803828545,0.16827941176470587,0.00046158298011083574,0.00199117647058815,0.0010927536231884268,0.0005157657229716962,0.006250334572491018,0.0007016601562499858,0.0,83.57777777777777,2.9555555555555553,276.5555555555555,2.955555555555555,2.9111111111111105,468.62222222222215,59.86666666666666,23.088888888888885
1.0,1.0,1.0,2.0,1.0,1.0,3.0,2.0,1.0,0.003386866666666795,0.11636696666666163,0.11676549999998921,0.1910446333333283,0.019024400000000698,0.017143466666667943,0.30245966666665536,0.16475713333333222,0.02780713333333248,0.0014725507246377372,0.050594333333331146,0.05307522727272236,0.0868384696969674,0.008647454545454862,0.0077924848484854274,0.13748166666666153,0.07488960606060555,0.012639606060605673,37900288.0,71663616.0,58777600.0,202854400.0,79228928.0,72994816.0,143499264.0,148774912.0,48590848.0,0.027299494901812688,0.059326171875,0.04865858289930555,0.1679314507378472,0.06558905707465278,0.06042819552951389,0.11879475911458333,0.09625699626865672,0.04022555881076389,0.0,0.013766055276381944,0.1444391891891892,0.0004984713270533506,0.0023804054054055233,0.0013860000000000582,0.00031738820595046425,0.006002402138545045,0.0005045053003533363,0.0,88.79999999999998,3.244444444444444,269.75555555555553,3.2222222222222214,3.266666666666666,498.88684833333326,62.13129277777777,24.555555555555554
1.0,1.0,1.0,2.0,1.0,1.0,3.0,1.0,1.0,0.24527270000000007,0.08934826666666898,0.11839476666665784,0.22568920000000123,0.023233333333333425,0.012602066666666663,0.4141018999999905,0.21641766666666626,0.01833763333333233,0.10664030434782612,0.038847072463769124,0.053815803030299016,0.10258600000000055,0.010560606060606102,0.005728212121212119,0.188228136363632,0.09837166666666647,0.008335287878787422,303222784.0,72818688.0,59678720.0,203616256.0,76640256.0,73097216.0,148529152.0,78721024.0,50593792.0,0.21841071091389727,0.060282389322916664,0.04940456814236111,0.16856214735243055,0.063446044921875,0.06051296657986111,0.1229587131076389,0.05093230580054274,0.04188368055555555,0.020400689404934665,0.003407793674697954,0.14045882352941177,0.0004361838278068626,0.0019136363636361323,0.0011170454545454049,0.0003723612835762384,0.01529645372233382,0.0002289364640883978,63.88888888888888,121.79999999999998,3.9333333333333327,389.19999999999993,3.9777777777777774,3.955555555555555,695.3777777777777,88.82222222222221,33.22222222222222
1.0,1.0,1.0,2.0,1.0,1.0,3.0,1.0,1.0,0.14419116666666695,0.22256510000000465,0.17538376666667924,0.15898256666666838,0.028840399999999513,0.015387533333334128,0.4585755999999861,0.17451333333333424,0.030715333333330364,0.06269181159420303,0.09676743478261073,0.07971989393939964,0.0722648030303038,0.013109272727272504,0.006994333333333694,0.20844345454544827,0.07932424242424282,0.0139615151515138,321310720.0,72847360.0,59310080.0,204488704.0,75759616.0,71950336.0,151916544.0,78794752.0,51187712.0,0.2314394118202417,0.06030612521701389,0.04909939236111111,0.1692843967013889,0.0627170138888889,0.059563530815972224,0.125762939453125,0.05098000763229308,0.04237535264756945,0.0017257278983589322,0.009031270044900577,0.2186728971962617,0.0004645685579196024,0.001953846153845986,0.0010580952380952243,0.0004288992388958281,0.028626918047079498,0.00032122302158273987,84.64444444444443,140.42222222222222,4.755555555555555,453.13333333333327,4.666666666666666,4.777777777777777,799.0888888888888,102.44444444444443,36.86666666666666
1.0,1.0,1.0,2.0,1.0,1.0,3.0,2.0,1.0,0.004638866666668188,0.16907296666666602,0.1443142666666669,0.30436153333332544,0.024113099999999575,0.016036299999999906,0.5424059000000019,0.10249913333332188,0.04068066666666634,0.002016898550725299,0.0735099855072461,0.06559739393939405,0.13834615151514792,0.010960499999999805,0.007289227272727229,0.24654813636363715,0.04659051515150994,0.01849121212121197,39542784.0,72753152.0,60837888.0,205172736.0,76910592.0,72421376.0,153100288.0,152403968.0,51486720.0,0.028482581193353475,0.06022813585069445,0.050364176432291664,0.16985066731770831,0.06366984049479167,0.05995347764756945,0.1267428927951389,0.09860498643147897,0.042622884114583336,0.0,0.024074715739077965,0.19314893617021278,0.0008058829183889126,0.0019354166666665452,0.0011259615384615245,0.0006566744366744411,0.018195181696623364,0.00033489042675895816,0.0,149.17777777777775,4.422222222222222,466.1777777777777,4.466666666666666,4.3999999999999995,853.587866111111,107.07675499999999,38.39999999999999
1.0,1.0,1.0,2.0,1.0,1.0,3.0,2.0,1.0,0.004856333333333396,0.2009922666666777,0.18594806666666652,0.36157906666666306,0.014124233333332844,0.016850933333332326,0.5491776666666747,0.16544170000000474,0.04891910000000053,0.0021114492753623463,0.08738794202899032,0.08452184848484841,0.16435412121211956,0.006420106060605837,0.007659515151514693,0.24962621212121575,0.07520077272727488,0.022235954545454784,39542784.0,72077312.0,60293120.0,203739136.0,76902400.0,72806400.0,150245376.0,153452544.0,48570368.0,0.028482581193353475,0.059668646918402776,0.04991319444444445,0.1686638726128472,0.0636630588107639,0.060272216796875,0.12437947591145834,0.09928341248303935,0.04020860460069445,0.0,0.006330900922777855,0.29054421768707483,0.00055640445934358,0.0025334415584416154,0.0010811258278146658,0.0005655955075372562,0.009061074489123024,0.0004334964412811258,0.0,186.0222222222222,6.71111111111111,570.3333333333333,6.755555555555555,6.71111111111111,1039.8666666666666,134.57777777777775,51.24444444444444
1.0,1.0,2.0,2.0,1.0,1.0,4.0,2.0,1.0,0.007085399999999708,0.28921116666665514,0.20530986666666043,0.3047667000000037,0.012898033333332629,0.012035166666667388,0.6017912000000005,0.26303160000000625,0.05707666666666758,0.0030806086956520476,0.12574398550724136,0.09332266666666382,0.13853031818181988,0.005862742424242104,0.005470530303030631,0.27354145454545475,0.11955981818182099,0.025943939393939807,39542784.0,72273920.0,105656320.0,203808768.0,76906496.0,73105408.0,191430656.0,149721088.0,49274880.0,0.028482581193353475,0.05983140733506945,0.0874667697482639,0.16872151692708331,0.06366644965277778,0.06051974826388889,0.15847439236111113,0.0968691697761194,0.040791829427083336,0.0,0.016941544936865192,0.2943182176032917,0.0005799684168969442,0.0020500000000000396,0.0010384353741496205,0.000533010485882218,0.010558609160816279,0.00036156336725253244,0.0,182.7847933333333,6.703507777777777,565.2355966666667,6.659063333333332,6.747952222222222,1028.9720944444443,132.73333333333332,48.74034888888888
1.0,1.0,2.0,2.0,1.0,1.0,4.0,2.0,1.0,0.004871800000000803,0.21116223333333436,0.20223146666666783,0.2757162666666621,0.02944830000000138,0.017569666666668128,0.6851297666666591,0.25052063333333896,0.06009070000000065,0.0021181739130438277,0.09180966666666712,0.09192339393939447,0.1253255757575737,0.013385590909091536,0.007986212121212784,0.3114226212121178,0.1138730151515177,0.02731395454545484,39542784.0,72753152.0,107106304.0,210214912.0,75599872.0,71933952.0,195170304.0,150052864.0,49569792.0,0.028482581193353475,0.06022813585069445,0.08866712782118055,0.17402479383680555,0.06258477105034722,0.059549967447916664,0.16157023111979166,0.09708382801899593,0.041035970052083336,0.0,0.024943038461539026,0.21765579710144925,0.0006509483537236132,0.0021832061068701174,0.0010685185185185186,0.0005023613547429471,0.015640066924973058,0.00038473635522664,0.0,173.04444444444442,6.022222222222221,535.3777777777777,5.933333333333333,6.088888888888889,975.9999999999999,125.15555555555554,47.95555555555555
1.0,1.0,2.0,2.0,1.0,1.0,4.0,2.0,1.0,0.004976933333332075,0.376669699999987,0.25914883333333155,0.2788759999999949,0.02173796666666779,0.014583433333333081,0.6886020000000047,0.27817953333333234,0.045205766666667084,0.0021638840579704674,0.16376943478260308,0.11779492424242341,0.12676181818181587,0.00988089393939445,0.0066288333333332184,0.3130009090909112,0.12644524242424193,0.020548075757575945,39190528.0,72744960.0,109367296.0,211046400.0,75595776.0,72159232.0,192462848.0,150462464.0,49246208.0,0.028228851963746224,0.060221354166666664,0.09053887261284722,0.174713134765625,0.06258138020833333,0.05973646375868055,0.1593288845486111,0.0973488381953867,0.04076809353298611,0.0,0.010157561324124424,0.1749931506849315,0.0005933401252735771,0.002246206896551704,0.0010465753424657236,0.00048518063093623076,0.009931861457649255,0.00042036104114190185,0.0,186.95555555555552,6.266666666666666,591.0888888888888,6.288888888888888,6.31111111111111,1043.0888888888887,134.5111111111111,51.26666666666666
1.0,1.0,2.0,2.0,1.0,1.0,4.0,2.0,1.0,0.14524376666666966,0.2382107666666646,0.25331839999999867,0.25109330000000035,0.02310283333333321,0.015309866666666493,0.6262447666666591,0.28487266666667166,0.057526833333334554,0.06314946376811725,0.10356989855072375,0.11514472727272665,0.11413331818181835,0.010501287878787824,0.006959030303030224,0.28465671212120863,0.129487575757578,0.026148560606061157,235732992.0,70537216.0,108695552.0,211939328.0,75370496.0,72400896.0,192073728.0,150847488.0,49807360.0,0.16979796072507553,0.05839369032118055,0.08998277452256945,0.1754523383246528,0.06239488389756945,0.0599365234375,0.15900675455729169,0.09759794776119404,0.04123263888888889,0.09334519867549669,0.02761071428571393,0.23093870967741936,0.0006567085624508987,0.002281097560975468,0.0015581168831169116,0.0006027070131416675,0.016954034391534516,0.000462213740458019,22.44444444444444,185.71111111111108,7.0666666666666655,567.311111111111,6.977777777777777,7.022222222222221,1048.3333333333333,134.64444444444442,52.68888888888888
1.0,1.0,2.0,2.0,1.0,1.0,4.0,2.0,1.0,0.17079380000000127,0.25722140000001065,0.21312879999999695,0.30083386666667117,0.027776999999999438,0.015452066666667482,0.6605106999999963,0.28309879999999576,0.04197820000000168,0.07425817391304404,0.11183539130435247,0.09687672727272587,0.1367426666666687,0.012625909090908834,0.007023666666667037,0.3002321363636347,0.1286812727272708,0.01908100000000076,336162816.0,71618560.0,104513536.0,216035328.0,75898880.0,73879552.0,189972480.0,152293376.0,48275456.0,0.24213734422205438,0.059288872612847224,0.0865207248263889,0.17884318033854169,0.0628323025173611,0.06116061740451389,0.15726725260416666,0.09853343368385346,0.03996446397569445,0.0029356418259851775,0.023784971363115696,0.24589568345323742,0.0009079096669613965,0.002775337837837838,0.0011777027027027225,0.0005844945803908656,0.01974743672939662,0.0005647746243739554,106.15586173519904,190.02277532093302,6.288906173223602,595.0017891755618,6.3999999999999995,6.377777777777776,1063.3361788286652,135.48930963897962,52.73345975589581
1.0,1.0,2.0,2.0,1.0,1.0,4.0,2.0,1.0,0.0045040666666674644,0.20975923333333715,0.24920140000000568,0.45030506666666004,0.026949866666666367,0.022406100000000605,0.636631633333328,0.27454343333333164,0.03587753333333315,0.001958289855072811,0.09119966666666833,0.11327336363636621,0.2046841212121182,0.012249939393939258,0.010184590909091183,0.28937801515151274,0.12479246969696892,0.016307969696969613,40202240.0,71544832.0,107888640.0,208003072.0,76136448.0,74072064.0,190230528.0,153563136.0,49082368.0,0.02895758591389728,0.059227837456597224,0.08931477864583333,0.17219373914930555,0.06302897135416667,0.061319986979166664,0.15748087565104169,0.09935496523066487,0.04063245985243055,0.0,0.03601222877606925,0.22747402597402597,0.0009233511234104355,0.0020027027027027617,0.0012629999999999321,0.0005713415534554036,0.027755772519954282,0.0004899196787148542,0.0,216.02222222222218,6.955555555555555,689.1555555555555,6.799999999999999,6.8888888888888875,1229.0666666666666,158.55555555555554,56.42222222222222
1.0,1.0,2.0,3.0,1.0,1.0,5.0,2.0,1.0,0.005776499999997971,0.36436813333333096,0.2299396333333405,0.23643433333333896,0.024100833333333564,0.016424299999999902,0.6905929666666681,0.22375960000000628,0.06503263333333203,0.002511521739129553,0.15842092753623085,0.1045180151515184,0.10747015151515407,0.010954924242424346,0.007465590909090864,0.3139058939393946,0.10170890909091193,0.029560287878787287,40509440.0,73797632.0,109133824.0,272306176.0,76537856.0,74219520.0,238579712.0,154034176.0,49197056.0,0.029178861404833837,0.06109280056423611,0.09034559461805555,0.2254265679253472,0.06336127387152778,0.061442057291666664,0.1975063747829861,0.09965972693351424,0.04072740342881945,0.0,0.03370227068345341,0.25580633802816904,0.0010724657793357256,0.0027023809523809526,0.0011167832167832473,0.0005856043090262102,0.024264318181818054,0.0005137419871794622,0.0,186.66666666666663,5.866666666666666,571.3055122222222,6.177777777777777,5.866666666666666,1031.5146844444444,133.6222222222222,52.533333333333324
1.0,1.0,2.0,3.0,1.0,1.0,5.0,2.0,1.0,0.0051086666666644,0.08557166666666187,0.11022780000001334,0.3053079999999997,0.02345859999999978,0.011226833333334222,0.5071345666666757,0.14408739999999984,0.03601066666666763,0.00222115942028887,0.03720507246376603,0.050103545454551514,0.13877636363636348,0.0106629999999999,0.005103106060606464,0.2305157121212162,0.06549427272727265,0.016368484848485285,40558592.0,74964992.0,110637056.0,272506880.0,76550144.0,78041088.0,240238592.0,154177536.0,49631232.0,0.029214265483383687,0.06205919053819445,0.09159003363715278,0.22559271918402776,0.06337144639756945,0.064605712890625,0.1988796657986111,0.09975248049525101,0.041086832682291664,0.0,0.015830474198047922,0.17509756097560975,0.000540413860525735,0.002174404761904692,0.001096987951807264,0.00030364430596284804,0.008947423945043978,0.00036616492146596856,0.0,124.66666666666666,3.5333333333333328,404.8666666666666,3.622222222222222,3.5999999999999996,710.7333333333332,89.75555555555555,33.02222222222222
1.0,1.0,2.0,3.0,1.0,1.0,5.0,2.0,1.0,0.006622699999998834,0.16776820000000042,0.14193136666666226,0.21195013333332263,0.019423566666667585,0.01312393333333451,0.45564433333333126,0.1465788000000065,0.029728099999999813,0.002879434782608189,0.07294269565217411,0.06451425757575556,0.09634096969696482,0.008828893939394358,0.005965424242424777,0.20711106060605966,0.06662672727273022,0.01351277272727264,38203392.0,80314368.0,110047232.0,280121344.0,76591104.0,78159872.0,237215744.0,156733440.0,49659904.0,0.027517820052870092,0.06648763020833333,0.09110175238715278,0.23189629448784724,0.06340535481770833,0.06470404730902778,0.19637722439236113,0.10140614399592944,0.04111056857638889,0.0,0.028210739130435064,0.14782666666666666,0.0005679288816503922,0.002549350649350687,0.0010346153846154404,0.0002570049238344335,0.011456294964029216,0.0004334130781499145,0.0,101.13333333333333,3.244444444444444,322.71111111111105,3.244444444444444,3.311111111111111,575.8,73.93333333333332,27.066666666666663
1.0,1.0,2.0,3.0,1.0,1.0,5.0,2.0,1.0,0.005096866666663875,0.12161396666665496,0.0916009000000102,0.25899736666667517,0.017760833333333417,0.014521833333333234,0.4076672666666694,0.1487567333333203,0.03539050000000164,0.002216028985506033,0.05287563768115433,0.04163677272727736,0.11772607575757962,0.008073106060606098,0.006600833333333288,0.18530330303030426,0.06761669696969105,0.016086590909091654,38477824.0,77467648.0,108380160.0,279646208.0,74493952.0,78336000.0,235565056.0,156749824.0,46297088.0,0.027715492824773414,0.06413099500868055,0.0897216796875,0.2315029568142361,0.061669243706597224,0.064849853515625,0.1950107150607639,0.10141674440298507,0.03832668728298611,0.0,0.02789158150851585,0.15296491228070175,0.0006622081926295712,0.002596825396825258,0.0009948275862068463,0.00026861025111799675,0.008456646825396794,0.0003548473967684309,0.0,92.64444444444443,2.6666666666666665,303.75555555555553,2.7555555555555555,2.6888888888888887,529.5111111111111,67.95555555555555,24.42222222222222
1.0,1.0,2.0,3.0,1.0,1.0,5.0,2.0,1.0,0.20693130000000035,0.11571006666666411,0.14016756666665273,0.14075770000000887,0.027503133333334515,0.012195133333333767,0.36770313333333676,0.14484113333333018,0.03078686666666499,0.08997013043478276,0.050308724637680054,0.06371253030302396,0.06398077272727676,0.01250142424242478,0.005543242424242621,0.1671377878787894,0.06583687878787736,0.01399403030302954,296067072.0,77623296.0,106029056.0,279535616.0,75554816.0,78393344.0,230469632.0,154628096.0,47550464.0,0.21325646714501512,0.06425984700520833,0.08777533637152778,0.23141140407986113,0.06254747178819445,0.06489732530381945,0.1907925075954861,0.10004399168928087,0.03936428493923611,0.03940210727969353,0.03152976015663162,0.15481481481481482,0.0005914826498422777,0.001907142857143122,0.0010207792207792964,0.0003301161869553676,0.008615665091155364,0.0007012367491165654,23.73333333333333,92.46666666666665,3.644444444444444,284.37777777777774,3.5555555555555554,3.666666666666666,511.3999999999999,66.24444444444444,26.311111111111106
1.0,1.0,2.0,3.0,1.0,1.0,5.0,2.0,1.0,0.12305366666666562,0.14439480000000912,0.11154093333332943,0.23323453333334274,0.009581366666664811,0.012748566666666268,0.45856566666667514,0.20551703333332982,0.011839066666667956,0.05350159420289811,0.06278034782609093,0.050700424242422465,0.10601569696970123,0.004355166666665823,0.005794803030302849,0.20843893939394323,0.09341683333333176,0.005381393939394525,307761152.0,73834496.0,107876352.0,283635712.0,75558912.0,75669504.0,232132608.0,156708864.0,48300032.0,0.2216796875,0.06112331814236111,0.08930460611979167,0.2348056369357639,0.06255086263020833,0.06264241536458333,0.192169189453125,0.101390243385346,0.039984809027777776,0.0017530156366343918,0.02096234835355285,0.15364084507042255,0.00048205577354261197,0.002595333333333644,0.0010601351351350958,0.0003035313001605131,0.00950125748502972,0.0003803514376996899,59.73333333333333,101.9111111111111,3.244444444444444,318.37777777777774,3.222222222222222,3.222222222222222,576.7555555555555,73.95555555555555,27.666666666666664
1.0,1.0,2.0,2.0,1.0,1.0,5.0,2.0,1.0,0.11512136666666492,0.15283696666667007,0.08652956666666894,0.2047048666666664,0.02398993333333313,0.015126266666665817,0.42271556666666965,0.15836263333333894,0.03219453333333225,0.050052768115941275,0.06645085507246526,0.03933162121212225,0.09304766666666654,0.01090451515151506,0.006875575757575371,0.19214343939394074,0.0719830151515177,0.014633878787878293,353824768.0,74289152.0,109170688.0,214835200.0,79814656.0,77279232.0,236081152.0,150949888.0,50241536.0,0.25485920978096677,0.061499701605902776,0.09037611219618055,0.1778496636284722,0.0660739474826389,0.06397501627604167,0.1954379611545139,0.09766420030529172,0.04159206814236111,0.0029794008875739493,0.019394734693876686,0.16306741573033706,0.0004931309904594951,0.0026397727272727605,0.0012278409090909423,0.00031950898728627815,0.010321368480089736,0.0004808558558558668,55.15555555555555,108.13333333333331,3.8,338.9683393203224,3.844444444444444,3.8,606.5111111111111,78.64444444444443,29.511111111111106
1.0,1.0,1.0,2.0,1.0,1.0,4.0,2.0,1.0,0.0067269000000010236,0.11961616666665881,0.10813869999998739,0.1921644666666566,0.0175452666666691,0.015867599999999506,0.38530493333334404,0.17162766666666962,0.030840533333332587,0.0029247391304352277,0.052007028985503835,0.04915395454544881,0.08734748484848026,0.007975121212122316,0.0072125454545452295,0.1751386060606109,0.0780125757575771,0.014018424242423902,43986944.0,75616256.0,64073728.0,212168704.0,79794176.0,77860864.0,194932736.0,153268224.0,50655232.0,0.03168369996223565,0.06259833441840278,0.05304294162326389,0.17564222547743055,0.06605699327256945,0.0644565158420139,0.1613735622829861,0.09916415790366351,0.04193454318576389,0.0,0.031181598513010823,0.1941153846153846,0.00047361056105606675,0.002008904109589161,0.0011048611111112525,0.0003726321258907403,0.01215877293577963,0.0003422137404580175,0.0,106.22222222222221,3.155555555555555,335.6444444444444,3.1999999999999993,3.133333333333333,600.0666666666666,77.28888888888888,28.599999999999994
1.0,1.0,1.0,2.0,1.0,1.0,3.0,2.0,1.0,0.005606833333331451,0.13904836666667203,0.11652809999998984,0.1477951999999997,0.027746733333333395,0.012310633333333954,0.388215599999999,0.20121453333332984,0.03448470000000346,0.002437753623187588,0.06045581159420523,0.05296731818181356,0.06717963636363622,0.012612151515151541,0.005595742424242706,0.1764616363636359,0.09146115151514991,0.015674863636365208,39952384.0,75350016.0,61505536.0,207671296.0,77746176.0,78188544.0,148676608.0,155099136.0,50642944.0,0.02877761518126888,0.0623779296875,0.05091688368055555,0.17191908094618055,0.064361572265625,0.064727783203125,0.1230807834201389,0.10034875339213026,0.041924370659722224,0.0,0.027930845771143402,0.23683333333333337,0.00037456601466992235,0.0028709183673467013,0.0010663366336633375,0.0004493526450009837,0.009092997481108157,0.00033129251700680267,0.0,119.84444444444443,4.3999999999999995,363.1555555555555,4.466666666666666,4.444444444444445,692.3999999999999,89.15555555555555,33.75555555555555
1.0,1.0,1.0,2.0,1.0,1.0,3.0,2.0,1.0,0.007498566666663464,0.17232093333333676,0.13852350000000418,0.2285257999999942,0.02193406666666533,0.012162066666667215,0.508213100000008,0.18006543333333364,0.05066340000000006,0.003260246376810202,0.07492214492753772,0.06296522727272917,0.103875363636361,0.009970030303029695,0.00552821212121237,0.2310059545454582,0.08184792424242437,0.023028818181818206,40165376.0,75210752.0,62922752.0,212606976.0,77766656.0,76533760.0,152109056.0,154726400.0,52674560.0,0.028931032854984894,0.062262641059027776,0.05209011501736111,0.17600504557291669,0.06437852647569445,0.0633578830295139,0.1259223090277778,0.10010759413161466,0.04360622829861111,0.0,0.013641666666667713,0.19312234042553192,0.00037582626172396233,0.001904166666666697,0.0010683673469387457,0.0004054319904767822,0.0070512561576354625,0.00033924802110818134,0.0,125.42222222222222,4.288888888888888,397.33333333333326,4.244444444444444,4.266666666666666,707.1333333333332,89.88888888888889,34.46666666666666
1.0,1.0,1.0,2.0,1.0,1.0,3.0,2.0,1.0,0.006331000000000131,0.19052616666667746,0.15826690000000476,0.18446703333332834,0.02110013333333427,0.010177866666667038,0.39142946666666867,0.18420576666666427,0.03555533333333566,0.002752608695652231,0.08283746376812064,0.07193950000000217,0.08384865151514924,0.009590969696970122,0.004626303030303199,0.17792248484848577,0.08372989393939285,0.01616151515151621,36757504.0,74858496.0,60813312.0,208715776.0,75161600.0,76800000.0,144248832.0,153088000.0,52920320.0,0.0264763500755287,0.061971028645833336,0.050343831380208336,0.1727837456597222,0.06222195095486111,0.06357828776041667,0.119415283203125,0.09904755342605157,0.04380967881944445,0.0,0.016822644721907497,0.21434895833333334,0.00043003058103973307,0.001996236559139879,0.0010238636363637027,0.00039549351807393685,0.00876108730583847,0.0003530364372469616,0.0,114.51111111111109,3.9999999999999996,362.5333333333333,3.977777777777777,3.955555555555555,637.4666666666666,81.95555555555555,31.977777777777774
1.0,1.0,1.0,2.0,1.0,1.0,3.0,2.0,1.0,0.005909200000000207,0.1627527999999984,0.16459526666667443,0.24785089999999171,0.012388033333331805,0.016669600000000173,0.3914060333333244,0.19210200000000555,0.021123099999999794,0.002569217391304438,0.07076208695652104,0.07481603030303383,0.11265949999999622,0.005630924242423547,0.007577090909090987,0.17791183333332927,0.08731909090909343,0.009601409090908997,37044224.0,71884800.0,55115776.0,206389248.0,75173888.0,76464128.0,140705792.0,151302144.0,53157888.0,0.026682873867069485,0.05950927734375,0.04562717013888889,0.17085774739583334,0.062232123480902776,0.06330023871527778,0.1164822048611111,0.09789210905698778,0.04400634765625,0.0,0.010628267716535451,0.16915853658536587,0.00038886391251516535,0.003747435897435935,0.0011134615384615198,0.0004158248571826713,0.005755062263128788,0.00046185185185187343,0.0,113.04444444444444,3.4888888888888885,366.51111111111106,3.5111111111111106,3.5999999999999996,644.8666666666666,82.64444444444443,29.71111111111111
1.0,1.0,1.0,2.0,1.0,1.0,3.0,2.0,1.0,0.13957673333333484,0.18549056666667335,0.07890433333333628,0.21570866666666955,0.02146103333333258,0.014180433333334956,0.4746649000000047,0.13672376666666916,0.018890699999997197,0.06068553623188472,0.08064807246377102,0.035865606060607395,0.09804939393939524,0.009755015151514808,0.006445651515152253,0.2157567727272749,0.062147166666667794,0.008586681818180543,293085184.0,73404416.0,57405440.0,203083776.0,75415552.0,73465856.0,148770816.0,151420928.0,52801536.0,0.21110861971299094,0.060767279730902776,0.047522650824652776,0.168121337890625,0.062432183159722224,0.06081814236111111,0.12315877278645834,0.09796896200814112,0.043711344401041664,0.02920005452562706,0.01651261737089261,0.22731521739130434,0.0005216006559031294,0.0020833333333333333,0.0010587912087911928,0.0003273754709083265,0.00972154139433532,0.0002675832127352001,40.822222222222216,113.4222222222222,4.111111111111111,351.2222222222222,4.044444444444444,4.111111111111111,636.311111111111,81.84444444444443,30.755555555555553
1.0,1.0,1.0,2.0,1.0,1.0,3.0,2.0,1.0,0.1417527000000026,0.1024098666666608,0.17907813333332948,0.1750741666666632,0.025879966666665647,0.011669066666665154,0.3903509999999982,0.16714910000000222,0.04204486666666677,0.0616316086956533,0.0445260289855047,0.08139915151514976,0.07957916666666509,0.011763621212120748,0.0053041212121205245,0.1774322727272719,0.07597686363636463,0.019111303030303076,319524864.0,74145792.0,57442304.0,204034048.0,75735040.0,73662464.0,148361216.0,151703552.0,49463296.0,0.2301530636329305,0.061381022135416664,0.047553168402777776,0.1689080132378472,0.06269666883680555,0.060980902777777776,0.12281968858506945,0.09815181902985073,0.040947808159722224,0.0012078284547311416,0.022366370808677902,0.18444943820224718,0.0004251454591449645,0.002491954022988539,0.0010720930232557802,0.0003714275914111348,0.008030960086299874,0.00024199716713883904,65.95555555555555,112.99999999999999,3.8666666666666663,353.71111111111105,3.8666666666666663,3.8888888888888884,647.2666666666665,82.75555555555555,31.46666666666666
1.0,1.0,1.0,2.0,1.0,1.0,3.0,2.0,1.0,0.05135833333333342,0.147540933333327,0.12030176666667103,0.19849223333334293,0.019885166666669344,0.014119133333332456,0.4866230666666581,0.18064300000000438,0.050446766666667975,0.022329710144927576,0.06414823188405522,0.05468262121212319,0.09022374242424677,0.009038712121213337,0.00641778787878748,0.22119230303029913,0.08211045454545654,0.02293034848484908,40390656.0,74973184.0,59240448.0,206295040.0,75845632.0,73781248.0,150712320.0,151945216.0,49790976.0,0.02909330154833837,0.062065972222222224,0.049041748046875,0.1707797580295139,0.06278822157118055,0.06107923719618055,0.12476603190104166,0.09830817503392131,0.041219075520833336,0.013569749216300917,0.027030511463844796,0.256015306122449,0.0005602039660056696,0.0020400990099011633,0.0010372641509433004,0.0005821926765475172,0.013739519650654664,0.0004484674329502027,7.755555555555555,126.95555555555555,4.622222222222222,391.5777777777777,4.622222222222222,4.688888888888888,711.8888888888888,91.57777777777777,34.68888888888888
1.0,1.0,1.0,2.0,1.0,1.0,3.0,2.0,1.0,0.0036789999999996327,0.12127770000000358,0.14063713333333303,0.2139116333333353,0.02033536666666578,0.01700326666666759,0.27965266666666555,0.17126406666666866,0.018205599999998868,0.0015995652173911449,0.05272943478261026,0.06392596969696955,0.09723256060606149,0.00924334848484808,0.007728757575757994,0.12711484848484797,0.07784730303030393,0.008275272727272211,40484864.0,74485760.0,60837888.0,204730368.0,75739136.0,72970240.0,150245376.0,151756800.0,48910336.0,0.029161159365558912,0.06166246202256945,0.050364176432291664,0.16948445638020831,0.06270005967881945,0.06040785047743055,0.12437947591145833,0.09818627035278155,0.040490044487847224,0.0,0.019175142356547423,0.2022857142857143,0.0004001795977011566,0.002049999999999925,0.0011225000000000362,0.0004910530018761745,0.007658389467238904,0.00024362041467299982,0.0,100.33333333333331,3.4666666666666663,308.2222222222222,3.466666666666666,3.4444444444444438,562.7333333333332,72.08888888888887,27.999999999999996
1.0,1.0,1.0,2.0,1.0,1.0,3.0,2.0,1.0,0.006887066666668791,0.10006910000000364,0.07923319999999875,0.1087526999999966,0.020000466666666245,0.006782433333334363,0.17810369999999315,0.06973516666666246,0.014517466666666224,0.002994376811595127,0.043508304347827674,0.03601509090909034,0.049433045454543904,0.009091121212121021,0.00308292424242471,0.08095622727272415,0.03169780303030112,0.006598848484848283,37400576.0,64344064.0,56414208.0,211038208.0,77025280.0,74248192.0,148922368.0,152866816.0,48955392.0,0.02693955343655589,0.05326673719618055,0.046702067057291664,0.1747063530815972,0.06376478407118055,0.06146579318576389,0.12328423394097222,0.09890444793080054,0.04052734375,0.0,0.05922276459854146,0.13945546875,0.00042024050999713686,0.0031826923076928677,0.003986000000000058,0.00027869740951682486,0.012607943143812007,0.0004053990610329254,0.0,44.95555555555555,2.8666666666666663,152.55555555555554,1.2,1.222222222222222,248.08888888888887,27.333333333333332,9.755555555555555
1.0,1.0,1.0,2.0,1.0,1.0,3.0,2.0,1.0,0.006973033333334418,0.11734270000000227,0.07983533333332768,0.1337173666666653,0.01780346666666522,0.011647666666668026,0.28763616666666203,0.12256090000000389,0.026682966666665683,0.0030317536231888776,0.051018565217392293,0.036288787878785304,0.060780621212120585,0.00809248484848419,0.005294393939394557,0.13074371212121,0.05570950000000176,0.012128621212120765,37740544.0,76980224.0,57819136.0,224157696.0,78094336.0,73019392.0,150376448.0,153096192.0,50421760.0,0.02718443164652568,0.06372748480902778,0.04786512586805555,0.18556722005208331,0.06464979383680555,0.060448540581597224,0.12448798285590278,0.09905285362957937,0.041741265190972224,0.0,0.02845522558537937,0.17826666666666666,0.00038321678321677775,0.002549152542372536,0.0010474576271185703,0.0002747213779128769,0.007367283464567535,0.00021022044088175185,0.0,77.04444444444444,2.5999999999999996,238.88888888888886,2.7333333333333334,2.644444444444444,436.04444444444437,56.288888888888884,20.954844491848693
1.0,1.0,1.0,2.0,1.0,1.0,3.0,2.0,1.0,0.002863600000000588,0.10831993333332927,0.15957959999999125,0.13217526666666307,0.016358933333333426,0.014230299999998882,0.29785519999999976,0.09047146666665828,0.015260000000000672,0.0012450434782611253,0.04709562318840404,0.07253618181817784,0.06007966666666503,0.007435878787878829,0.006468318181817674,0.13538872727272716,0.04112339393939013,0.006936363636363942,37957632.0,74158080.0,57724928.0,239898624.0,78114816.0,73285632.0,147996672.0,153284608.0,50610176.0,0.027340799660120846,0.061391194661458336,0.04778713650173611,0.19859822591145834,0.064666748046875,0.0606689453125,0.12251790364583331,0.09917475831071913,0.04189724392361111,0.0,0.0017842678279799975,0.13775735294117647,0.00032528888888883766,0.002468382352941262,0.001061940298507593,0.00028653696118587525,0.00472431192660579,0.00020971428571429682,0.0,80.82222222222221,2.9111111111111105,250.19999999999996,2.9999999999999996,2.9111111111111105,450.3555555555555,57.7111111111111,23.51111111111111
1.0,1.0,1.0,2.0,1.0,1.0,3.0,2.0,1.0,0.1301361333333337,0.07556449999998828,0.05558730000000954,0.16285710000000223,0.014740166666668605,0.01147739999999923,0.26776096666665505,0.12034653333333362,0.028253733333330425,0.056580927536232055,0.032854130434777515,0.02526695454545888,0.07402595454545555,0.006700075757576638,0.00521699999999965,0.121709530303025,0.05470296969696982,0.012842606060604738,234573824.0,74690560.0,58654720.0,230526976.0,75902976.0,70950912.0,150712320.0,152498176.0,50442240.0,0.16896301453927492,0.06183200412326389,0.04855685763888889,0.19083997938368055,0.062835693359375,0.058736165364583336,0.12476603190104166,0.09866593877204885,0.041758219401041664,0.0,0.005541982507286933,0.14589682539682539,0.00033034709193244244,0.0020822580645164577,0.0010476190476190477,0.00021295723853684097,0.006129213483146441,0.00020536842105263773,0.0,76.64444444444443,2.9999999999999996,235.8222222222222,2.8666666666666663,2.9777777777777774,433.3111111111111,55.888888888888886,21.155555555555555
1.0,1.0,1.0,2.0,1.0,1.0,3.0,2.0,1.0,0.1817177000000015,0.16110483333333528,0.07715303333334304,0.14853523333332153,0.016635599999998855,0.011116266666668177,0.31946520000000567,0.14717646666666345,0.016659033333329867,0.07900769565217458,0.07004557971014577,0.03506956060606502,0.06751601515150979,0.007561636363635843,0.005052848484849171,0.14521145454545714,0.06689839393939248,0.007572287878786303,297062400.0,75005952.0,58183680.0,216125440.0,76337152.0,72310784.0,147861504.0,154591232.0,50610176.0,0.21397339973564955,0.062093098958333336,0.048166910807291664,0.1789177788628472,0.06319512261284722,0.05986192491319445,0.122406005859375,0.10002014077340571,0.04189724392361111,0.012306545654565484,0.01228285887340956,0.1828404255319149,0.00034886743408837407,0.0020500000000002374,0.001068627450980392,0.0001908643152208474,0.005325802469136358,0.00022106430155213223,43.84444444444444,73.6222222222222,2.2666666666666666,239.99999999999997,2.2222222222222223,2.311111111111111,421.37777777777774,54.02222222222221,19.799999999999997
1.0,1.0,1.0,2.0,1.0,1.0,3.0,1.0,1.0,0.10401389999999916,0.06481966666666873,0.10138099999999213,0.18310130000000982,0.012796333333331708,0.007507199999999633,0.30119053333333456,0.08150386666666236,0.031877633333336534,0.04522343478260833,0.028182463768116842,0.04608227272726915,0.0832278636363681,0.0058165151515144125,0.003412363636363469,0.1369047878787884,0.03704721212121016,0.014489833333334787,313458688.0,72241152.0,57491456.0,212746240.0,77090816.0,73539584.0,152928256.0,78856192.0,51769344.0,0.22578361027190333,0.059804280598958336,0.04759385850694445,0.1761203342013889,0.06381903754340278,0.06087917751736111,0.12660047743055555,0.0510197591587517,0.042856852213541664,0.001888831775700978,0.004962737127370011,0.16026428571428572,0.00042462765105087555,0.001992857142857143,0.0011342857142856311,0.00034117411163300034,0.010582553823310508,0.0002658777120315639,48.66666666666666,83.62222222222222,3.0666666666666664,261.5493333333333,3.0666666666666664,3.0888888888888886,467.19928666666664,59.99999999999999,23.444444444444443
1.0,1.0,1.0,1.0,1.0,1.0,2.0,1.0,1.0,0.11216836666666646,0.164978000000004,0.11557046666666793,0.15322909999999865,0.019855900000000776,0.016970666666666526,0.30802923333332044,0.16423110000000635,0.03263019999999794,0.04876885507246368,0.07172956521739306,0.05253203030303087,0.06964959090909029,0.009025409090909443,0.0077139393939393295,0.140013287878782,0.07465050000000288,0.014831909090908152,355766272.0,73048064.0,58818560.0,108146688.0,77668352.0,74203136.0,103813120.0,80265216.0,52060160.0,0.2562576708836858,0.06047227647569445,0.04869249131944445,0.08952840169270833,0.0642971462673611,0.06142849392361111,0.0859408908420139,0.05193139416553596,0.043097601996527776,0.004592445742904859,0.005414976303317524,0.1399236111111111,0.00042448776758409804,0.0020642857142857147,0.0010633802816901409,0.00032885155217965363,0.013287523452157597,0.00021763668430334075,42.46666666666666,97.08888888888887,3.0888888888888886,297.2666666666666,3.1111111111111107,3.155555555555555,550.5999999999999,71.5111111111111,25.466666666666665
1.0,1.0,1.0,1.0,1.0,1.0,2.0,1.0,1.0,0.005977866666667827,0.16417083333334023,0.11611216666666829,0.18211389999999786,0.028502499999998085,0.011758833333332556,0.40000543333334615,0.1403640666666585,0.042395933333333836,0.0025990724637686207,0.0713786231884088,0.05277825757575831,0.08277904545454448,0.012955681818180947,0.005344924242423888,0.1818206515151573,0.06380184848484476,0.019270878787879014,40419328.0,73211904.0,57917440.0,106590208.0,77762560.0,74350592.0,103276544.0,80592896.0,49713152.0,0.029113953927492445,0.06060791015625,0.04794650607638889,0.08823988172743055,0.06437513563368055,0.06155056423611111,0.08549669053819445,0.05214340230664857,0.04115464952256945,0.0,0.012878507795099947,0.20692592592592593,0.0005306457367106781,0.003174342105262775,0.0010876623376623379,0.0006528887165568036,0.030294665324609966,0.0004743624161073747,0.0,119.5111111111111,3.311111111111111,375.4444444444444,3.4222222222222216,3.2888888888888888,687.0444444444444,88.33333333333331,32.37777777777777
1.0,1.0,1.0,2.0,1.0,1.0,3.0,1.0,1.0,0.004230966666663487,0.18865200000000187,0.18058339999999284,0.12006679999999505,0.029550600000000787,0.012969333333334512,0.36232753333334433,0.12722190000001016,0.034441866666664586,0.0018395507246362986,0.08202260869565299,0.08208336363636039,0.054575818181815935,0.013432090909091268,0.005895151515152052,0.16469433333333833,0.057828136363640974,0.015655393939392994,40452096.0,74526720.0,58368000.0,167927808.0,77910016.0,74493952.0,145305600.0,79273984.0,51707904.0,0.02913755664652568,0.061696370442708336,0.048319498697916664,0.13901774088541666,0.06449720594618055,0.061669243706597224,0.12029012044270834,0.05129006953867028,0.042805989583333336,0.0,0.01605388214904706,0.2572205882352941,0.0008703938934814012,0.002751515151514946,0.001109595959595945,0.0005396791015755469,0.038533220991815116,0.0004529182879377771,0.0,127.86666666666665,4.333333333333333,382.78476888888883,4.377777777777777,4.3999999999999995,707.0662133333333,92.44444444444443,34.133333333333326
1.0,1.0,1.0,2.0,1.0,1.0,3.0,1.0,1.0,0.006987533333331915,0.22337996666666793,0.1639625666666537,0.22563813333332075,0.021787366666664334,0.01377200000000016,0.4226702666666705,0.17635040000000118,0.045797799999998764,0.0030380579710138768,0.09712172463768172,0.0745284393939335,0.10256278787878215,0.009903348484847424,0.006260000000000074,0.19212284848485023,0.08015927272727326,0.020817181818181256,40456192.0,72474624.0,58621952.0,173019136.0,78110720.0,72241152.0,146567168.0,79593472.0,52445184.0,0.029140506986404833,0.05999755859375,0.048529730902777776,0.14323255750868055,0.0646633572048611,0.059804280598958336,0.12133449978298612,0.05149677747625509,0.043416341145833336,0.0,0.011010163710777404,0.2344141414141414,0.00045794654641443587,0.003503535353535265,0.0010872549019607985,0.0004147072724050317,0.028902551724138272,0.000405744125326365,0.0,132.75555555555553,4.3999999999999995,415.5333333333333,4.422222222222222,4.355555555555555,755.2222222222222,96.82222222222221,34.71111111111111
1.0,1.0,1.0,2.0,1.0,1.0,3.0,1.0,1.0,0.005032133333334817,0.16650796666666187,0.16538869999999406,0.2536620666666686,0.018402633333334962,0.018546333333334056,0.49005113333333106,0.15211243333333185,0.05051776666666683,0.0021878840579716598,0.07239476811593995,0.07517668181817912,0.11530093939394025,0.008364833333334072,0.008430151515151843,0.22275051515151412,0.06914201515151447,0.022962621212121285,37867520.0,72978432.0,58294272.0,184995840.0,78159872.0,72630272.0,144822272.0,80257024.0,51580928.0,0.027275892182779458,0.060414632161458336,0.048258463541666664,0.15314737955729166,0.06470404730902778,0.060126410590277776,0.11989000108506945,0.05192609396200814,0.042700873480902776,0.0,0.010991563315927624,0.19304736842105266,0.0004651888256596065,0.0019881443298971173,0.0010704301075268347,0.00047152338994840755,0.04659135524538512,0.0003789473684210526,0.0,136.04444444444442,4.133333333333333,434.42222222222216,4.155555555555555,4.199999999999999,769.7555555555555,98.55555555555554,37.06666666666666
1.0,1.0,1.0,2.0,1.0,1.0,3.0,2.0,1.0,0.00532943333333075,0.14532166666667762,0.12819479999999808,0.2901353999999903,0.013483499999999064,0.01221153333333215,0.5170265666666692,0.14615296666665928,0.03346273333333632,0.0023171449275351088,0.0631833333333381,0.05827036363636276,0.13187972727272285,0.00612886363636321,0.0055506969696964325,0.2350120757575769,0.06643316666666331,0.01521033333333469,37867520.0,72847360.0,60321792.0,183336960.0,78159872.0,73191424.0,146702336.0,152477696.0,50835456.0,0.027275892182779458,0.06030612521701389,0.049936930338541664,0.15177408854166669,0.06470404730902778,0.06059095594618055,0.12144639756944445,0.09865268826322932,0.042083740234375,0.0,0.037600688156465056,0.28110674157303367,0.0005207811634348931,0.004186781609195235,0.0010703488372093362,0.00036622046738572414,0.03274544820830737,0.00035218832891248034,0.0,121.15555555555554,3.822222222222222,389.7333333333333,3.8,3.844444444444444,683.7407977777777,84.56302,32.68888888888888
2.0,1.0,1.0,2.0,1.0,1.0,3.0,2.0,1.0,0.05950390000000046,0.14740919999999277,0.15553196666666433,0.18581243333333267,0.024773733333332378,0.014597566666666732,0.4581640999999943,0.22476543333333138,0.020020199999999023,0.02587126086956542,0.06409095652173599,0.07069634848484742,0.08446019696969666,0.011260787878787443,0.006635257575757605,0.20825640909090648,0.10216610606060517,0.009100090909090464,504455168.0,72417280.0,60989440.0,176979968.0,75902976.0,73691136.0,143310848.0,152621056.0,50913280.0,0.363357958836858,0.05995008680555555,0.05048963758680555,0.1465115017361111,0.062835693359375,0.061004638671875,0.11863878038194443,0.09874544182496608,0.04214816623263889,0.06170716253443529,0.01743811320754692,0.30164090909090907,0.0006997880434782653,0.002169266055045978,0.0010562500000000261,0.0004725364628018192,0.011233143128864592,0.0004173518742442668,24.13333333333333,130.33333333333331,4.777777777777778,412.4444444444444,4.933333333333334,4.866666666666666,730.3555555555555,93.66666666666666,37.26666666666666
2.0,1.0,1.0,2.0,1.0,1.0,3.0,2.0,1.0,0.2623852333333321,0.17270016666667895,0.18983846666666673,0.2632313333333244,0.030056466666667347,0.012220800000000054,0.38206010000000246,0.23913589999999324,0.05628256666666781,0.11408053623188351,0.07508702898551259,0.08629021212121214,0.11965060606060197,0.013662030303030611,0.005554909090909115,0.17366368181818292,0.10869813636363329,0.02558298484848537,635441152.0,72400896.0,60252160.0,177164288.0,77312000.0,73928704.0,145788928.0,154071040.0,51990528.0,0.4577068778323263,0.0599365234375,0.04987928602430555,0.1466640896267361,0.06400214301215278,0.06120130750868055,0.12069023980034722,0.09968357784938942,0.043039957682291664,0.00312376457523596,0.040334492327782516,0.2441782178217822,0.000745898109243679,0.0020004950495049797,0.0010371287128712872,0.000623767890120031,0.01562464444444395,0.00033256772673733625,80.86666666666666,136.9111111111111,4.533333333333332,427.9111111111111,4.511111111111111,4.511111111111111,774.9555555555555,99.9111111111111,37.02222222222222
2.0,1.0,1.0,2.0,1.0,1.0,3.0,2.0,1.0,0.1665105333333347,0.1819619666666616,0.15815990000000965,0.2979955333333296,0.02337510000000217,0.007737466666666629,0.45462860000000926,0.18458723333332816,0.06340879999999818,0.07239588405797162,0.07911389855072244,0.07189086363636801,0.13545251515151346,0.01062504545454644,0.0035170303030302857,0.20664936363636782,0.08390328787878551,0.02882218181818099,665018368.0,72544256.0,58589184.0,184221696.0,77697024.0,74067968.0,145043456.0,155037696.0,49901568.0,0.4790112820996979,0.06005520290798611,0.048502604166666664,0.15250651041666666,0.06432088216145833,0.061316596137152776,0.12007310655381945,0.10030900186567164,0.041310628255208336,0.0012554377379010461,0.00939155993431857,0.2059166666666667,0.0005564309176760273,0.0020280219780220094,0.0010488636363635867,0.0004355603198516635,0.009270936639118627,0.0003249999999999857,81.1111111111111,133.57777777777775,3.844444444444444,427.7777777777777,3.9333333333333327,3.8666666666666663,755.2222222222222,96.64444444444443,35.06666666666666
2.0,1.0,1.0,2.0,1.0,1.0,3.0,2.0,1.0,0.22709163333333288,0.1697783333333215,0.18487853333332774,0.2597231666666673,0.026611333333331308,0.015232966666665486,0.5338722999999914,0.24447316666667582,0.04114619999999907,0.09873549275362299,0.07381666666666153,0.08403569696969442,0.11805598484848512,0.012096060606059684,0.0069240757575752205,0.24266922727272336,0.11112416666667083,0.01870281818181776,278167552.0,74461184.0,59641856.0,185786368.0,77991936.0,73658368.0,147046400.0,152379392.0,49958912.0,0.20036348187311176,0.06164211697048611,0.04937405056423611,0.1538018120659722,0.06456502278645833,0.06097751193576389,0.12173122829861112,0.09858908582089551,0.041358100043402776,0.005273491655969241,0.008779352850539076,0.2527884615384616,0.0005841009743135843,0.0019865079365079595,0.0010295999999999767,0.0004994587979330951,0.006027577639751243,0.00042674418604649316,23.066666666666663,146.2222222222222,5.622222222222222,453.2666666666666,5.555555555555555,5.533333333333333,827.6888888888888,107.28888888888888,41.99999999999999
2.0,1.0,2.0,2.0,1.0,1.0,3.0,2.0,1.0,0.2106947333333333,0.23508160000001224,0.1423808666666749,0.21719256666667186,0.022833466666664512,0.01451156666666596,0.5780449333333317,0.1802723333333392,0.039735633333331556,0.09160640579710144,0.10220939130435316,0.0647185757575795,0.0987238939393963,0.010378848484847505,0.006596166666666345,0.26274769696969624,0.08194196969697234,0.018061651515150705,356442112.0,75083776.0,105177088.0,187736064.0,77074432.0,75833344.0,146350080.0,151699456.0,50372608.0,0.25674447696374625,0.062157524956597224,0.0870700412326389,0.15541585286458331,0.06380547417534722,0.0627780490451389,0.12115478515625,0.09814916892808684,0.04170057508680555,0.012053091490145265,0.0019098048941784314,0.2243624415046446,0.0004940004228776776,0.00247184466019409,0.0010159999999999857,0.00040118002366274527,0.0055581896551724136,0.000298609431680788,71.08888888888889,122.09969777777776,4.149848888888888,381.85953777777775,4.283182222222221,4.17207111111111,648.4207999999999,80.82222222222221,34.54414222222222
2.0,1.0,2.0,2.0,1.0,1.0,3.0,2.0,1.0,0.06031323333333347,0.01372153333333396,0.023119499999987775,0.02122196666666909,0.01328883333333503,0.006189266666666526,0.027044066666672015,0.03878423333333672,0.0171767333333302,0.026223144927536295,0.005965884057971288,0.01050886363635808,0.009646348484849587,0.006040378787879558,0.0028133030303029664,0.012292757575760004,0.017629196969698505,0.007807606060604636,361590784.0,71204864.0,104427520.0,188608512.0,77094912.0,75939840.0,146714624.0,152612864.0,50774016.0,0.2604530541918429,0.05894639756944445,0.08644951714409722,0.15613810221354166,0.06382242838541667,0.0628662109375,0.12145657009548612,0.09874014162143827,0.042032877604166664,0.0026363636363636368,0.001689999999967404,0.0825,0.0004187499999993292,0.0015500000000029104,0.0010499999999956345,0.00010937499999856945,0.004716666666541035,9.545454545481003e-05,0.3333333333333333,0.6666666666666666,0.04444444444444444,1.5111111111111108,0.04444444444444444,0.02222222222222222,2.266666666666666,0.2666666666666666,0.31111111111111106
1.0,1.0,2.0,2.0,1.0,1.0,3.0,2.0,1.0,0.06462063333333319,0.014239566666674364,0.025782799999997285,0.0195529333333288,0.016764599999999064,0.012953566666667863,0.032535933333330526,0.03922750000000382,0.01913313333333235,0.028095927536231826,0.006191115942032333,0.011719454545453312,0.008887696969694908,0.007620272727272301,0.005887984848485392,0.014789060606059327,0.017830681818183557,0.00869687878787834,319524864.0,75628544.0,105451520.0,180719616.0,81567744.0,73916416.0,145551360.0,156598272.0,49856512.0,0.2301530636329305,0.06260850694444445,0.08729722764756945,0.14960734049479166,0.06752522786458333,0.06119113498263889,0.12049357096354166,0.10131869063772049,0.04127332899305555,0.0,0.0,0.0,0.0,0.0,0.0,0.0,0.0,0.0,0.0,0.0,0.0,0.0,0.0,0.0,0.0,0.0,0.0
1.0,1.0,2.0,2.0,1.0,1.0,3.0,2.0,1.0,0.034559266666666845,0.012687333333345426,0.023070566666657834,0.017903966666665855,0.015246466666663612,0.006246133333333622,0.031750433333335576,0.026359200000000506,0.012036266666666507,0.015025768115942108,0.005516231884063229,0.010486621212117195,0.008138166666666297,0.006930212121210732,0.002839151515151646,0.01443201515151617,0.011981454545454774,0.00547103030303023,319741952.0,76128256.0,108253184.0,180920320.0,81596416.0,73973760.0,146616320.0,156385280.0,50630656.0,0.23030943164652568,0.0630221896701389,0.08961656358506945,0.1497734917534722,0.06754896375868055,0.061238606770833336,0.12137518988715278,0.10118088534599728,0.04191419813368055,0.0,0.0,0.0,0.0,0.0,0.0,0.0,0.0,0.0,0.0,0.0,0.0,0.0,0.0,0.0,0.0,0.0,0.0
1.0,1.0,2.0,2.0,1.0,1.0,3.0,2.0,1.0,0.021977933333333272,0.017979666666663736,0.015211599999999591,0.020690300000007274,0.01336063333333186,0.009498366666665939,0.028140433333335102,0.032711733333331716,0.011046133333335699,0.009555623188405771,0.00781724637681032,0.006914363636363451,0.009404681818185124,0.006073015151514483,0.004317439393939064,0.012791106060606863,0.014868969696968957,0.005020969696970772,320229376.0,76513280.0,109965312.0,181428224.0,81596416.0,71200768.0,143921152.0,154300416.0,48451584.0,0.23066052209214502,0.06334092881944445,0.091033935546875,0.15019395616319445,0.06754896375868055,0.05894300672743055,0.1191440158420139,0.09983198354816825,0.040110270182291664,0.0,0.0,0.0,0.0,0.0,0.0,0.0,0.0,0.0,0.0,0.0,0.0,0.0,0.0,0.0,0.0,0.0,0.0
1.0,1.0,2.0,2.0,1.0,1.0,3.0,2.0,1.0,0.05688280000000011,0.01367003333334651,0.014426866666661731,0.022581799999988068,0.017606933333335444,0.011581066666665644,0.029434966666663342,0.030828566666656107,0.010292333333332711,0.024731652173913092,0.005943492753628918,0.006557666666664423,0.010264454545449121,0.008003151515152475,0.005264121212120746,0.01337953030302879,0.014012984848480046,0.00467833333333305,317104128.0,76591104.0,106070016.0,182390784.0,81596416.0,71319552.0,144998400.0,152915968.0,48623616.0,0.22840941276435045,0.06340535481770833,0.08780924479166666,0.15099080403645831,0.06754896375868055,0.059041341145833336,0.12003580729166667,0.09893624915196744,0.040252685546875,0.0,0.0,0.0,0.0,0.0,0.0,0.0,0.0,0.0,0.0,0.0,0.0,0.0,0.0,0.0,0.0,0.0,0.0
1.0,1.0,1.0,2.0,1.0,1.0,3.0,2.0,1.0,0.0651282333333332,0.010770433333330704,0.012508166666657416,0.01758829999999705,0.016904333333332033,0.01292496666666807,0.03040546666667012,0.031620133333339594,0.017635133333336245,0.02831662318840574,0.004682797101448133,0.0056855303030260975,0.007994681818180475,0.007683787878787287,0.005874984848485486,0.013820666666668237,0.014372787878790724,0.008015969696971022,319381504.0,74657792.0,61255680.0,182169600.0,76644352.0,71921664.0,146104320.0,155025408.0,49737728.0,0.2300498017371601,0.061804877387152776,0.050710042317708336,0.15080769856770831,0.0634494357638889,0.059539794921875,0.12095133463541667,0.10030105156037991,0.041174994574652776,0.0,0.0,0.0,0.0,0.0,0.0,0.0,0.0,0.0,0.0,0.0,0.0,0.0,0.0,0.0,0.0,0.0,0.0
1.0,1.0,1.0,1.0,1.0,1.0,1.0,1.0,1.0,0.045532400000000216,0.011982266666670209,0.010445133333344831,0.010385866666668638,0.016100800000000012,0.013473733333334318,0.01372553333333902,0.017749133333321274,0.014234466666664503,0.01979669565217401,0.005209681159421831,0.004747787878793105,0.00472084848484938,0.0073185454545454595,0.0061244242424246895,0.006238878787881372,0.008067787878782396,0.006470212121211137,319832064.0,75522048.0,61497344.0,111190016.0,79298560.0,73375744.0,52371456.0,82939904.0,51367936.0,0.23037433912386707,0.06252034505208333,0.050910101996527776,0.09204779730902778,0.0656467013888889,0.06074354383680555,0.043355305989583336,0.053661910617367706,0.04252454969618055,0.0,0.0,0.0,0.0,0.0,0.0,0.0,0.0,0.0,0.0,0.0,0.0,0.0,0.0,0.0,0.0,0.0,0.0
1.0,1.0,1.0,1.0,1.0,1.0,1.0,1.0,1.0,0.04911083333333342,0.012370133333327734,0.01273796666666082,0.011882500000001527,0.015118066666665679,0.009338999999999941,0.011917899999995521,0.01871890000000652,0.013470766666663773,0.021352536231884097,0.005378318840577276,0.0057899848484821905,0.005401136363637057,0.006871848484848035,0.004244999999999973,0.005417227272725237,0.008508590909093871,0.006123075757574442,320548864.0,73900032.0,57909248.0,108138496.0,79372288.0,73732096.0,51843072.0,80760832.0,54546432.0,0.23089064860271905,0.061177571614583336,0.04793972439236111,0.08952162000868055,0.0657077365451389,0.06103854709201389,0.042917887369791664,0.05225205647896879,0.045155843098958336,0.0,0.0,0.0,0.0,0.0,0.0,0.0,0.0,0.0,0.0,0.0,0.0,0.0,0.0,0.0,0.0,0.0,0.0
1.0,1.0,1.0,1.0,1.0,1.0,1.0,1.0,1.0,0.04864403333333343,0.011784299999999349,0.011187166666665386,0.006345133333343256,0.015849966666667114,0.0108175000000017,0.011608866666665562,0.018014433333337364,0.012344233333332491,0.02114957971014497,0.005123608695651891,0.005085075757575175,0.002884151515156025,0.007204530303030506,0.004917045454546227,0.005276757575757073,0.00818837878788062,0.005611015151514768,320765952.0,74211328.0,58032128.0,108236800.0,79503360.0,73809920.0,52502528.0,80977920.0,54439936.0,0.2310470166163142,0.06143527560763889,0.048041449652777776,0.0896030002170139,0.06581624348958333,0.061102973090277776,0.043463812934027776,0.0523925118724559,0.045067681206597224,0.0,0.0,0.0,0.0,0.0,0.0,0.0,0.0,0.0,0.0,0.0,0.0,0.0,0.0,0.0,0.0,0.0,0.0
1.0,1.0,1.0,1.0,1.0,1.0,1.0,1.0,1.0,0.048631933333333655,0.01141333333333326,0.012443966666675502,0.006220166666662408,0.019979799999998705,0.009777700000000777,0.013143133333339089,0.018194166666656506,0.006357033333335948,0.021144318840579854,0.004962318840579678,0.0056563484848525004,0.0028273484848465487,0.009081727272726683,0.004444409090909444,0.005974151515154131,0.008270075757571138,0.0028895606060617947,317075456.0,69378048.0,54722560.0,104075264.0,74121216.0,70676480.0,47656960.0,76259328.0,54394880.0,0.22838876038519637,0.05743408203125,0.04530164930555555,0.08615790473090278,0.061360677083333336,0.058508978949652776,0.039452446831597224,0.04933959464043419,0.04503038194444445,0.0,0.0,0.0,0.0,0.0,0.0,0.0,0.0,0.0,0.0,0.0,0.0,0.0,0.0,0.0,0.0,0.0,0.0
1.0,1.0,1.0,1.0,1.0,1.0,1.0,1.0,1.0,0.03199389999999956,0.010808466666670331,0.011864133333331969,0.006537833333322851,0.023280733333335017,0.009260100000000193,0.012999299999986154,0.012710000000000339,0.011271133333332272,0.013910391304347637,0.0046993333333349265,0.005392787878787258,0.002971742424237659,0.01058215151515228,0.004209136363636451,0.005908772727266433,0.005777272727272881,0.005123242424241942,317247488.0,69693440.0,55197696.0,104140800.0,74493952.0,70815744.0,55500800.0,76398592.0,51605504.0,0.22851267466012085,0.05769517686631945,0.045694986979166664,0.086212158203125,0.061669243706597224,0.058624267578125,0.04594590928819445,0.04942969810040706,0.04272121853298611,0.0,0.0,0.0,0.0,0.0,0.0,0.0,0.0,0.0,0.0,0.0,0.0,0.0,0.0,0.0,0.0,0.0,0.0
1.0,1.0,1.0,1.0,1.0,1.0,1.0,1.0,1.0,0.04900060000000034,0.015796833333327716,0.011230566666669498,0.010855800000005425,0.01638856666666773,0.010874066666667659,0.010523566666673407,0.017439266666663872,0.011962733333333139,0.021304608695652327,0.00686818840579466,0.005104803030304317,0.004934454545457012,0.007449348484848968,0.004942757575758026,0.004783439393942457,0.007926939393938124,0.005437606060605972,317784064.0,70160384.0,55771136.0,104148992.0,74592256.0,71417856.0,55517184.0,76775424.0,51408896.0,0.22889916918429004,0.058081732855902776,0.04616970486111111,0.08621893988715278,0.06175062391493055,0.059122721354166664,0.04595947265625,0.04967350746268657,0.04255845811631945,0.0,0.0,0.0,0.0,0.0,0.0,0.0,0.0,0.0,0.0,0.0,0.0,0.0,0.0,0.0,0.0,0.0,0.0
